Log ID,Date,Lifecycle Type,Category,Vegetable / Crop,Variety,Bed / Row,Quantity,Weight (lbs),Notes,Plant ID,GPS Latitude,GPS Longitude
164,2014-10-12,plant,Garlic,Garlic,Music,Garlic,200,0,Emerged on April 5th 2015,121,43.19327114915495,-77.37052112817764
165,2014-10-12,plant,Garlic,Garlic,German Red,Garlic,280,0,,120,43.19326137184496,-77.37053722143173
166,2015-03-21,sow,Onions,Yellow Onions,Cortland,,2000,0,,33,43.19365620000000,-77.37058820000000
167,2015-03-21,sow,Onions,Red Onions,Red Wing,,2000,0,,138,43.18397890000000,-77.35540170000000
168,2015-03-21,sow,Onions,Sweet Onions,Walla Walla,,2000,0,,32,43.19360162131166,-77.37053990364075
169,2015-03-21,sow,Leeks,Leeks,Pandora,,1800,0,,30,43.19358402224783,-77.37046748399734
178,2015-03-23,sow,Broccoli,Broccoli,Blue Wind,,360,0,,17,43.19318600000000,-77.37041990000000
179,2015-03-24,sow,Broccoli,Broccoli,Belstar,,504,0,,16,43.19312290000000,-77.37060640000000
180,2015-03-24,sow,Cabbage,Green Cabbage,Farao,,108,0,,128,43.19312380000000,-77.37060450000000
181,2015-03-24,sow,Cabbage,Red Cabbage,Red Express,,108,0,,129,43.19312410000000,-77.37060520000000
182,2015-03-24,sow,Cauliflower,Cauliflower,Janvel,,360,0,,115,43.19312430000000,-77.37060560000000
183,2015-03-24,sow,Peppers,Hot Peppers,Jalafuego,,50,0,,45,43.19312420000000,-77.37060560000000
184,2015-03-24,sow,Peppers,Hot Peppers,Cheyenne,,50,0,,46,43.19360570000000,-77.37051400000000
185,2015-03-24,sow,Peppers,Mini Peppers,Lunchbox,,100,0,,136,43.19312430000000,-77.37060250000000
186,2015-03-24,sow,Peppers,Bell Peppers,X3R Red Knight,,100,0,,42,43.19312430000000,-77.37060450000000
187,2015-03-24,sow,Peppers,Bell Peppers,Olympus,,504,0,,40,43.19312650000000,-77.37060150000000
188,2015-03-24,sow,Peppers,Bell Peppers,Carmen,,100,0,,44,43.19312290000000,-77.37060640000000
189,2015-03-24,sow,Eggplant,Purple Eggplant,Classic,,288,0,,56,43.19312670000000,-77.37060680000000
194,2015-03-24,sow,Peppers,Hot Peppers,Ghost,,6,0,,159,43.19312440000000,-77.37060510000000
195,2015-03-24,sow,Peppers,Bell Peppers,Gourmet,,100,0,,41,43.19312440000000,-77.37060510000000
196,2015-03-25,sow,Beets,Golden Beets,Touchstone,,1000,0,,26,43.19310560000000,-77.37060410000000
197,2015-03-25,sow,Beets,Red Beets,Boro,,1000,0,,25,43.19368460000000,-77.37049680000000
199,2015-03-26,sow,Greens,Asian Greens,Win Win,,144,0,,63,43.18397890000000,-77.35540170000000
205,2015-03-30,sow,Greens,Swiss Chard,Bright Lights,,256,0,,60,43.18397890000000,-77.35540170000000
207,2015-04-04,sow,Kale,Green Kale,Vates,,256,0,,21,43.18397890000000,-77.35540170000000
209,2015-04-04,sow,Tomatoes,Slicer Tomatoes,Celebrity,,200,0,,66,43.18397890000000,-77.35540170000000
210,2015-04-04,sow,Tomatoes,Slicer Tomatoes,Mountain Fresh Plus,,200,0,,142,43.18397890000000,-77.35540170000000
211,2015-04-07,sow,Lettuce,Green Leaf,Two Star,GH-Lettuce,250,0,,2,43.18397890000000,-77.35540170000000
212,2015-04-07,sow,Lettuce,Red Leaf,Vulcan,GH-Lettuce,250,0,,5,43.18397890000000,-77.35540170000000
213,2015-04-07,sow,Lettuce,Romaine,Green Forest,GH-Lettuce,250,0,,10,43.18397890000000,-77.35540170000000
214,2015-04-07,sow,Lettuce,Mini Romaine,Breen,GH-Lettuce,250,0,,9,43.18397890000000,-77.35540170000000
215,2015-04-07,sow,Lettuce,Mini Romaine,Dragoon,GH-Lettuce,250,0,,8,43.18397890000000,-77.35540170000000
216,2015-04-07,sow,Lettuce,Salanova,Premier Collection,GH-Lettuce,200,0,,1,43.18397890000000,-77.35540170000000
217,2015-04-07,sow,Leeks,Leeks,Lexton,,1000,0,,31,43.19367380000000,-77.37061240000000
218,2015-04-07,sow,Lettuce,Romaine,Cosmo,,200,0,,135,43.19312990000000,-77.37061150000000
224,2015-04-17,sow,Lettuce,Romaine,Coastal Star,GH-Lettuce,400,0,,11,43.19302760000000,-77.37054530000000
219,2015-04-19,sow,Beets,Red Beets,Boro,,1000,0,,25,43.18397890000000,-77.35540170000000
220,2015-04-19,sow,Beets,Golden Beets,Touchstone,,1000,0,,26,43.18397890000000,-77.35540170000000
221,2015-04-19,sow,Kale,Red Kale,Red Russian,,256,0,,22,43.18397890000000,-77.35540170000000
222,2015-04-23,sow,Lettuce,Green Leaf,Two Star,GH-Lettuce,250,0,,2,43.19302300000000,-77.37053139999999
223,2015-04-23,sow,Lettuce,Red Leaf,Vulcan,GH-Lettuce,250,0,,5,43.19301930000000,-77.37053650000000
225,2015-04-23,sow,Lettuce,Salanova,Premier Collection,GH-Lettuce,200,0,,1,43.19304060000000,-77.37060660000000
226,2015-04-26,plant,Greens,Asian Greens,Win Win,CO1,109,0,,63,43.19310740000000,-77.37054130000000
227,2015-04-26,plant,Potatoes,Red Potatoes,Norlands,PO1,0,25,,36,43.18397890000000,-77.35540170000000
228,2015-04-26,plant,Potatoes,Red Potatoes,Norlands,PO2,0,25,,36,43.18397890000000,-77.35540170000000
229,2015-04-26,plant,Potatoes,Red Potatoes,Norlands,PO3,0,25,,36,43.18397890000000,-77.35540170000000
230,2015-04-26,plant,Potatoes,Red Potatoes,Norlands,PO4,0,25,,36,43.18397890000000,-77.35540170000000
231,2015-04-26,plant,Potatoes,Russet Potatoes,Russet Burbank,PO5,0,21,,38,43.18397890000000,-77.35540170000000
232,2015-04-26,plant,Potatoes,Russet Potatoes,Russet Burbank,PO6,0,21,,38,43.18397890000000,-77.35540170000000
233,2015-04-26,plant,Potatoes,Russet Potatoes,Russet Burbank,PO7,0,21,,38,43.18397890000000,-77.35540170000000
234,2015-04-26,plant,Potatoes,Russet Potatoes,Russet Burbank,PO8,0,21,,38,43.18397890000000,-77.35540170000000
235,2015-04-26,plant,Potatoes,White Potatoes,Kennebec,PO9,0,22,,37,43.18397890000000,-77.35540170000000
236,2015-04-26,plant,Potatoes,White Potatoes,Kennebec,PO10,0,22,,37,43.18397890000000,-77.35540170000000
237,2015-04-26,plant,Potatoes,White Potatoes,Kennebec,PO11,0,22,,37,43.18397890000000,-77.35540170000000
238,2015-04-26,plant,Potatoes,White Potatoes,Kennebec,PO12,0,22,,37,43.18397890000000,-77.35540170000000
239,2015-04-26,plant,Potatoes,Purple Potatoes,Purple Majesty,PO13,0,23,,39,43.18397890000000,-77.35540170000000
240,2015-04-26,plant,Potatoes,Purple Potatoes,Purple Majesty,PO14,0,23,,39,43.18397890000000,-77.35540170000000
241,2015-04-26,plant,Greens,Asian Greens,Win Win,CO2,24,0,Black flea bettle issues; need to be covered immediately next year to give them a good chance,63,43.18397890000000,-77.35540170000000
243,2015-04-27,sow,Melons,Cantaloupe,Athena,,250,0,,124,43.19355700000000,-77.37035130000000
244,2015-04-27,sow,Melons,Specialty Melons,Natal Canary,,50,0,,130,43.19309760000000,-77.37051960000000
245,2015-04-27,sow,Melons,Watermelons,Solitare,,100,0,,57,43.19305360000000,-77.37050570000000
256,2015-04-27,plant,Broccoli,Broccoli,Blue Wind,CO3,103,0,,17,43.18848280000000,-77.36499520000000
257,2015-04-27,plant,Broccoli,Broccoli,Blue Wind,CO4,101,0,,17,43.18840830000000,-77.36522420000000
258,2015-04-27,plant,Broccoli,Broccoli,Blue Wind,CO2,84,0,,17,43.18839850000000,-77.36522350000000
259,2015-04-27,plant,Broccoli,Broccoli,Blue Wind,CO5,10,0,,17,43.18838510000000,-77.36525200000000
260,2015-04-27,plant,Broccoli,Broccoli,Belstar,CO5,85,0,,16,43.18843260000000,-77.36527170000000
246,2015-04-28,plant,Broccoli,Broccoli,Belstar,CO7,102,0,,16,43.18833870000000,-77.36495930000000
250,2015-04-28,plant,Broccoli,Broccoli,Belstar,CO8,102,0,,16,43.18837114581958,-77.36527071415560
251,2015-04-28,plant,Broccoli,Broccoli,Belstar,CO9,69,0,,16,43.18803790000000,-77.36477330000000
252,2015-04-28,plant,Cauliflower,Cauliflower,Janvel,CO9,36,0,,115,43.18837020000000,-77.36509420000000
253,2015-04-28,plant,Cauliflower,Cauliflower,Janvel,CO10,110,0,,115,43.18835880000000,-77.36512640000000
254,2015-04-28,plant,Cauliflower,Cauliflower,Janvel,CO11,113,0,,115,43.18834700000000,-77.36515010000000
255,2015-04-28,plant,Cauliflower,Cauliflower,Janvel,CO12,85,0,,115,43.18833580000000,-77.36514370000000
261,2015-04-28,plant,Broccoli,Broccoli,Belstar,CO6,102,0,,16,43.18841690000000,-77.36523820000000
262,2015-04-28,sow,Cucumbers,Specialty Cuke,Lemon,,50,0,,54,43.19308130000000,-77.37042160000000
263,2015-04-28,sow,Cucumbers,Slicer Cuke,Marketmore 97,,160,0,,52,43.19307420000000,-77.37038670000000
264,2015-04-28,sow,Cucumbers,Mini Cuke,Picolino,,50,0,,50,43.19309020000000,-77.37044970000000
265,2015-04-28,sow,Cucumbers,Slicer Cuke,SV4719CS,,200,0,,51,43.19308320000000,-77.37040620000000
266,2015-04-29,plant,Lettuce,Green Leaf,Two Star,LT1,182,0,,2,43.20484880000000,-77.45614230000000
267,2015-04-29,plant,Lettuce,Red Leaf,Vulcan,LT1,199,0,,5,43.20490610000000,-77.45605580000000
268,2015-04-29,sow,Squash,Summer Squash,Multipik,,100,0,,49,43.19302030000000,-77.37052820000000
269,2015-04-29,sow,Squash,Zucchini,Elite,,100,0,,47,43.19302300000000,-77.37052750000000
270,2015-04-29,sow,Squash,Zucchini,Spineless Perfection,,100,0,,48,43.19302290000000,-77.37053050000000
272,2015-04-30,plant,Lettuce,Romaine,Green Forest,LT1,87,0,,10,43.18791550000000,-77.36460480000000
273,2015-04-30,plant,Lettuce,Romaine,Cosmo,LT1,172,0,,135,43.18801100000000,-77.36452170000000
274,2015-04-30,plant,Lettuce,Salanova,Premier Collection,LT2,182,0,,1,43.18803790000000,-77.36477330000000
275,2015-04-30,plant,Cabbage,Red Cabbage,Red Express,CO12,25,0,,129,43.19737770000000,-77.38579030000000
276,2015-04-30,plant,Cabbage,Red Cabbage,Red Express,CO13,78,0,,129,43.19737770000000,-77.38579030000000
277,2015-04-30,plant,Cabbage,Green Cabbage,Farao,CO13,29,0,,128,43.19737770000000,-77.38579030000000
278,2015-04-30,plant,Cabbage,Green Cabbage,Farao,CO14,79,0,,128,43.19737770000000,-77.38579030000000
279,2015-04-30,plant,Lettuce,Mini Romaine,Dragoon,LT2,183,0,,8,43.19737770000000,-77.38579030000000
280,2015-04-30,plant,Lettuce,Mini Romaine,Breen,LT2,207,0,,9,43.19737770000000,-77.38579030000000
281,2015-05-01,sow,Kale,Red Kale,Red Russian,,256,0,,22,43.18397890000000,-77.35540170000000
282,2015-05-02,plant,Greens,Swiss Chard,Bright Lights,CV1,174,0,,60,43.20224750000000,-77.40406440000000
283,2015-05-02,plant,Greens,Swiss Chard,Bright Lights,CV2,23,0,,60,43.20224750000000,-77.40406440000000
284,2015-05-02,plant,Beets,Red Beets,Boro,BT2,696,0,,25,43.20224750000000,-77.40406440000000
286,2015-05-03,plant,Beets,Red Beets,Boro,BT1,20,0,,25,43.18885870000000,-77.35540170000000
287,2015-05-03,plant,Beets,Golden Beets,Touchstone,BT1,651,0,,26,43.18885870000000,-77.35540170000000
289,2015-05-04,plant,Kale,Green Kale,Vates,CV2,150,0,,21,43.18397890000000,-77.35540170000000
290,2015-05-04,plant,Kale,Green Kale,Vates,CO15,82,0,,21,43.18397890000000,-77.35540170000000
291,2015-05-04,plant,Kale,Toscano Kale,Toscano,CO15,91,0,,23,43.18397890000000,-77.35540170000000
292,2015-05-04,plant,Kale,Toscano Kale,Toscano,CO16,139,0,,23,43.18397890000000,-77.35540170000000
293,2015-05-07,sow,Lettuce,Red Leaf,New Red Fire,,250,0,,76,43.19297770000000,-77.37055140000001
294,2015-05-07,sow,Lettuce,Green Leaf,Tropicana,,250,0,,3,43.19300500000000,-77.37049250000000
295,2015-05-07,sow,Lettuce,Mini Romaine,Dragoon,,250,0,,8,43.19298010000000,-77.37054719999999
296,2015-05-07,sow,Lettuce,Mini Romaine,Breen,,250,0,,9,43.19300280000000,-77.37047770000000
297,2015-05-07,sow,Lettuce,Romaine,Helvius,,250,0,,12,43.19298010000000,-77.37054719999999
298,2015-05-07,sow,Lettuce,Salanova,Premier Collection,,200,0,,1,43.19298080000000,-77.37055010000000
299,2015-05-08,plant,Tomatoes,Cherry Tomatoes,Esterina,TM1,76,0,,68,43.18803790000000,-77.36477330000000
300,2015-05-08,plant,Tomatoes,Plum Tomatoes,San Marzano,TM2,34,0,,137,43.18803790000000,-77.36477330000000
301,2015-05-08,plant,Tomatoes,Specialty Tomatoes,Indigo Kumquat,TM2,17,0,,140,43.18803790000000,-77.36477330000000
302,2015-05-08,plant,Tomatoes,Specialty Tomatoes,Indigo Rose,TM2,21,0,,139,43.18803790000000,-77.36477330000000
303,2015-05-08,plant,Tomatoes,Cherry Tomatoes,Sakura,TM3,86,0,,67,43.19191730000000,-77.36596690000000
304,2015-05-08,plant,Tomatoes,Slicer Tomatoes,Mountain Fresh Plus,TM4,96,0,,142,43.19191690000000,-77.36596770000000
305,2015-05-08,plant,Tomatoes,Slicer Tomatoes,Mountain Fresh Plus,TM5,94,0,,142,43.18803790000000,-77.36477330000000
306,2015-05-08,plant,Tomatoes,Cherry Tomatoes,Sakura,TM2,7,0,,67,43.19191850000000,-77.36595820000000
444,2015-05-09,plant,Radishes,Radishes,Celesta,RT1,1000,0,,35,43.16641850000000,-77.35163349999999
466,2015-05-09,plant,Carrots,Orange Carrots,Jeannette,CT1,2500,0,Precision seeded,27,43.18839207683708,-77.36601769924164
836,2015-05-09,plant,Onions,Bunching Onions,Pride,BO1,1500,0,,34,43.18397890000000,-77.35540170000000
307,2015-05-10,plant,Tomatoes,Slicer Tomatoes,Mountain Fresh Plus,TM6,96,0,,142,43.18803790000000,-77.36477330000000
308,2015-05-10,plant,Tomatoes,Slicer Tomatoes,Mountain Fresh Plus,TM7,44,0,,142,43.18803790000000,-77.36477330000000
309,2015-05-10,plant,Tomatoes,Slicer Tomatoes,Defiant,TM7,59,0,,64,43.18803790000000,-77.36477330000000
310,2015-05-10,plant,Tomatoes,Slicer Tomatoes,Defiant,TM8,105,0,,64,43.18803790000000,-77.36477330000000
311,2015-05-10,plant,Tomatoes,Slicer Tomatoes,Defiant,TM9,82,0,,64,43.18803790000000,-77.36477330000000
312,2015-05-10,plant,Tomatoes,Slicer Tomatoes,Celebrity,TM9,9,0,,66,43.18803790000000,-77.36477330000000
314,2015-05-10,plant,Tomatoes,Slicer Tomatoes,Celebrity,TM10,106,0,,66,43.18438870000000,-77.35540170000000
315,2015-05-10,plant,Tomatoes,Slicer Tomatoes,Celebrity,TM11,107,0,,66,43.18438870000000,-77.35540170000000
316,2015-05-10,plant,Tomatoes,Slicer Tomatoes,Celebrity,TM12,68,0,,66,43.18438870000000,-77.35540170000000
317,2015-05-11,plant,Onions,Yellow Onions,Cortland,ON1,378,0,,33,43.19775060000000,-77.34716960000000
318,2015-05-11,plant,Onions,Sweet Onions,Walla Walla,ON1,329,0,,32,43.19775060000000,-77.34716960000000
319,2015-05-11,plant,Onions,Red Onions,Red Wing,ON1,150,0,,138,43.19774560000000,-77.34712480000000
320,2015-05-12,plant,Onions,Red Onions,Red Wing,ON1,372,0,,138,43.18798330000000,-77.35540170000000
321,2015-05-12,plant,Onions,Red Onions,Red Wing,ON2,284,0,,138,43.18803790000000,-77.36477330000000
322,2015-05-12,plant,Onions,Yellow Onions,Cortland,ON2,159,0,,33,43.18798330000000,-77.35540170000000
323,2015-05-12,plant,Onions,Sweet Onions,Walla Walla,ON2,161,0,,32,43.18798330000000,-77.35540170000000
324,2015-05-12,sow,Squash,Winter Squash,Butterscotch PMR,,250,0,,125,43.19280680000000,-77.35540170000000
325,2015-05-12,sow,Squash,Winter Squash,Sugarbush,,250,0,,132,43.19280680000000,-77.35540170000000
326,2015-05-12,sow,Squash,Winter Squash,Delicata JS,,250,0,,133,43.19280680000000,-77.35540170000000
327,2015-05-12,sow,Squash,Winter Squash,Spaghetti Squash,,120,0,,134,43.19280680000000,-77.35540170000000
328,2015-05-14,plant,Leeks,Leeks,Pandora,ON2,639,0,,30,43.18397890000000,-77.35540170000000
329,2015-05-14,plant,Leeks,Leeks,Pandora,ON3,314,0,,30,43.18397890000000,-77.35540170000000
330,2015-05-14,plant,Onions,Sweet Onions,Walla Walla,ON3,162,0,,32,43.18397890000000,-77.35540170000000
331,2015-05-16,plant,Onions,Sweet Onions,Walla Walla,ON3,369,0,,32,43.18803790000000,-77.36477330000000
332,2015-05-16,plant,Onions,Yellow Onions,Cortland,ON3,438,0,,33,43.18803790000000,-77.36477330000000
333,2015-05-16,plant,Lettuce,Green Leaf,Two Star,LT3,220,0,,2,43.18803790000000,-77.36477330000000
334,2015-05-16,plant,Lettuce,Red Leaf,Vulcan,LT3,240,0,,5,43.18803790000000,-77.36477330000000
335,2015-05-16,plant,Lettuce,Romaine,Coastal Star,LT4,158,0,,11,43.18803790000000,-77.36477330000000
336,2015-05-16,plant,Lettuce,Romaine,Coastal Star,LT3,160,0,,11,43.18803790000000,-77.36477330000000
337,2015-05-16,plant,Lettuce,Romaine,Coastal Star,LT2,59,0,,11,43.18803790000000,-77.36477330000000
338,2015-05-16,plant,Cucumbers,Slicer Cuke,SV4719CS,CU1,200,0,,51,43.18397890000000,-77.35540170000000
339,2015-05-16,plant,Squash,Zucchini,Elite,SQ1,100,0,,47,43.18397890000000,-77.35540170000000
340,2015-05-16,plant,Squash,Zucchini,Spineless Perfection,SQ2,96,0,,48,43.18397890000000,-77.35540170000000
341,2015-05-16,plant,Squash,Summer Squash,Multipik,SQ3,96,0,,49,43.18397890000000,-77.35540170000000
342,2015-05-16,plant,Lettuce,Salanova,Premier Collection,LT4,194,0,,1,43.18397890000000,-77.35540170000000
343,2015-05-16,sow,Pumpkins,Pumpkins,OSC 8878,,200,0,,166,43.19299670000000,-77.37047030000000
344,2015-05-16,sow,Pumpkins,Pumpkins,OSC 8880,,200,0,,165,43.19302940000000,-77.37028420000000
345,2015-05-16,sow,Tomatoes,Slicer Tomatoes,Sunbrite,,50,0,,167,43.19302810000001,-77.37026759999999
346,2015-05-17,plant,Cucumbers,Slicer Cuke,Marketmore 97,CU1,32,0,,52,43.18397890000000,-77.35540170000000
347,2015-05-17,plant,Cucumbers,Slicer Cuke,Marketmore 97,CU2,100,0,,52,43.18397890000000,-77.35540170000000
348,2015-05-17,plant,Cucumbers,Mini Cuke,Picolino,CU2,44,0,,50,43.18397890000000,-77.35540170000000
349,2015-05-17,plant,Cucumbers,Specialty Cuke,Lemon,CU2,46,0,,54,43.18397890000000,-77.35540170000000
350,2015-05-18,plant,Onions,Sweet Onions,Walla Walla,ON4,690,0,,32,43.18803790000000,-77.36477330000000
351,2015-05-18,plant,Onions,Red Onions,Red Wing,ON4,361,0,,138,43.18803790000000,-77.36477330000000
352,2015-05-18,plant,Onions,Yellow Onions,Cortland,ON4,270,0,,33,43.18803790000000,-77.36477330000000
353,2015-05-18,plant,Onions,Yellow Onions,Cortland,ON5,179,0,,33,43.18803790000000,-77.36477330000000
354,2015-05-18,plant,Leeks,Leeks,Pandora,ON5,331,0,,30,43.19302910000000,-77.37039709999999
355,2015-05-18,plant,Leeks,Leeks,Lexton,ON5,165,0,,31,43.19303810000000,-77.37047040000000
356,2015-05-18,harvest,Lettuce,Salanova,Premier Collection,LT2,24,0,,1,43.19303860000000,-77.37046330000000
357,2015-05-19,plant,Leeks,Leeks,Pandora,ON5,160,0,,30,43.18803790000000,-77.36477330000000
358,2015-05-19,plant,Melons,Specialty Melons,Natal Canary,M3,23,0,,130,43.18803790000000,-77.36477330000000
360,2015-05-19,plant,Melons,Watermelons,Solitare,M3,34,0,,57,43.18803790000000,-77.36477330000000
361,2015-05-19,plant,Melons,Watermelons,Solitare,M4,5,0,,57,43.18803790000000,-77.36477330000000
362,2015-05-19,plant,Melons,Cantaloupe,Athena,M2,58,0,,124,43.18987020000000,-77.36621470000000
363,2015-05-19,plant,Melons,Cantaloupe,Athena,M1,59,0,,124,43.18988870000000,-77.36625020000000
364,2015-05-19,plant,Kale,Red Kale,Red Russian,CO16,30,0,,22,43.18823150000000,-77.36519790000000
365,2015-05-19,plant,Kale,Red Kale,Red Russian,CO17,150,0,,22,43.18820870000000,-77.36518960000000
366,2015-05-20,plant,Beans,Green Beans,Provider,BN1,1700,0,hand planted 2 1.75 rows 65 ft long ,70,43.18398840000000,-77.35598499999999
367,2015-05-20,plant,Beans,Yellow Beans,Rocdor,BN2,1000,0, Hand planted 1.2 rows 65 ft long,71,43.18398840000000,-77.35598499999999
368,2015-05-21,sow,Lettuce,Red Leaf,New Red Fire,,256,0,,76,43.18398840000000,-77.35598499999999
369,2015-05-21,sow,Lettuce,Green Leaf,Tropicana,,250,0,,3,43.18398840000000,-77.35598499999999
370,2015-05-21,sow,Lettuce,Romaine,Coastal Star,,250,0,,11,43.18398840000000,-77.35598499999999
371,2015-05-21,sow,Lettuce,Salanova,Premier Collection,,200,0,,1,43.18398840000000,-77.35598499999999
372,2015-05-23,plant,Eggplant,Purple Eggplant,Classic,P1,269,0,,56,43.18816160000000,-77.36498640000000
373,2015-05-23,plant,Peppers,Mini Peppers,Lunchbox,P1,63,0,,136,43.18826860000000,-77.36469200000000
374,2015-05-23,plant,Peppers,Mini Peppers,Lunchbox,P2,28,0,,136,43.18812670000000,-77.36460440000000
375,2015-05-23,plant,Peppers,Bell Peppers,X3R Red Knight,P2,89,0,,42,43.18810200000000,-77.36458580000000
376,2015-05-23,plant,Peppers,Bell Peppers,Gourmet,P2,98,0,,41,43.18816180000000,-77.36473020000000
377,2015-05-23,plant,Peppers,Bell Peppers,Carmen,P2,104,0,,44,43.18803790000000,-77.36477330000000
378,2015-05-23,plant,Peppers,Hot Peppers,Cheyenne,P3,42,0,,46,43.18820250000000,-77.36461630000000
379,2015-05-23,plant,Peppers,Hot Peppers,Jalafuego,P3,56,0,,45,43.18820190000000,-77.36460310000000
380,2015-05-23,plant,Peppers,Bell Peppers,Olympus,P3,246,0,,40,43.18826080000000,-77.36477510000000
381,2015-05-23,plant,Peppers,Bell Peppers,Olympus,P4,218,0,,40,43.18825960000000,-77.36478630000000
454,2015-05-23,shrink,Cabbage,Green Cabbage,Farao,CO14,79,0,Low temp of 26 degrees,128,43.16641850000000,-77.35163349999999
455,2015-05-23,shrink,Cabbage,Green Cabbage,Farao,CO13,29,0,Low temp of 26,128,43.16641850000000,-77.35163349999999
457,2015-05-23,shrink,Cabbage,Red Cabbage,Red Express,CO13,78,0,Low temp of 26,129,43.16641850000000,-77.35163349999999
458,2015-05-23,shrink,Cabbage,Red Cabbage,Red Express,CO12,25,0,Low temp of 26,129,43.16641850000000,-77.35163349999999
459,2015-05-23,shrink,Cauliflower,Cauliflower,Janvel,CO12,85,0,Low temp of 26,115,43.16641850000000,-77.35163349999999
460,2015-05-23,shrink,Cauliflower,Cauliflower,Janvel,CO11,113,0,Low temp of 26,115,43.16641850000000,-77.35163349999999
461,2015-05-23,shrink,Cauliflower,Cauliflower,Janvel,CO10,110,0,Low temp of 26,115,43.16641850000000,-77.35163349999999
462,2015-05-23,shrink,Cauliflower,Cauliflower,Janvel,CO9,36,0,Low temp of 26,115,43.16641850000000,-77.35163349999999
382,2015-05-25,sow,Greens,Swiss Chard,Bright Lights,,256,0,,60,43.19357560000000,-77.37037290000000
383,2015-05-25,sow,Beets,Red Beets,Boro,,800,0,,25,43.18803790000000,-77.36477330000000
384,2015-05-25,sow,Beets,Golden Beets,Touchstone,,800,0,,26,43.19348680000000,-77.37078300000000
385,2015-05-25,sow,Lettuce,Salanova,Premier Collection,,200,0,,1,43.19309700000000,-77.37057960000000
386,2015-05-26,plant,Beets,Golden Beets,Touchstone,BT3,630,0,,26,43.19310070000000,-77.37055730000000
387,2015-05-26,plant,Beets,Red Beets,Boro,BT3,160,0,,25,43.19310200000000,-77.37052229999999
388,2015-05-26,plant,Beets,Red Beets,Boro,ON5,462,0,,25,43.19310200000000,-77.37052229999999
389,2015-05-26,sow,Cucumbers,Specialty Cuke,Lemon,,72,0,,54,43.19307370000000,-77.37055380000000
390,2015-05-26,sow,Cucumbers,Slicer Cuke,Marketmore 97,,144,0,,52,43.19309030000000,-77.37059980000000
391,2015-05-26,sow,Cucumbers,Slicer Cuke,SV4719CS,,144,0,,51,43.19305800000000,-77.37064180000000
392,2015-05-26,sow,Squash,Zucchini,Elite,,144,0,,47,43.19305930000000,-77.37059960000000
393,2015-05-26,sow,Squash,Zucchini,Spineless Perfection,,144,0,,48,43.19359660000000,-77.37053030000000
394,2015-05-26,sow,Squash,Summer Squash,Multipik,,144,0,,49,43.19309030000000,-77.37056320000000
395,2015-05-27,plant,Squash,Winter Squash,Spaghetti Squash,SQ8,52,0,,134,43.18427700000000,-77.35540180000000
396,2015-05-27,plant,Squash,Winter Squash,Spaghetti Squash,SQ7,9,0,,134,43.18427700000000,-77.35540180000000
397,2015-05-27,plant,Squash,Winter Squash,Sugarbush,SQ7,45,0,,132,43.18427700000000,-77.35540180000000
398,2015-05-27,plant,Squash,Winter Squash,Sugarbush,SQ6,35,0,,132,43.18427700000000,-77.35540180000000
399,2015-05-28,plant,Squash,Winter Squash,Butterscotch PMR,SQ6,17,0,,125,43.18397890000000,-77.35540170000000
400,2015-05-28,plant,Squash,Winter Squash,Butterscotch PMR,SQ5,54,0,,125,43.18397890000000,-77.35540170000000
401,2015-05-28,plant,Squash,Winter Squash,Butterscotch PMR,SQ4,9,0,,125,43.18397890000000,-77.35540170000000
402,2015-05-28,plant,Squash,Winter Squash,Delicata JS,SQ4,50,0,,133,43.18397890000000,-77.35540170000000
409,2015-05-28,harvest,Lettuce,Salanova,Premier Collection,LT2,72,0,,1,43.13901650000000,-77.27243290000000
403,2015-05-30,plant,Pumpkins,Pumpkins,OSC 8878,PP1,50,0,,166,43.13901650000000,-77.27243290000000
404,2015-05-30,plant,Pumpkins,Pumpkins,OSC 8878,PP2,50,0,,166,43.13901650000000,-77.27243290000000
405,2015-05-30,plant,Pumpkins,Pumpkins,OSC 8880,PP3,50,0,,165,43.13901650000000,-77.27243290000000
406,2015-05-30,plant,Pumpkins,Pumpkins,OSC 8880,PP4,50,0,,165,43.13901650000000,-77.27243290000000
407,2015-05-31,sow,Melons,Watermelons,Sorbet Swirl,,50,0,,168,43.19309180000000,-77.37057000000000
408,2015-05-31,sow,Burdock,Cardoons,Porto Spineless,,216,0,,170,43.19309560000000,-77.37056880000000
411,2015-06-01,harvest,Lettuce,Salanova,Premier Collection,LT2,24,0,,1,43.21157050000000,-77.53486650000000
412,2015-06-01,harvest,Lettuce,Green Leaf,Two Star,LT1,36,0,,2,43.20077560000000,-77.54893520000000
413,2015-06-01,harvest,Lettuce,Red Leaf,Vulcan,LT1,36,0,,5,43.18202570000000,-77.54333320000000
414,2015-06-01,harvest,Greens,Asian Greens,Win Win,CO1,3,0,,63,43.13901650000000,-77.27243290000000
415,2015-06-01,harvest,Greens,Asian Greens,Win Win,CO2,3,0,,63,43.13901650000000,-77.27243290000000
416,2015-06-01,harvest,Lettuce,Green Leaf,Two Star,LT1,3,0,,2,43.13901650000000,-77.27243290000000
417,2015-06-01,harvest,Lettuce,Red Leaf,Vulcan,LT1,3,0,,5,43.13901650000000,-77.27243290000000
418,2015-06-01,harvest,Lettuce,Salanova,Premier Collection,LT2,4,0,,1,43.13901650000000,-77.27243290000000
419,2015-06-02,plant,Lettuce,Romaine,Helvius,LT4,200,0,,12,43.13901650000000,-77.27243290000000
420,2015-06-03,plant,Lettuce,Green Leaf,Tropicana,LT4,66,0,,3,43.18808970000000,-77.36491240000000
421,2015-06-03,plant,Lettuce,Green Leaf,Tropicana,LT5,167,0,,3,43.18810940000000,-77.36491520000000
422,2015-06-03,plant,Lettuce,Red Leaf,New Red Fire,LT5,222,0,,76,43.18802680000000,-77.36512270000000
423,2015-06-03,plant,Lettuce,Salanova,Premier Collection,LT5,189,0,,1,43.18803730000000,-77.36513250000000
424,2015-06-03,plant,Lettuce,Mini Romaine,Dragoon,LT4,42,0,,8,43.18839207683708,-77.36601769924164
425,2015-06-03,plant,Lettuce,Mini Romaine,Dragoon,LT5,86,0,,8,43.19319820000000,-77.37053950000000
426,2015-06-03,plant,Lettuce,Mini Romaine,Breen,LT5,148,0,,9,43.19337720000000,-77.37077670000000
427,2015-06-04,plant,Kale,Red Kale,Red Russian,CO16,17,0,,22,43.12382600000000,-77.69661119999999
428,2015-06-04,plant,Kale,Red Kale,Red Russian,CO17,228,0,,22,43.12382600000000,-77.69661119999999
429,2015-06-04,harvest,Lettuce,Green Leaf,Two Star,LT1,13,0,,2,43.18893660000000,-77.36668270000000
430,2015-06-04,harvest,Lettuce,Green Leaf,Two Star,LT1,3,0,,2,43.13901650000000,-77.27243290000000
431,2015-06-04,harvest,Lettuce,Red Leaf,Vulcan,LT1,3,0,,5,43.13901650000000,-77.27243290000000
432,2015-06-05,harvest,Lettuce,Red Leaf,Vulcan,LT1,48,0,,5,43.19343770000000,-77.37040340000000
433,2015-06-05,harvest,Lettuce,Green Leaf,Two Star,LT1,28,0,,2,43.18839207683708,-77.36601769924164
434,2015-06-05,harvest,Lettuce,Green Leaf,Two Star,LT1,12,0,,2,43.19329250000000,-77.37086100000000
435,2015-06-05,harvest,Lettuce,Red Leaf,Vulcan,LT1,3,0,,5,43.19282070000000,-77.37049570000000
437,2015-06-07,sow,Lettuce,Green Leaf,Tropicana,,250,0,,3,43.16690460000000,-77.33402410000000
438,2015-06-07,sow,Lettuce,Red Leaf,New Red Fire,,250,0,,76,43.16690460000000,-77.33402410000000
439,2015-06-07,sow,Lettuce,Mini Romaine,Breen,,250,0,,9,43.16690460000000,-77.33402410000000
440,2015-06-07,sow,Lettuce,Mini Romaine,Dragoon,,250,0,,8,43.16690460000000,-77.33402410000000
441,2015-06-07,sow,Lettuce,Romaine,Coastal Star,,250,0,,11,43.16690460000000,-77.33402410000000
442,2015-06-07,sow,Lettuce,Salanova,Premier Collection,,200,0,,1,43.16690460000000,-77.33402410000000
443,2015-06-08,harvest,Greens,Swiss Chard,Bright Lights,CV1,4,0,4 bunches of 9,60,43.16641850000000,-77.35163349999999
445,2015-06-08,harvest,Radishes,Radishes,Celesta,RT1,150,7.04,,35,43.16641850000000,-77.35163349999999
446,2015-06-08,harvest,Lettuce,Green Leaf,Two Star,LT1,24,0,,2,43.16641850000000,-77.35163349999999
447,2015-06-08,harvest,Lettuce,Red Leaf,Vulcan,LT1,24,0,,5,43.16641850000000,-77.35163349999999
448,2015-06-08,harvest,Lettuce,Mini Romaine,Breen,LT2,15,0,,9,43.16641850000000,-77.35163349999999
450,2015-06-08,harvest,Lettuce,Red Leaf,Vulcan,LT1,2,0,,5,43.16641850000000,-77.35163349999999
451,2015-06-08,harvest,Lettuce,Mini Romaine,Dragoon,LT2,2,0,,8,43.16641850000000,-77.35163349999999
452,2015-06-08,harvest,Lettuce,Romaine,Cosmo,LT1,2,0,,135,43.16641850000000,-77.35163349999999
463,2015-06-08,sow,Kale,White Kale,White Russian,,256,0,,173,43.19309620000000,-77.37051940000000
464,2015-06-08,sow,Kale,Green Kale,Vates,,256,0,,21,43.19361430000000,-77.37057890000000
465,2015-06-08,sow,Kale,Toscano Kale,Toscano,,256,0,,23,43.19308750000000,-77.37050550000000
486,2015-06-08,harvest,Lettuce,Romaine,Green Forest,LT1,1,0,,10,43.18839207683708,-77.36601769924164
467,2015-06-10,plant,Cucumbers,Specialty Cuke,Lemon,CU3,66,0,,54,43.18978700000000,-77.36687780000000
468,2015-06-10,plant,Cucumbers,Slicer Cuke,SV4719CS,CU3,136,0,,51,43.19244130000000,-77.36917040000000
469,2015-06-10,plant,Cucumbers,Slicer Cuke,Marketmore 97,CU3,112,0,,52,43.18839207683708,-77.36601769924164
470,2015-06-10,plant,Squash,Zucchini,Elite,SQ8,16,0,,47,43.18982220000000,-77.36635970000000
471,2015-06-10,plant,Squash,Zucchini,Elite,SQ7,12,0,,47,43.18969020000000,-77.36615600000000
472,2015-06-10,plant,Squash,Zucchini,Elite,SQ6,32,0,,47,43.19001820000000,-77.36616480000000
473,2015-06-10,plant,Squash,Zucchini,Elite,M4,70,0,,47,43.19269460000000,-77.36682750000000
474,2015-06-11,plant,Tomatoes,Slicer Tomatoes,Sunbrite,,46,0,,167,43.13901650000000,-77.27243290000000
483,2015-06-11,harvest,Lettuce,Red Leaf,Vulcan,LT1,1,0,,5,43.18839207683708,-77.36601769924164
484,2015-06-11,harvest,Lettuce,Romaine,Green Forest,LT1,1,0,,10,43.18839207683708,-77.36601769924164
485,2015-06-11,harvest,Lettuce,Romaine,Cosmo,LT1,1,0,,135,43.18839207683708,-77.36601769924164
475,2015-06-12,harvest,Lettuce,Red Leaf,Vulcan,LT1,36,0,,5,43.13901650000000,-77.27243290000000
476,2015-06-12,shrink,Lettuce,Red Leaf,Vulcan,LT1,8,0,Rotted,5,43.13901650000000,-77.27243290000000
477,2015-06-12,harvest,Lettuce,Romaine,Cosmo,LT1,12,0,,135,43.13901650000000,-77.27243290000000
479,2015-06-12,harvest,Radishes,Radishes,Celesta,RT1,66,5.68,,35,43.13901650000000,-77.27243290000000
480,2015-06-12,shrink,Radishes,Radishes,Celesta,RT1,40,0,,35,43.13901650000000,-77.27243290000000
481,2015-06-12,harvest,Lettuce,Red Leaf,Vulcan,LT1,14,0,,5,43.13901650000000,-77.27243290000000
482,2015-06-12,harvest,Lettuce,Mini Romaine,Breen,LT2,6,0,,9,43.13901650000000,-77.27243290000000
487,2015-06-12,harvest,Lettuce,Romaine,Green Forest,LT1,24,0,,10,43.18839207683708,-77.36601769924164
488,2015-06-14,plant,Squash,Zucchini,Spineless Perfection,SQ9,104,0,,48,43.06395210000000,-77.23331540000000
489,2015-06-14,harvest,Greens,Swiss Chard,Bright Lights,CV2,1,0,,60,43.06395210000000,-77.23331540000000
490,2015-06-15,harvest,Lettuce,Salanova,Premier Collection,LT4,13,0,,1,43.18839207683708,-77.36601769924164
491,2015-06-15,harvest,Lettuce,Mini Romaine,Breen,LT2,12,0,,9,43.18839207683708,-77.36601769924164
492,2015-06-15,plant,Squash,Summer Squash,Multipik,SQ10,74,0,,49,43.18871470000000,-77.36639820000000
493,2015-06-15,plant,Squash,Zucchini,Spineless Perfection,SQ10,28,0,,48,43.18839207683708,-77.36601769924164
494,2015-06-15,plant,Squash,Summer Squash,Multipik,SQ11,68,0,,49,43.18866370000000,-77.36632440000000
495,2015-06-15,plant,Leeks,Leeks,Lexton,BT3,475,0,,31,43.19179090000000,-77.36601550000000
496,2015-06-16,harvest,Lettuce,Salanova,Premier Collection,LT4,20,0,,1,43.13901650000000,-77.27243290000000
497,2015-06-16,harvest,Lettuce,Romaine,Cosmo,LT1,23,0,,135,43.13901650000000,-77.27243290000000
498,2015-06-16,harvest,Lettuce,Mini Romaine,Dragoon,LT2,46,0,,8,43.13901650000000,-77.27243290000000
499,2015-06-16,harvest,Greens,Swiss Chard,Bright Lights,CV2,7,0,Bunches of 9,60,43.13901650000000,-77.27243290000000
500,2015-06-16,harvest,Greens,Swiss Chard,Bright Lights,CV1,16,0,Bunches of 9,60,43.13901650000000,-77.27243290000000
501,2015-06-16,harvest,Kale,Red Kale,Red Russian,CO15,10,0,Bunches of 9,22,43.13901650000000,-77.27243290000000
502,2015-06-16,harvest,Kale,Toscano Kale,Toscano,CO14,3,0,Bunches of 12,23,43.13901650000000,-77.27243290000000
503,2015-06-16,harvest,Kale,Green Kale,Vates,CO15,10,0,Bunches of 9,21,43.13901650000000,-77.27243290000000
504,2015-06-16,harvest,Lettuce,Red Leaf,Vulcan,LT1,4,0,,5,43.13901650000000,-77.27243290000000
505,2015-06-17,harvest,Lettuce,Romaine,Green Forest,LT1,24,0,,10,43.13901650000000,-77.27243290000000
506,2015-06-17,harvest,Broccoli,Broccoli,Blue Wind,CO4,13,0,,17,43.18835240000000,-77.36520050000000
507,2015-06-18,harvest,Lettuce,Romaine,Green Forest,LT1,36,0,,10,43.13901650000000,-77.27243290000000
508,2015-06-18,harvest,Lettuce,Mini Romaine,Breen,LT2,102,0,,9,43.13901650000000,-77.27243290000000
509,2015-06-18,harvest,Lettuce,Mini Romaine,Dragoon,LT2,62,0,,8,43.13901650000000,-77.27243290000000
510,2015-06-18,harvest,Lettuce,Salanova,Premier Collection,LT2,36,0,,1,43.13901650000000,-77.27243290000000
511,2015-06-19,harvest,Lettuce,Green Leaf,Two Star,LT1,18,0,,2,43.18803490000000,-77.36497740000000
512,2015-06-19,harvest,Lettuce,Salanova,Premier Collection,LT4,106,0,,1,43.18801130000000,-77.36463140000000
513,2015-06-19,harvest,Lettuce,Mini Romaine,Breen,LT2,2,0,,9,43.18839207683708,-77.36601769924164
515,2015-06-19,harvest,Greens,Swiss Chard,Bright Lights,CV1,28,0,Bunches of 12,60,43.18839207683708,-77.36601769924164
516,2015-06-19,harvest,Kale,Green Kale,Vates,CV2,15,0,Bunches of 15,21,43.18826100000000,-77.36536700000000
517,2015-06-19,harvest,Kale,Red Kale,Red Russian,CO15,13,0,Bunches of 12,22,43.18817760000000,-77.36530510000000
518,2015-06-19,harvest,Garlic,Garlic,Scapes,Garlic,176,0,,174,43.13901650000000,-77.27243290000000
520,2015-06-19,harvest,Beets,Red Beets,Boro,BT2,18,20.77,,25,43.18839207683708,-77.36601769924164
521,2015-06-20,plant,Lettuce,Salanova,Premier Collection,LT1,151,0,Seeded 5/21,1,43.18789560000000,-77.36498540000000
522,2015-06-20,plant,Lettuce,Salanova,Premier Collection,LT1,185,0,Seeded 5/25,1,43.18790060000000,-77.36502080000000
523,2015-06-20,plant,Lettuce,Red Leaf,New Red Fire,LT1,205,0,1,76,43.13901650000000,-77.27243290000000
524,2015-06-21,plant,Lettuce,Green Leaf,Tropicana,LT1,79,0,,3,43.18807120000000,-77.36463660000000
525,2015-06-21,plant,Lettuce,Green Leaf,Tropicana,LT2,104,0,,3,43.18806680000000,-77.36488040000000
526,2015-06-21,plant,Lettuce,Romaine,Coastal Star,LT2,153,0,,11,43.18801240000000,-77.36488700000000
527,2015-06-21,plant,Beets,Red Beets,Boro,BT5,333,0,,25,43.18839207683708,-77.36601769924164
528,2015-06-21,harvest,Kale,Toscano Kale,Toscano,CO14,3,0,Bunches of 13,23,43.24327530000000,-77.38562710000000
529,2015-06-21,harvest,Beets,Red Beets,Boro,BT2,1,1.1,,25,43.24317830000000,-77.38560240000000
530,2015-06-21,harvest,Lettuce,Red Leaf,Vulcan,LT3,1,0,,5,43.24325450000000,-77.38566050000000
531,2015-06-21,harvest,Broccoli,Broccoli,Blue Wind,CO3,2,0,,17,43.18839207683708,-77.36601769924164
532,2015-06-21,harvest,Squash,Zucchini,Elite,SQ1,8,0,,47,43.13901650000000,-77.27243290000000
533,2015-06-21,harvest,Squash,Zucchini,Spineless Perfection,SQ2,2,0,,48,43.13901650000000,-77.27243290000000
534,2015-06-22,harvest,Beets,Red Beets,Boro,BT2,10,11.15,,25,43.18839207683708,-77.36601769924164
535,2015-06-22,harvest,Kale,Red Kale,Red Russian,CO15,6,0,Bunches of 12,22,43.18839207683708,-77.36601769924164
536,2015-06-22,shrink,Lettuce,Green Leaf,Two Star,,7,0,,2,43.12386480000000,-77.69657289999999
537,2015-06-22,harvest,Lettuce,Green Leaf,Two Star,LT3,12,0,,2,43.18842550000000,-77.36552010000000
538,2015-06-22,harvest,Lettuce,Red Leaf,Vulcan,LT3,12,0,,5,43.19062910000000,-77.36683710000000
539,2015-06-22,harvest,Broccoli,Broccoli,Blue Wind,CO2,19,0,,17,43.19306420000000,-77.37030440000000
540,2015-06-22,harvest,Broccoli,Broccoli,Blue Wind,CO3,19,0,,17,43.19306490000000,-77.37030430000000
541,2015-06-22,harvest,Squash,Zucchini,Elite,SQ1,2,0,,47,43.19305590000000,-77.37034680000000
542,2015-06-22,harvest,Squash,Zucchini,Spineless Perfection,SQ2,1,0,,48,43.19305590000000,-77.37034680000000
543,2015-06-22,harvest,Squash,Summer Squash,Multipik,SQ3,5,0,,49,43.19305840000000,-77.37036210000000
544,2015-06-22,shrink,Lettuce,Salanova,Premier Collection,,7,0,,1,43.19305740000000,-77.37033570000000
545,2015-06-22,shrink,Greens,Swiss Chard,Bright Lights,,3,0,,60,43.19305590000000,-77.37034680000000
546,2015-06-22,harvest,Kale,Green Kale,Vates,CO15,18,0,,21,43.19306880000000,-77.37024790000000
547,2015-06-22,harvest,Kale,Toscano Kale,Toscano,CO16,4,0,,23,43.19306490000000,-77.37030430000000
548,2015-06-22,harvest,Kale,Red Kale,Red Russian,CO15,10,0,,22,43.19306420000000,-77.37030440000000
549,2015-06-22,harvest,Beets,Red Beets,Boro,BT1,8,10,,25,43.19306830000000,-77.37026960000000
550,2015-06-22,sow,Lettuce,Green Leaf,Tropicana,,200,0,,3,43.19306450000000,-77.37029430000000
551,2015-06-22,sow,Lettuce,Red Leaf,Ruby Sky,,280,0,,7,43.19307130000001,-77.37020900000000
552,2015-06-22,sow,Lettuce,Romaine,Coastal Star,,280,0,,11,43.19306760000000,-77.37025799999999
553,2015-06-22,sow,Lettuce,Mini Romaine,Breen,,280,0,,9,43.19307130000001,-77.37020900000000
554,2015-06-22,sow,Lettuce,Mini Romaine,Dragoon,,280,0,,8,43.19306610000000,-77.37024640000001
555,2015-06-22,sow,Lettuce,Salanova,Premier Collection,,200,0,,1,43.19306620000000,-77.37026279999999
556,2015-06-23,harvest,Kale,Green Kale,Vates,CV2,10,0,Bunches of 12,21,43.18828880000000,-77.36537650000000
557,2015-06-23,harvest,Kale,Toscano Kale,Toscano,CO15,5,0,Bunches of 15,23,43.18826900000000,-77.36531190000000
558,2015-06-23,harvest,Kale,Red Kale,Red Russian,CO16,3,0,Bunches of 12,22,43.18826760000000,-77.36520770000000
559,2015-06-23,harvest,Beets,Golden Beets,Touchstone,BT1,7,10.48,,26,43.18825710000000,-77.36523690000000
560,2015-06-23,harvest,Beets,Red Beets,Boro,BT2,10,10.94,,25,43.18827050000000,-77.36525770000000
561,2015-06-23,harvest,Lettuce,Green Leaf,Two Star,LT3,18,0,,2,43.18827480000000,-77.36524920000000
562,2015-06-23,harvest,Lettuce,Red Leaf,Vulcan,LT3,18,0,,5,43.18827720000000,-77.36527320000000
563,2015-06-23,harvest,Squash,Summer Squash,Multipik,SQ3,9,0,,49,43.13901650000000,-77.27243290000000
564,2015-06-23,harvest,Squash,Zucchini,Elite,SQ1,4,0,,47,43.13901650000000,-77.27243290000000
565,2015-06-23,harvest,Squash,Zucchini,Spineless Perfection,SQ2,3,0,,48,43.13901650000000,-77.27243290000000
566,2015-06-24,plant,Beets,Red Beets,Boro,BT5,372,0,,25,43.18839207683708,-77.36601769924164
567,2015-06-24,harvest,Squash,Summer Squash,Multipik,SQ3,12,0,,49,43.13901650000000,-77.27243290000000
568,2015-06-24,harvest,Squash,Zucchini,Elite,SQ1,6,0,,47,43.13901650000000,-77.27243290000000
569,2015-06-24,harvest,Squash,Zucchini,Spineless Perfection,SQ2,2,0,,48,43.13901650000000,-77.27243290000000
627,2015-06-24,plant,Beets,Red Beets,Boro,BT6,200,0,,25,43.20450870000000,-77.45647890000000
571,2015-06-25,harvest,Lettuce,Romaine,Coastal Star,LT2,18,0,,11,43.18791340000000,-77.36438660000000
572,2015-06-25,harvest,Lettuce,Romaine,Coastal Star,LT2,6,0,,11,43.18785980000000,-77.36450290000000
573,2015-06-25,harvest,Lettuce,Green Leaf,Two Star,LT3,36,0,,2,43.18809020000000,-77.36463990000000
574,2015-06-25,harvest,Lettuce,Red Leaf,Vulcan,LT3,36,0,,5,43.18803480000000,-77.36464430000000
575,2015-06-25,harvest,Kale,Red Kale,Red Russian,CO15,4,0,Bunches of 12,22,43.18798350000000,-77.36473840000000
576,2015-06-25,harvest,Kale,Red Kale,Red Russian,CO16,11,0,Bunches of 12,22,43.18791880000000,-77.36525170000000
577,2015-06-25,harvest,Kale,Toscano Kale,Toscano,CO15,5,0,Bunches of 15,23,43.18802700000000,-77.36513830000000
578,2015-06-25,harvest,Greens,Swiss Chard,Bright Lights,CV1,5,0,Bunches of 10,60,43.18799380000000,-77.36498340000000
579,2015-06-25,harvest,Squash,Summer Squash,Multipik,SQ3,14,0,,49,43.19307130000001,-77.37020900000000
580,2015-06-25,harvest,Squash,Zucchini,Elite,SQ1,3,0,,47,43.19306520000000,-77.37032330000000
581,2015-06-25,harvest,Squash,Zucchini,Spineless Perfection,SQ2,2,0,,48,43.19305570000000,-77.37035770000000
582,2015-06-25,harvest,Broccoli,Broccoli,Blue Wind,CO3,6,0,,17,43.19305450000000,-77.37037540000001
583,2015-06-25,harvest,Broccoli,Broccoli,Blue Wind,CO2,6,0,,17,43.19305220000000,-77.37039759999999
584,2015-06-25,harvest,Broccoli,Broccoli,Blue Wind,CO1,6,0,,17,43.19305400000000,-77.37038030000000
585,2015-06-25,harvest,Beets,Golden Beets,Touchstone,BT2,12,12,,26,43.19305450000000,-77.37037540000001
586,2015-06-25,harvest,Beets,Red Beets,Boro,BT1,10,10,,25,43.19305450000000,-77.37037540000001
587,2015-06-25,harvest,Lettuce,Romaine,Coastal Star,LT4,15,0,,11,43.13901650000000,-77.27243290000000
588,2015-06-25,shrink,Lettuce,Salanova,Premier Collection,LT2,22,0,Lettuce drop and personal harvest,1,43.13901650000000,-77.27243290000000
589,2015-06-26,shrink,Lettuce,Salanova,Premier Collection,LT4,55,0,Unkown,1,43.12384250000000,-77.69658930000000
590,2015-06-26,harvest,Greens,Swiss Chard,Bright Lights,CV1,10,0,Bunches of 12,60,43.18159450000000,-77.41400500000000
591,2015-06-26,harvest,Lettuce,Green Leaf,Two Star,LT3,36,0,,2,43.18189330000000,-77.43086550000000
592,2015-06-26,harvest,Lettuce,Red Leaf,Vulcan,LT3,36,0,,5,43.18225670000000,-77.45827890000000
593,2015-06-26,harvest,Lettuce,Romaine,Coastal Star,LT3,36,0,,11,43.18231320000000,-77.47034370000000
594,2015-06-26,harvest,Lettuce,Romaine,Coastal Star,LT4,12,0,,11,43.18235050000000,-77.47465500000000
595,2015-06-26,harvest,Kale,Green Kale,Vates,CV2,13,0,Bunches of 12,21,43.18829420000000,-77.36529920000000
596,2015-06-26,harvest,Beets,Red Beets,Boro,BT2,14,15.5,,25,43.19305630000000,-77.37035990000000
597,2015-06-26,harvest,Beets,Golden Beets,Touchstone,BT1,4,4.4,,26,43.19305160000000,-77.37038450000000
598,2015-06-26,harvest,Squash,Zucchini,Elite,SQ1,23,0,,47,43.19305250000000,-77.37038900000000
599,2015-06-26,harvest,Squash,Summer Squash,Multipik,SQ3,23,0,,49,43.19306040000000,-77.37035780000000
600,2015-06-26,harvest,Kale,Red Kale,Red Russian,CO16,13,0,,22,43.19305630000000,-77.37034390000000
601,2015-06-26,harvest,Kale,Toscano Kale,Toscano,CO15,14,0,,23,43.19305540000000,-77.37038520000000
602,2015-06-26,harvest,Broccoli,Broccoli,Blue Wind,CO4,3,2.4,,17,43.19305560000000,-77.37039229999999
603,2015-06-27,harvest,Lettuce,Red Leaf,Vulcan,LT3,29,0,,5,43.10869700000000,-77.40256330000000
604,2015-06-28,harvest,Lettuce,Red Leaf,Vulcan,LT3,46,0,,5,43.18839207683708,-77.36601769924164
605,2015-06-28,shrink,Lettuce,Red Leaf,Vulcan,LT3,39,0,,5,43.18839207683708,-77.36601769924164
606,2015-06-28,harvest,Lettuce,Green Leaf,Two Star,LT3,58,0,,2,43.18839207683708,-77.36601769924164
607,2015-06-28,shrink,Lettuce,Green Leaf,Two Star,LT3,23,0,,2,43.18839207683708,-77.36601769924164
608,2015-06-28,harvest,Lettuce,Romaine,Coastal Star,LT4,24,0,,11,43.18839207683708,-77.36601769924164
609,2015-06-28,harvest,Lettuce,Romaine,Coastal Star,LT3,12,0,,11,43.18839207683708,-77.36601769924164
610,2015-06-28,sow,Cauliflower,Cauliflower,Skywalker,,360,0,,114,43.20930900000000,-77.38408600000000
611,2015-06-28,sow,Romanesco,Romanesco,Veronica,,216,0,,107,43.20930900000000,-77.38408600000000
612,2015-06-28,harvest,Squash,Summer Squash,Multipik,SQ3,9,0,,49,43.20930900000000,-77.38408600000000
613,2015-06-28,harvest,Squash,Zucchini,Elite,SQ1,8,0,,47,43.20930900000000,-77.38408600000000
614,2015-06-29,harvest,Lettuce,Salanova,Premier Collection,LT4,12,0,,1,43.19793230000000,-77.38408609999999
615,2015-06-29,harvest,Kale,Green Kale,Vates,CO15,36,0,Bunches of 12,21,43.19793230000000,-77.38408609999999
616,2015-06-29,plant,Beets,Golden Beets,Touchstone,BT5,200,0,,26,43.19794000000000,-77.38565580000000
617,2015-06-29,plant,Beets,Golden Beets,Touchstone,BT6,169,0,,26,43.19794000000000,-77.38565580000000
618,2015-06-29,harvest,Lettuce,Romaine,Coastal Star,LT4,12,0,,11,43.19794000000000,-77.38565580000000
619,2015-06-29,harvest,Lettuce,Romaine,Coastal Star,LT3,12,0,,11,43.19794000000000,-77.38565580000000
620,2015-06-29,plant,Radishes,Radishes,Celesta,RD1,500,0,,35,43.20467960000000,-77.45606790000000
621,2015-06-29,plant,Radishes,Radishes,Celesta,RD2,500,0,,35,43.20475270000000,-77.45629380000000
622,2015-06-29,plant,Carrots,Orange Carrots,Resistafly,CT2,500,0,,29,43.20475370000000,-77.45634890000000
623,2015-06-29,plant,Carrots,Purple Carrots,Purple Haze,CT4,750,0,,131,43.20475180000000,-77.45636530000000
624,2015-06-29,plant,Carrots,Multi Carrots,Rainbow,CT3,1000,0,,175,43.20468800000000,-77.45629780000000
625,2015-06-29,plant,Carrots,Orange Carrots,Resistafly,CT5,250,0,,29,43.20468540000000,-77.45633810000000
626,2015-06-29,plant,Carrots,Orange Carrots,Nectar,CT6,1000,0,,28,43.20454360000000,-77.45644510000000
628,2015-06-29,plant,Beets,Golden Beets,Touchstone,BT7,200,0,,26,43.20449930000000,-77.45646840000000
629,2015-06-29,plant,Beets,Red Beets,Merlin,BT8,200,0,,169,43.20448550000000,-77.45646310000000
636,2015-06-29,harvest,Squash,Summer Squash,Multipik,SQ3,5,0,,49,43.18839207683708,-77.36601769924164
637,2015-06-29,harvest,Squash,Zucchini,Elite,SQ1,12,0,,47,43.18839207683708,-77.36601769924164
639,2015-06-29,harvest,Squash,Zucchini,Spineless Perfection,SQ2,7,0,,48,43.18839207683708,-77.36601769924164
630,2015-06-30,harvest,Beets,Golden Beets,Touchstone,BT2,14,10,,26,43.19305870000000,-77.37032339999999
631,2015-06-30,harvest,Beets,Red Beets,Boro,BT1,25,16,,25,43.19305500000000,-77.37031739999999
632,2015-06-30,harvest,Kale,Red Kale,Red Russian,CO16,17,0,,22,43.19304930000000,-77.37039440000000
633,2015-06-30,harvest,Kale,Toscano Kale,Toscano,CO16,18,0,,23,43.19306140000000,-77.37027710000000
634,2015-06-30,harvest,Greens,Swiss Chard,Bright Lights,CV1,25,0,,60,43.19306140000000,-77.37027710000000
638,2015-06-30,harvest,Squash,Zucchini,Elite,SQ1,12,0,,47,43.18839207683708,-77.36601769924164
640,2015-06-30,harvest,Squash,Zucchini,Spineless Perfection,SQ2,5,0,,48,43.18839207683708,-77.36601769924164
641,2015-07-01,plant,Beets,Golden Beets,Touchstone,BT5,356,0,,26,43.12383100000000,-77.69654210000000
664,2015-07-01,harvest,Squash,Zucchini,Elite,SQ1,39,0,,47,43.16626210000000,-77.36688529999999
667,2015-07-01,harvest,Squash,Zucchini,Spineless Perfection,SQ2,21,0,,48,43.16626210000000,-77.36688529999999
642,2015-07-02,harvest,Lettuce,Romaine,Coastal Star,LT2,4,0,,11,43.18807930000000,-77.36433690000000
643,2015-07-02,harvest,Lettuce,Romaine,Coastal Star,LT3,17,0,,11,43.18821890000000,-77.36428300000000
644,2015-07-02,shrink,Lettuce,Romaine,Coastal Star,LT3,4,0,,11,43.18800800000000,-77.36426010000000
645,2015-07-02,harvest,Kale,Red Kale,Red Russian,CO16,4,0,Bunches of 12,22,43.18837160000000,-77.36526170000000
646,2015-07-02,harvest,Kale,Red Kale,Red Russian,CO17,10,0,Bunches of 12,22,43.18839207683708,-77.36601769924164
647,2015-07-02,harvest,Greens,Swiss Chard,Bright Lights,CV2,4,0,Bunches of 17,60,43.18839207683708,-77.36601769924164
648,2015-07-02,harvest,Beets,Red Beets,Boro,BT2,8,9,Bunches of 5,25,43.18839207683708,-77.36601769924164
649,2015-07-02,plant,Melons,Watermelons,Sorbet Swirl,M5,36,0,,168,43.18839207683708,-77.36601769924164
651,2015-07-02,harvest,Lettuce,Salanova,Premier Collection,LT5,24,0,,1,43.18839207683708,-77.36601769924164
665,2015-07-02,harvest,Squash,Zucchini,Elite,SQ1,39,0,,47,43.16626210000000,-77.36688529999999
668,2015-07-02,harvest,Squash,Zucchini,Spineless Perfection,SQ2,37,0,,48,43.16626210000000,-77.36688529999999
652,2015-07-03,harvest,Lettuce,Green Leaf,Two Star,LT5,24,0,,2,43.16626210000000,-77.36688529999999
653,2015-07-03,harvest,Lettuce,Green Leaf,Tropicana,LT5,24,0,,3,43.16626210000000,-77.36688529999999
654,2015-07-03,harvest,Lettuce,Red Leaf,New Red Fire,LT5,24,0,,76,43.16626210000000,-77.36688529999999
655,2015-07-03,harvest,Lettuce,Salanova,Premier Collection,LT5,24,0,,1,43.16626210000000,-77.36688529999999
656,2015-07-03,harvest,Beets,Red Beets,Boro,ON4,6,6.3,Bunches of 4,25,43.16626210000000,-77.36688529999999
657,2015-07-03,harvest,Beets,Red Beets,Boro,BT3,6,6.3,Bunches of 4,25,43.16626210000000,-77.36688529999999
658,2015-07-03,harvest,Kale,Green Kale,Vates,CV2,24,0,Bunches of 11,21,43.16626210000000,-77.36688529999999
659,2015-07-03,harvest,Kale,Green Kale,Vates,CO15,12,0,Bunches of 14,21,43.16626210000000,-77.36688529999999
660,2015-07-03,harvest,Lettuce,Romaine,Coastal Star,LT4,64,0,,11,43.18802680000000,-77.36453460000000
661,2015-07-03,shrink,Lettuce,Romaine,Coastal Star,LT3,13,0,,11,43.18806410000000,-77.36467300000000
662,2015-07-03,shrink,Lettuce,Romaine,Coastal Star,LT4,21,0,,11,43.18800570000000,-77.36451690000000
663,2015-07-03,harvest,Lettuce,Romaine,Coastal Star,LT3,56,0,,11,43.18802130000000,-77.36450820000000
666,2015-07-03,harvest,Squash,Zucchini,Elite,SQ1,25,0,,47,43.16626210000000,-77.36688529999999
669,2015-07-03,harvest,Squash,Zucchini,Spineless Perfection,SQ2,20,0,,48,43.16626210000000,-77.36688529999999
670,2015-07-03,harvest,Squash,Summer Squash,Multipik,SQ3,16,0,,49,43.16626210000000,-77.36688529999999
671,2015-07-04,harvest,Lettuce,Salanova,Premier Collection,LT5,24,0,,1,43.18839207683708,-77.36601769924164
672,2015-07-05,harvest,Lettuce,Salanova,Premier Collection,LT5,97,0,,1,43.18795770000000,-77.36467480000000
673,2015-07-05,harvest,Lettuce,Romaine,Coastal Star,LT2,29,0,,11,43.18805500000000,-77.36456000000000
674,2015-07-05,shrink,Lettuce,Romaine,Coastal Star,LT2,7,0,,11,43.18798570000000,-77.36444700000000
675,2015-07-05,harvest,Squash,Zucchini,Elite,SQ1,35,0,,47,43.17935910000000,-77.36688529999999
676,2015-07-05,harvest,Squash,Zucchini,Spineless Perfection,SQ2,19,0,,48,43.17935910000000,-77.36688529999999
677,2015-07-05,harvest,Squash,Summer Squash,Multipik,SQ3,30,9.5,,49,43.17935910000000,-77.36688529999999
681,2015-07-05,harvest,Kale,Green Kale,Vates,CV2,40,0,Harvested two green bins lose.Full.,21,43.13901650000000,-77.27243290000000
678,2015-07-06,harvest,Lettuce,Red Leaf,New Red Fire,LT5,24,0,,76,43.19307350000000,-77.37022760000000
679,2015-07-06,harvest,Lettuce,Green Leaf,Tropicana,LT4,24,0,,3,43.19305040000000,-77.37042520000000
680,2015-07-06,harvest,Greens,Swiss Chard,Bright Lights,CV1,12,0,Bunches of 11,60,43.19305740000000,-77.37040960000000
682,2015-07-06,sow,Cabbage,Green Cabbage,Farao,,144,0,,128,43.19305850000000,-77.37047300000000
683,2015-07-06,sow,Cabbage,Red Cabbage,Red Express,,144,0,,129,43.18839207683708,-77.36601769924164
684,2015-07-06,sow,Broccoli,Broccoli,Green Magic,,216,0,,18,43.19306550000000,-77.37048920000000
685,2015-07-06,plant,Greens,Swiss Chard,Bright Lights,BT5,92,0,,60,43.18839207683708,-77.36601769924164
686,2015-07-06,harvest,Broccoli,Broccoli,Blue Wind,CO4,1,9,Shoots,17,43.18839207683708,-77.36601769924164
687,2015-07-06,harvest,Squash,Zucchini,Elite,SQ1,23,0,,47,43.18839207683708,-77.36601769924164
688,2015-07-06,harvest,Squash,Zucchini,Spineless Perfection,SQ2,32,0,,48,43.18839207683708,-77.36601769924164
689,2015-07-06,plant,Burdock,Cardoons,Porto Spineless,CDN1,70,0,,170,43.18839207683708,-77.36601769924164
690,2015-07-06,harvest,Squash,Summer Squash,Multipik,SQ3,10,0,,49,43.18839207683708,-77.36601769924164
691,2015-07-06,plant,Burdock,Cardoons,Porto Spineless,CDN2,48,0,,170,43.18839207683708,-77.36601769924164
793,2015-07-06,harvest,Kale,Green Kale,Vates,CO15,12,0,,21,43.18397890000000,-77.35540170000000
692,2015-07-07,plant,Burdock,Cardoons,Porto Spineless,CDN2,18,0,,170,43.18839207683708,-77.36601769924164
693,2015-07-07,harvest,Greens,Swiss Chard,Bright Lights,CV1,14,0,Bunches of 12,60,43.18839207683708,-77.36601769924164
694,2015-07-07,harvest,Beets,Red Beets,Boro,BT1,5,3.75,,25,43.19304930000000,-77.37036460000000
695,2015-07-07,harvest,Beets,Golden Beets,Touchstone,BT2,5,3.75,,26,43.19305000000001,-77.37029550000000
696,2015-07-07,harvest,Lettuce,Red Leaf,New Red Fire,LT5,12,0,,76,43.13901650000000,-77.27243290000000
697,2015-07-07,harvest,Broccoli,Broccoli,Belstar,CO7,32,23.4,,16,43.18839207683708,-77.36601769924164
698,2015-07-07,harvest,Squash,Zucchini,Elite,SQ2,51,29,,47,43.18839207683708,-77.36601769924164
699,2015-07-07,harvest,Cucumbers,Slicer Cuke,Marketmore 97,CU1,22,11,,52,43.18839207683708,-77.36601769924164
700,2015-07-07,harvest,Cucumbers,Mini Cuke,Picolino,CU1,15,4,,50,43.18839207683708,-77.36601769924164
701,2015-07-08,plant,Kale,White Kale,White Russian,KA1,256,0,"Some holes have 3 plugs some have one. Some plugs had 4 plants, some 1. Average of 5 plants per hole. ",173,43.18839207683708,-77.36601769924164
702,2015-07-08,plant,Kale,Green Kale,Vates,KA1,132,0,,21,43.18839207683708,-77.36601769924164
703,2015-07-08,plant,Kale,Green Kale,Vates,KA2,112,0,,21,43.18839207683708,-77.36601769924164
704,2015-07-08,plant,Kale,Toscano Kale,Toscano,KA2,116,0,,23,43.18839207683708,-77.36601769924164
705,2015-07-08,plant,Kale,Toscano Kale,Toscano,KA2,96,0,,23,43.18839207683708,-77.36601769924164
706,2015-07-08,harvest,Carrots,Orange Carrots,Jeannette,CT1,1,0,Brians variety. Bunch of 12 baby carrots. ,27,43.18839207683708,-77.36601769924164
707,2015-07-08,harvest,Lettuce,Green Leaf,Tropicana,LT4,4,0,,3,43.18839207683708,-77.36601769924164
708,2015-07-08,harvest,Beets,Golden Beets,Touchstone,BT1,35,23.3,,26,43.19306220000000,-77.37039570000000
709,2015-07-08,harvest,Beets,Red Beets,Boro,BT1,15,11.2,,25,43.19306610000000,-77.37043910000000
710,2015-07-08,harvest,Kale,Red Kale,Red Russian,CO16,28,0,,22,43.18839207683708,-77.36601769924164
711,2015-07-08,harvest,Squash,Zucchini,Elite,SQ1,7,4.5,,47,43.19306310000000,-77.37043540000000
712,2015-07-08,harvest,Squash,Zucchini,Spineless Perfection,SQ2,13,7.5,,48,43.19306210000000,-77.37042640000000
713,2015-07-08,harvest,Cucumbers,Slicer Cuke,Marketmore 97,CU1,15,7.75,,52,43.19307810000000,-77.37051600000000
714,2015-07-08,harvest,Kale,Toscano Kale,Toscano,CO15,33,0,,23,43.13901650000000,-77.27243290000000
715,2015-07-09,shrink,Lettuce,Green Leaf,Tropicana,LT4,4,0,,3,43.18839207683708,-77.36601769924164
716,2015-07-09,shrink,Lettuce,Green Leaf,Tropicana,,11,0,,3,43.18839207683708,-77.36601769924164
717,2015-07-09,shrink,Lettuce,Red Leaf,New Red Fire,LT5,4,0,,76,43.18839207683708,-77.36601769924164
718,2015-07-09,shrink,Lettuce,Mini Romaine,Dragoon,LT6,6,0,,8,43.18839207683708,-77.36601769924164
719,2015-07-09,shrink,Lettuce,Green Leaf,Tropicana,LT5,25,0,,3,43.18839207683708,-77.36601769924164
720,2015-07-09,harvest,Lettuce,Mini Romaine,Dragoon,LT6,48,0,,8,43.18839207683708,-77.36601769924164
721,2015-07-09,harvest,Lettuce,Green Leaf,Tropicana,LT4,32,0,,3,43.18839207683708,-77.36601769924164
722,2015-07-09,harvest,Lettuce,Red Leaf,New Red Fire,LT5,29,0,,76,43.18839207683708,-77.36601769924164
723,2015-07-09,harvest,Lettuce,Green Leaf,Tropicana,LT5,32,0,,3,43.18839207683708,-77.36601769924164
724,2015-07-09,harvest,Cucumbers,Slicer Cuke,Marketmore 97,CU1,25,12,,52,43.09867420000000,-77.44193779999999
725,2015-07-09,harvest,Squash,Summer Squash,Multipik,SQ3,18,42,,49,43.09867420000000,-77.44193779999999
726,2015-07-09,harvest,Squash,Zucchini,Spineless Perfection,SQ2,15,9,,48,43.09867420000000,-77.44193779999999
727,2015-07-09,harvest,Squash,Zucchini,Elite,SQ1,7,4,,47,43.09867420000000,-77.44193779999999
728,2015-07-09,harvest,Squash,Zucchini,Elite,M4,14,8,,47,43.09867420000000,-77.44193779999999
729,2015-07-09,harvest,Broccoli,Broccoli,Belstar,CO7,12,10,,16,43.09867420000000,-77.44193779999999
730,2015-07-10,harvest,Kale,Green Kale,Vates,CO14,36,0,bunches of 12,21,43.18397890000000,-77.35540170000000
731,2015-07-10,harvest,Beets,Red Beets,Boro,BT3,12,0,Bunches of 4,25,43.18397890000000,-77.35540170000000
732,2015-07-10,harvest,Carrots,Orange Carrots,Jeannette,CT1,10,0,Bunches of 8,27,43.18397890000000,-77.35540170000000
733,2015-07-10,plant,Lettuce,Green Leaf,Tropicana,LT2,56,0,,3,43.18839207683708,-77.36601769924164
734,2015-07-10,plant,Lettuce,Red Leaf,New Red Fire,LT2,231,0,,76,43.18839207683708,-77.36601769924164
735,2015-07-10,plant,Lettuce,Green Leaf,Tropicana,LT3,33,0,,3,43.18839207683708,-77.36601769924164
736,2015-07-10,plant,Lettuce,Romaine,Coastal Star,LT3,219,0,,11,43.18839207683708,-77.36601769924164
737,2015-07-10,plant,Lettuce,Salanova,Premier Collection,LT3,191,0,,1,43.18839207683708,-77.36601769924164
738,2015-07-10,plant,Lettuce,Mini Romaine,Breen,LT3,168,0,,9,43.18839207683708,-77.36601769924164
739,2015-07-10,harvest,Squash,Zucchini,Elite,SQ1,13,6.75,,47,43.19304910000000,-77.37037660000000
740,2015-07-10,harvest,Squash,Summer Squash,Multipik,SQ3,4,1,,49,43.19304910000000,-77.37033029999999
741,2015-07-10,harvest,Cucumbers,Slicer Cuke,Marketmore 97,CU1,14,6.4,,52,43.19305000000001,-77.37042170000000
742,2015-07-11,plant,Lettuce,Mini Romaine,Dragoon,LT7,178,0,,8,43.18824730000000,-77.36566390000000
743,2015-07-11,harvest,Lettuce,Romaine,Helvius,LT4,108,0,,12,43.19307020000000,-77.37037290000000
744,2015-07-11,harvest,Lettuce,Green Leaf,Tropicana,LT5,36,0,,3,43.18397890000000,-77.35540170000000
745,2015-07-11,harvest,Lettuce,Mini Romaine,Breen,LT6,98,0,,9,43.18397890000000,-77.35540170000000
746,2015-07-11,harvest,Lettuce,Mini Romaine,Dragoon,LT6,10,0,,8,43.18397890000000,-77.35540170000000
747,2015-07-11,harvest,Squash,Summer Squash,Multipik,SQ3,50,13,,49,43.18397890000000,-77.35540170000000
748,2015-07-11,harvest,Carrots,Orange Carrots,Jeannette,CT1,4,0,Bunches of 7. Snack for me and Chris,27,43.18556710000000,-77.37076590000000
780,2015-07-11,harvest,Lettuce,Romaine,Helvius,LT4,40,0,,12,43.09515720000000,-77.57415019999999
781,2015-07-11,harvest,Onions,Sweet Onions,Walla Walla,ON1,6,0,,32,43.09515110000000,-77.57414539999999
782,2015-07-11,harvest,Lettuce,Red Leaf,New Red Fire,LT5,6,0,,76,43.09516790000000,-77.57415410000000
783,2015-07-11,harvest,Lettuce,Mini Romaine,Breen,LT5,14,0,,9,43.09516790000000,-77.57415540000000
749,2015-07-12,sow,Lettuce,Salanova,Premier Collection,,400,0,,1,43.19367840000000,-77.37069450000000
750,2015-07-12,sow,Lettuce,Romaine,Green Forest,,200,0,,10,43.19365280000000,-77.37074230000000
751,2015-07-12,sow,Lettuce,Romaine,Salvius,,200,0,,13,43.19306460000000,-77.37045330000000
752,2015-07-12,sow,Lettuce,Red Leaf,Ruby Sky,,400,0,,7,43.19365890000000,-77.37067760000000
753,2015-07-12,sow,Lettuce,Green Leaf,Green Star,,200,0,,4,43.19366260000000,-77.37067790000000
754,2015-07-12,sow,Lettuce,Mini Romaine,Ansar,,300,0,,176,43.19365380000000,-77.37065750000000
755,2015-07-12,sow,Lettuce,Mini Romaine,Pomegranate Crunch,,300,0,,177,43.19345520000000,-77.37066540000000
756,2015-07-12,harvest,Cucumbers,Slicer Cuke,Marketmore 97,CU1,25,12.7,,52,43.18397890000000,-77.35540170000000
757,2015-07-12,harvest,Squash,Zucchini,Elite,M4,25,20,,47,43.18397890000000,-77.35540170000000
758,2015-07-12,harvest,Squash,Zucchini,Spineless Perfection,SQ2,12,7.3,,48,43.18397890000000,-77.35540170000000
759,2015-07-12,harvest,Broccoli,Broccoli,Belstar,CO6,39,27.3,,16,43.18397890000000,-77.35540170000000
760,2015-07-13,harvest,Lettuce,Salanova,Premier Collection,LT1,24,0,,1,43.19174290000000,-77.36604680000000
761,2015-07-13,harvest,Kale,Green Kale,Vates,CV2,24,0,Bunches of 13,21,43.18822690000000,-77.36525600000000
762,2015-07-13,harvest,Carrots,Orange Carrots,Jeannette,CT1,13,0,Bunches of 8,27,43.18846950000000,-77.36599490000000
763,2015-07-13,harvest,Potatoes,Red Potatoes,Norlands,PO4,0,10,,36,43.18839207683708,-77.36601769924164
764,2015-07-13,harvest,Potatoes,Purple Potatoes,Purple Majesty,PO13,0,10,,39,43.19019140000000,-77.36595310000000
765,2015-07-13,harvest,Squash,Zucchini,Elite,SQ1,6,3.6,,47,43.18397890000000,-77.35540170000000
766,2015-07-13,harvest,Squash,Zucchini,Spineless Perfection,SQ2,6,3.6,,48,43.18397890000000,-77.35540170000000
767,2015-07-13,harvest,Squash,Zucchini,Elite,M4,22,13.2,,47,43.18397890000000,-77.35540170000000
768,2015-07-13,harvest,Squash,Zucchini,Elite,SQ5,11,6.6,,47,43.18397890000000,-77.35540170000000
769,2015-07-13,harvest,Squash,Summer Squash,Multipik,SQ3,14,5,,49,43.18397890000000,-77.35540170000000
770,2015-07-13,harvest,Broccoli,Broccoli,Belstar,CO6,38,33,,16,43.18397890000000,-77.35540170000000
772,2015-07-14,harvest,Greens,Swiss Chard,Bright Lights,CV1,18,0,Bunches of 18,60,43.18397890000000,-77.35540170000000
773,2015-07-14,harvest,Kale,Green Kale,Vates,CO16,69,0,Bunches of 13,21,43.19304910000000,-77.37041990000000
774,2015-07-14,harvest,Cucumbers,Slicer Cuke,Marketmore 97,CU1,19,8.9,,52,43.18397890000000,-77.35540170000000
775,2015-07-14,harvest,Squash,Zucchini,Elite,M4,30,18,,47,43.18397890000000,-77.35540170000000
776,2015-07-14,harvest,Squash,Zucchini,Elite,SQ1,7,3.5,,47,43.18397890000000,-77.35540170000000
777,2015-07-14,harvest,Squash,Zucchini,Spineless Perfection,SQ2,7,3.5,,48,43.18397890000000,-77.35540170000000
778,2015-07-14,harvest,Squash,Zucchini,Elite,SQ4,6,3,,47,43.18397890000000,-77.35540170000000
779,2015-07-14,harvest,Squash,Zucchini,Spineless Perfection,SQ9,8,4,,48,43.18397890000000,-77.35540170000000
784,2015-07-14,harvest,Greens,Swiss Chard,Bright Lights,CV1,48,0,,60,43.19304990000000,-77.37037230000000
785,2015-07-15,harvest,Squash,Summer Squash,Multipik,SQ3,15,7,,49,43.18397890000000,-77.35540170000000
786,2015-07-15,harvest,Cucumbers,Slicer Cuke,Marketmore 97,CU1,11,5,,52,43.18397890000000,-77.35540170000000
787,2015-07-15,harvest,Squash,Zucchini,Elite,M4,11,5.5,,47,43.18397890000000,-77.35540170000000
788,2015-07-15,harvest,Squash,Zucchini,Elite,SQ1,6,3,,47,43.18397890000000,-77.35540170000000
789,2015-07-15,harvest,Squash,Zucchini,Spineless Perfection,SQ2,3,1.5,,48,43.18397890000000,-77.35540170000000
790,2015-07-15,harvest,Squash,Zucchini,Spineless Perfection,SQ9,11,5.5,,48,43.18397890000000,-77.35540170000000
791,2015-07-16,harvest,Lettuce,Salanova,Premier Collection,LT1,60,0,,1,43.18839207683708,-77.36601769924164
792,2015-07-16,harvest,Onions,Sweet Onions,Walla Walla,ON1,12,8.7,,32,43.19304990000000,-77.37040499999999
794,2015-07-16,harvest,Carrots,Orange Carrots,Jeannette,CT1,10,0,bunches of 8,27,43.18397890000000,-77.35540170000000
795,2015-07-16,harvest,Potatoes,Purple Potatoes,Purple Majesty,PO14,1,17.86,,39,43.18397890000000,-77.35540170000000
796,2015-07-16,harvest,Potatoes,Red Potatoes,Norlands,PO3,1,25.5,,36,43.18397890000000,-77.35540170000000
797,2015-07-16,harvest,Beets,Red Beets,Boro,BT3,11,10,,25,43.19306720000000,-77.37035180000000
798,2015-07-16,harvest,Beets,Golden Beets,Touchstone,BT4,3,2,,26,43.19335460000000,-77.37038240000000
799,2015-07-16,shrink,Lettuce,Romaine,Helvius,LT4,52,0,,12,43.19307040000000,-77.37053290000000
802,2015-07-16,harvest,Squash,Zucchini,Elite,SQ1,6,3,,47,43.18397890000000,-77.35540170000000
803,2015-07-16,harvest,Squash,Zucchini,Spineless Perfection,SQ2,6,3,,48,43.18397890000000,-77.35540170000000
804,2015-07-16,harvest,Squash,Zucchini,Elite,M4,12,6,,47,43.18397890000000,-77.35540170000000
806,2015-07-16,harvest,Squash,Zucchini,Spineless Perfection,SQ9,5,2.5,,48,43.18397890000000,-77.35540170000000
807,2015-07-16,harvest,Squash,Summer Squash,Multipik,SQ3,10,5,,49,43.18397890000000,-77.35540170000000
808,2015-07-16,harvest,Squash,Summer Squash,Multipik,SQ10,9,4.5,,49,43.18397890000000,-77.35540170000000
809,2015-07-17,harvest,Squash,Summer Squash,Multipik,SQ3,10,5,,49,43.18397890000000,-77.35540170000000
810,2015-07-17,harvest,Squash,Summer Squash,Multipik,SQ10,7,3.5,,49,43.18397890000000,-77.35540170000000
811,2015-07-17,harvest,Squash,Summer Squash,Multipik,SQ11,6,3,,49,43.18397890000000,-77.35540170000000
812,2015-07-17,harvest,Lettuce,Salanova,Premier Collection,LT1,48,0,12 of each type,1,43.18397890000000,-77.35540170000000
834,2015-07-17,harvest,Onions,Sweet Onions,Walla Walla,ON1,10,0,,32,43.18839207683708,-77.36601769924164
813,2015-07-18,harvest,Squash,Summer Squash,Multipik,SQ10,17,8,,49,43.18397890000000,-77.35540170000000
814,2015-07-18,harvest,Squash,Summer Squash,Multipik,SQ11,20,8,,49,43.18397890000000,-77.35540170000000
815,2015-07-18,harvest,Squash,Summer Squash,Multipik,SQ3,11,4,,49,43.18397890000000,-77.35540170000000
816,2015-07-18,harvest,Squash,Zucchini,Elite,M4,8,4,,47,43.18397890000000,-77.35540170000000
817,2015-07-18,harvest,Squash,Zucchini,Spineless Perfection,SQ9,11,5,,48,43.18397890000000,-77.35540170000000
818,2015-07-18,harvest,Squash,Zucchini,Elite,SQ1,9,4.5,,47,43.18397890000000,-77.35540170000000
819,2015-07-18,harvest,Squash,Zucchini,Spineless Perfection,SQ2,9,4.5,,48,43.18397890000000,-77.35540170000000
820,2015-07-18,harvest,Cucumbers,Slicer Cuke,Marketmore 97,CU1,8,0,,52,43.18397890000000,-77.35540170000000
821,2015-07-18,harvest,Lettuce,Salanova,Premier Collection,LT1,199,0,"67 red leaf, 54 red butter, 23 green butter, 55 green leaf",1,43.18397890000000,-77.35540170000000
932,2015-07-18,sow,Cucumbers,Slicer Cuke,Marketmore 97,CU4,100,0,4 seeds per hill,52,43.18397890000000,-77.35540170000000
933,2015-07-18,sow,Cucumbers,Slicer Cuke,Marketmore 97,CU5,100,0,4 seeds per hill,52,43.18397890000000,-77.35540170000000
934,2015-07-18,sow,Squash,Zucchini,Spineless Perfection,SQ11,33,0,3 seeds per hill 11 hills,48,43.18397890000000,-77.35540170000000
935,2015-07-18,sow,Squash,Zucchini,Elite,SQ12,120,0,4 seeds per hill,47,43.18397890000000,-77.35540170000000
936,2015-07-18,sow,Squash,Summer Squash,Multipik,SQ12,12,0,3 seeds in 4 hills,49,43.18397890000000,-77.35540170000000
822,2015-07-19,harvest,Squash,Zucchini,Elite,M4,11,5,,47,43.18397890000000,-77.35540170000000
823,2015-07-19,harvest,Squash,Zucchini,Elite,SQ1,6,3,,47,43.18397890000000,-77.35540170000000
824,2015-07-19,harvest,Squash,Zucchini,Spineless Perfection,SQ2,12,6,,48,43.18397890000000,-77.35540170000000
825,2015-07-19,harvest,Squash,Zucchini,Spineless Perfection,SQ9,6,3,,48,43.18397890000000,-77.35540170000000
826,2015-07-19,harvest,Squash,Summer Squash,Multipik,SQ10,17,7,,49,43.18397890000000,-77.35540170000000
827,2015-07-19,harvest,Squash,Summer Squash,Multipik,SQ11,20,8,,49,43.18397890000000,-77.35540170000000
828,2015-07-19,harvest,Squash,Summer Squash,Multipik,SQ3,11,5,,49,43.18397890000000,-77.35540170000000
829,2015-07-19,sow,Broccoli,Broccoli,Green Magic,,288,0,,18,43.18839207683708,-77.36601769924164
830,2015-07-20,harvest,Potatoes,Red Potatoes,Norlands,PO4,1,200,,36,43.18397890000000,-77.35540170000000
831,2015-07-20,sow,Beets,Red Beets,Merlin,,800,0,,169,43.19312120000000,-77.37048750000000
832,2015-07-20,sow,Beets,Golden Beets,Touchstone,,800,0,,26,43.19312670000000,-77.37048910000000
833,2015-07-20,harvest,Onions,Sweet Onions,Walla Walla,ON1,100,52,,32,43.18812840000000,-77.36506890000000
835,2015-07-20,harvest,Potatoes,Purple Potatoes,Purple Majesty,PO14,1,100,,39,43.19307320000000,-77.37054900000000
837,2015-07-20,harvest,Onions,Bunching Onions,Pride,BO1,51,0,10-12 per bunch,34,43.19305000000001,-77.37027789999999
838,2015-07-20,harvest,Squash,Summer Squash,Multipik,SQ10,14,6,,49,43.18397890000000,-77.35540170000000
839,2015-07-20,harvest,Squash,Summer Squash,Multipik,SQ11,17,7,,49,43.18397890000000,-77.35540170000000
840,2015-07-20,harvest,Squash,Summer Squash,Multipik,SQ3,21,8,,49,43.18397890000000,-77.35540170000000
841,2015-07-20,harvest,Squash,Zucchini,Spineless Perfection,SQ9,27,13.5,,48,43.18397890000000,-77.35540170000000
842,2015-07-20,harvest,Squash,Zucchini,Elite,M4,11,5.5,,47,43.18397890000000,-77.35540170000000
843,2015-07-20,harvest,Squash,Zucchini,Elite, SQ1,14,7,,47,43.18397890000000,-77.35540170000000
844,2015-07-20,harvest,Squash,Zucchini,Spineless Perfection,SQ2,12,6,,48,43.18397890000000,-77.35540170000000
845,2015-07-21,harvest,Lettuce,Red Leaf,New Red Fire,LT1,96,0,,76,43.18397890000000,-77.35540170000000
846,2015-07-21,shrink,Lettuce,Red Leaf,New Red Fire,LT1,5,0,,76,43.18397890000000,-77.35540170000000
847,2015-07-21,harvest,Lettuce,Red Leaf,New Red Fire,LT1,36,0,,76,43.18839207683708,-77.36601769924164
848,2015-07-21,shrink,Lettuce,Red Leaf,New Red Fire,LT1,6,0,,76,43.18839207683708,-77.36601769924164
849,2015-07-21,harvest,Squash,Zucchini,Spineless Perfection,SQ9,28,18,,48,43.19305830000000,-77.37031530000000
850,2015-07-21,harvest,Squash,Zucchini,Spineless Perfection,SQ10,3,2,,48,43.19305500000000,-77.37034700000000
851,2015-07-21,harvest,Squash,Zucchini,Elite, SQ1,18,11.5,,47,43.19305430000000,-77.37036950000000
852,2015-07-21,harvest,Squash,Zucchini,Spineless Perfection,SQ2,17,10.7,,48,43.19308390000000,-77.37009050000002
853,2015-07-21,harvest,Squash,Summer Squash,Multipik,SQ10,17,8.5,,49,43.19306210000000,-77.37028389999999
854,2015-07-21,harvest,Squash,Summer Squash,Multipik,SQ11,9,4.5,,49,43.19307660000000,-77.37015690000000
855,2015-07-21,harvest,Squash,Summer Squash,Multipik,SQ3,16,8,,49,43.18397890000000,-77.35540170000000
856,2015-07-21,harvest,Cucumbers,Slicer Cuke,Marketmore 97,CU1,28,14,,52,43.18397890000000,-77.35540170000000
857,2015-07-22,harvest,Carrots,Orange Carrots,Jeannette,CT1,21,25,,27,43.18397890000000,-77.35540170000000
858,2015-07-22,harvest,Tomatoes,Cherry Tomatoes,Sakura,TM3,1,14,,67,43.18397890000000,-77.35540170000000
859,2015-07-22,harvest,Squash,Zucchini,Elite, SQ1,10,5,,47,43.19307410000000,-77.37019959999999
860,2015-07-22,harvest,Squash,Zucchini,Spineless Perfection,SQ2,10,5,,48,43.19307410000000,-77.37019959999999
861,2015-07-22,harvest,Squash,Zucchini,Spineless Perfection,SQ9,13,6.5,,48,43.19306890000000,-77.37024240000000
862,2015-07-22,harvest,Squash,Zucchini,Spineless Perfection,SQ10,14,7,,48,43.19307450000000,-77.37018110000000
863,2015-07-22,harvest,Squash,Summer Squash,Multipik,SQ11,11,4.4,,49,43.18397890000000,-77.35540170000000
864,2015-07-22,harvest,Squash,Summer Squash,Multipik,SQ3,10,3.5,,49,43.18397890000000,-77.35540170000000
865,2015-07-23,harvest,Cucumbers,Slicer Cuke,Marketmore 97,CU1,16,8,,52,43.18397890000000,-77.35540170000000
866,2015-07-23,harvest,Squash,Summer Squash,Multipik,SQ3,8,4,,49,43.18397890000000,-77.35540170000000
867,2015-07-23,harvest,Squash,Summer Squash,Multipik,SQ10,16,8,,49,43.18397890000000,-77.35540170000000
868,2015-07-23,harvest,Squash,Summer Squash,Multipik,SQ11,17,8.5,,49,43.18397890000000,-77.35540170000000
869,2015-07-23,harvest,Squash,Zucchini,Spineless Perfection,SQ10,20,12.8,,48,43.18397890000000,-77.35540170000000
870,2015-07-23,harvest,Squash,Zucchini,Elite, SQ1,13,8.3,,47,43.18397890000000,-77.35540170000000
871,2015-07-23,harvest,Squash,Zucchini,Spineless Perfection,SQ2,8,5,,48,43.18397890000000,-77.35540170000000
872,2015-07-23,plant,Lettuce,Mini Romaine,Dragoon,LT8,102,0,,8,43.18397890000000,-77.35540170000000
873,2015-07-23,plant,Lettuce,Mini Romaine,Dragoon,LT9,103,0,,8,43.18397890000000,-77.35540170000000
874,2015-07-23,plant,Lettuce,Romaine,Coastal Star,LT8,263,0,,11,43.18397890000000,-77.35540170000000
875,2015-07-24,plant,Lettuce,Mini Romaine,Breen,LT9,225,0,,9,43.19307020000000,-77.37021419999999
876,2015-07-24,harvest,Squash,Summer Squash,Multipik,SQ10,21,9.5,,49,43.18681000000001,-77.35540170000000
877,2015-07-24,harvest,Squash,Summer Squash,Multipik,SQ11,9,4,,49,43.18681000000001,-77.35540170000000
878,2015-07-24,harvest,Squash,Summer Squash,Multipik,SQ3,3,2,,49,43.18681000000001,-77.35540170000000
879,2015-07-24,harvest,Squash,Zucchini,Spineless Perfection,SQ10,14,9,,48,43.18681000000001,-77.35540170000000
880,2015-07-24,harvest,Squash,Zucchini,Elite,SQ1,12,8,,47,43.18681000000001,-77.35540170000000
881,2015-07-24,harvest,Squash,Zucchini,Spineless Perfection,SQ2,7,5,,48,43.18681000000001,-77.35540170000000
882,2015-07-24,harvest,Lettuce,Green Leaf,Tropicana,LT1,48,0,,3,43.18681000000001,-77.35540170000000
883,2015-07-24,harvest,Lettuce,Red Leaf,New Red Fire,LT1,48,0,,76,43.18681000000001,-77.35540170000000
884,2015-07-24,shrink,Lettuce,Green Leaf,Tropicana,LT1,11,0,,3,43.18681000000001,-77.35540170000000
885,2015-07-24,harvest,Carrots,Orange Carrots,Jeannette,CT1,13,14,,27,43.18681000000001,-77.35540170000000
886,2015-07-24,harvest,Radishes,Radishes,Celesta,RD1,9,8,,35,43.18681000000001,-77.35540170000000
887,2015-07-25,harvest,Onions,Bunching Onions,Pride,BO1,46,0,,34,43.19305820000000,-77.37054630000000
888,2015-07-25,plant,Lettuce,Red Leaf,Ruby Sky,LT9,45,0,,7,43.18825960000000,-77.36520710000000
889,2015-07-25,plant,Lettuce,Red Leaf,Ruby Sky,LT10,218,0,,7,43.18836540000000,-77.36560590000000
890,2015-07-25,plant,Lettuce,Salanova,Premier Collection,LT11,276,0,,1,43.19305810000000,-77.37054470000000
891,2015-07-25,plant,Lettuce,Green Leaf,Tropicana,LT11,12,0,,3,43.19305630000000,-77.37054690000000
892,2015-07-25,plant,Lettuce,Green Leaf,Tropicana,LT10,144,0,,3,43.19305660000000,-77.37054830000000
893,2015-07-26,harvest,Tomatoes,Cherry Tomatoes,Esterina,TM1,1,1.9,,68,43.18397890000000,-77.35540170000000
894,2015-07-26,harvest,Tomatoes,Cherry Tomatoes,Sakura,TM3,1,38.6,,67,43.18397890000000,-77.35540170000000
896,2015-07-26,harvest,Squash,Zucchini,Spineless Perfection,SQ9,43,32.25,,48,43.19305780000000,-77.37054370000000
897,2015-07-26,harvest,Squash,Zucchini,Spineless Perfection,SQ10,9,6.75,,48,43.19306470000000,-77.37051450000000
898,2015-07-26,harvest,Squash,Zucchini,Elite,SQ1,15,12,,47,43.19306340000000,-77.37051280000000
899,2015-07-26,harvest,Squash,Zucchini,Spineless Perfection,SQ2,25,18.75,,48,43.19306300000000,-77.37050450000000
900,2015-07-26,harvest,Squash,Summer Squash,Multipik,SQ3,14,7.84,,49,43.19306740000000,-77.37052130000000
901,2015-07-26,harvest,Squash,Summer Squash,Multipik,SQ10,21,11.76,,49,43.19305980000000,-77.37050359999999
902,2015-07-26,harvest,Squash,Summer Squash,Multipik,SQ11,28,15.68,,49,43.19306320000000,-77.37050909999999
903,2015-07-26,harvest,Cucumbers,Slicer Cuke,Marketmore 97,CU3,9,4.5,,52,43.19305670000000,-77.37054520000000
904,2015-07-26,harvest,Cucumbers,Slicer Cuke,Marketmore 97,CU1,49,26.95,,52,43.19305680000000,-77.37054750000000
905,2015-07-26,harvest,Cucumbers,Slicer Cuke,Marketmore 97,CU2,17,9.35,,52,43.19305700000000,-77.37054520000000
906,2015-07-27,harvest,Potatoes,Red Potatoes,Norlands,PO1,1,293,,36,43.19306650000000,-77.37051660000000
907,2015-07-27,harvest,Potatoes,Purple Potatoes,Purple Majesty,PO13,1,98.85,,39,43.19306340000000,-77.37051690000000
908,2015-07-27,harvest,Lettuce,Green Leaf,Tropicana,LT1,90,0,,3,43.18397890000000,-77.35540170000000
909,2015-07-27,shrink,Lettuce,Green Leaf,Tropicana,LT1,25,0,,3,43.18397890000000,-77.35540170000000
910,2015-07-27,harvest,Radishes,Radishes,Celesta,RD1,20,18,,35,43.18397890000000,-77.35540170000000
911,2015-07-27,plant,Romanesco,Romanesco,Veronica,CO18,159,0,,107,43.18397890000000,-77.35540170000000
912,2015-07-27,plant,Romanesco,Romanesco,Veronica,CO19,44,0,,107,43.18397890000000,-77.35540170000000
913,2015-07-27,plant,Cauliflower,Cauliflower,Skywalker,CO19,115,0,,114,43.18397890000000,-77.35540170000000
914,2015-07-27,plant,Cauliflower,Cauliflower,Skywalker,CO20,158,0,,114,43.18397890000000,-77.35540170000000
915,2015-07-28,harvest,Squash,Zucchini,Spineless Perfection,SQ9,33,25.08,,48,43.18887280000000,-77.36658770000000
916,2015-07-28,harvest,Squash,Zucchini,Spineless Perfection,SQ10,10,7.6,,48,43.18885640000000,-77.36657290000000
917,2015-07-28,harvest,Squash,Summer Squash,Multipik,SQ10,32,22.24,,49,43.18889340000000,-77.36648540000000
918,2015-07-28,harvest,Squash,Summer Squash,Multipik,SQ11,23,15.98,,49,43.18898700000000,-77.36655460000000
919,2015-07-28,harvest,Squash,Zucchini,Elite,SQ1,10,7.6,,47,43.19157900000000,-77.36611010000000
920,2015-07-28,harvest,Squash,Zucchini,Elite,SQ2,4,3.04,,47,43.19159110000000,-77.36609120000000
921,2015-07-28,harvest,Squash,Zucchini,Spineless Perfection,SQ2,12,9.12,,48,43.19302720000000,-77.37048700000000
922,2015-07-28,harvest,Cucumbers,Slicer Cuke,Marketmore 97,CU1,35,19.6,,52,43.19306520000000,-77.37052229999999
923,2015-07-28,harvest,Cucumbers,Slicer Cuke,Marketmore 97,CU3,48,26.88,,52,43.19306750000000,-77.37052539999999
924,2015-07-28,harvest,Cucumbers,Slicer Cuke,Marketmore 97,CU2,11,6.16,,52,43.19306810000000,-77.37051890000000
925,2015-07-28,harvest,Cucumbers,Specialty Cuke,Lemon,CU2,6,1.48,,54,43.19305600000000,-77.37054750000000
926,2015-07-28,harvest,Cucumbers,Mini Cuke,Picolino,CU2,29,12.38,,50,43.19306650000000,-77.37052589999999
927,2015-07-28,harvest,Squash,Zucchini,Elite,M4,14,6.86,,47,43.19306710000000,-77.37052560000000
928,2015-07-28,harvest,Squash,Summer Squash,Multipik,M4,14,6.86,,49,43.19306650000000,-77.37052700000000
929,2015-07-28,harvest,Radishes,Radishes,Celesta,RD2,68,65,picked from both rows,35,43.18397890000000,-77.35540170000000
930,2015-07-28,harvest,Beets,Red Beets,Boro,ON5,6,6,,25,43.18397890000000,-77.35540170000000
931,2015-07-28,harvest,Beets,Red Beets,Boro,ON4,29,29,,25,43.18397890000000,-77.35540170000000
938,2015-07-29,harvest,Onions,Sweet Onions,Walla Walla,ON1,100,0,,32,43.18839207683708,-77.36601769924164
939,2015-07-29,harvest,Squash,Zucchini,Spineless Perfection,SQ9,23,20,,48,43.19306090000000,-77.37049940000000
940,2015-07-29,harvest,Squash,Summer Squash,Multipik,SQ10,20,11.7,,49,43.19306370000000,-77.37051989999999
941,2015-07-29,harvest,Squash,Summer Squash,Multipik,SQ11,30,17.6,,49,43.19306910000000,-77.37052260000000
942,2015-07-29,harvest,Tomatoes,Slicer Tomatoes,Defiant,TM8,1,6,,64,43.19306590000000,-77.37052130000000
943,2015-07-29,harvest,Tomatoes,Slicer Tomatoes,Mountain Fresh Plus,TM7,1,7.5,,142,43.19306690000000,-77.37052240000000
944,2015-07-30,harvest,Lettuce,Romaine,Coastal Star,LT2,30,0,,11,43.18398850000000,-77.36347620000000
945,2015-07-30,harvest,Cucumbers,Slicer Cuke,Marketmore 97,CU3,58,30,,52,43.19306440000000,-77.37051319999999
946,2015-07-30,harvest,Cucumbers,Slicer Cuke,Marketmore 97,CU2,20,10,,52,43.19306310000000,-77.37049230000000
947,2015-07-30,harvest,Cucumbers,Slicer Cuke,Marketmore 97,CU1,60,30,,52,43.19306220000000,-77.37049280000000
948,2015-07-30,harvest,Tomatoes,Cherry Tomatoes,Sakura,TM3,1,8.36,,67,43.19306400000000,-77.37051650000000
949,2015-07-30,harvest,Tomatoes,Cherry Tomatoes,Esterina,TM1,1,10.33,,68,43.19306270000000,-77.37051060000000
950,2015-07-30,harvest,Squash,Summer Squash,Multipik,SQ11,48,26,,49,43.19306180000000,-77.37051380000000
951,2015-07-30,harvest,Squash,Zucchini,Spineless Perfection,SQ9,40,32,,48,43.19305780000000,-77.37054370000000
952,2015-07-30,harvest,Squash,Zucchini,Elite,SQ1,6,4.8,,47,43.19306480000000,-77.37051810000000
953,2015-07-30,harvest,Squash,Zucchini,Spineless Perfection,SQ2,6,4.8,,48,43.19306720000000,-77.37051360000000
954,2015-07-30,plant,Beans,Green Beans,Provider,BN2,2000,0,,70,43.19306410000000,-77.37051550000000
955,2015-07-30,plant,Beans,Yellow Beans,Rocdor,BN3,2000,0,,71,43.19306730000000,-77.37051869999999
956,2015-07-31,harvest,Onions,Sweet Onions,Walla Walla,ON1,13,0,,32,43.18839207683708,-77.36601769924164
957,2015-07-31,harvest,Squash,Summer Squash,Multipik,SQ10,13,7,,49,43.19307150000000,-77.37049329999999
958,2015-07-31,harvest,Squash,Summer Squash,Multipik,SQ11,19,10,,49,43.19307360000000,-77.37048980000000
959,2015-07-31,harvest,Squash,Zucchini,Spineless Perfection,SQ9,7,4.2,,48,43.19306810000000,-77.37052330000002
960,2015-07-31,harvest,Squash,Zucchini,Elite,SQ1,7,4.2,,47,43.19307000000000,-77.37050620000000
961,2015-07-31,harvest,Squash,Zucchini,Spineless Perfection,SQ2,8,4.8,,48,43.18839207683708,-77.36601769924164
962,2015-08-01,harvest,Tomatoes,Slicer Tomatoes,Defiant,TM8,1,48.7,,64,43.19306280000000,-77.37051149999999
963,2015-08-01,harvest,Tomatoes,Slicer Tomatoes,Defiant,TM7,1,15.8,,64,43.19306270000000,-77.37051690000000
964,2015-08-01,harvest,Tomatoes,Slicer Tomatoes,Defiant,TM9,1,43.8,,64,43.19305420000000,-77.37053050000000
965,2015-08-01,harvest,Tomatoes,Slicer Tomatoes,Mountain Fresh Plus,TM5,1,11,,142,43.19306690000000,-77.37051910000000
967,2015-08-01,harvest,Cucumbers,Slicer Cuke,Marketmore 97,CU1,32,16,,52,43.18397890000000,-77.35540170000000
968,2015-08-01,harvest,Cucumbers,Slicer Cuke,Marketmore 97,CU3,33,16,,52,43.18397890000000,-77.35540170000000
969,2015-08-02,harvest,Potatoes,Red Potatoes,Norlands,PO2,1,187.56,,36,43.19306510000000,-77.37051790000000
970,2015-08-02,harvest,Potatoes,Red Potatoes,Norlands,PO3,1,135.63,,36,43.19306970000000,-77.37052080000000
971,2015-08-02,harvest,Onions,Sweet Onions,Walla Walla,ON1,121,0,,32,43.19306640000000,-77.37050880000001
972,2015-08-02,harvest,Onions,Sweet Onions,Walla Walla,ON2,10,0,,32,43.19306410000000,-77.37050750000000
973,2015-08-02,harvest,Tomatoes,Cherry Tomatoes,Sakura,TM3,1,36.5,,67,43.19306330000000,-77.37051330000000
974,2015-08-02,harvest,Tomatoes,Cherry Tomatoes,Esterina,TM1,1,35.5,,68,43.19306790000000,-77.37052039999999
975,2015-08-02,harvest,Squash,Summer Squash,Multipik,SQ10,20,11,,49,43.19306240000000,-77.37051550000000
976,2015-08-02,harvest,Squash,Summer Squash,Multipik,SQ11,29,16,,49,43.19306270000000,-77.37051690000000
977,2015-08-02,harvest,Squash,Zucchini,Spineless Perfection,SQ9,24,21,,48,43.19306530000000,-77.37051290000000
978,2015-08-02,harvest,Squash,Zucchini,Elite,M4,14,12,,47,43.19306320000000,-77.37051720000000
979,2015-08-02,harvest,Squash,Zucchini,Elite,SQ1,7,5,,47,43.19306230000000,-77.37051389999999
980,2015-08-02,harvest,Squash,Zucchini,Spineless Perfection,SQ2,7,6,,48,43.19306320000000,-77.37051720000000
981,2015-08-02,harvest,Onions,Sweet Onions,Walla Walla,ON1,121,70,,32,43.19306570000000,-77.37052310000000
982,2015-08-02,harvest,Onions,Sweet Onions,Walla Walla,ON2,9,6,,32,43.19306050000000,-77.37051210000000
985,2015-08-03,harvest,Tomatoes,Specialty Tomatoes,Indigo Kumquat,TM2,1,3.58,,140,43.19305900000000,-77.37048650000000
986,2015-08-03,harvest,Tomatoes,Cherry Tomatoes,Sakura,TM3,1,66.17,,67,43.19305880000000,-77.37051080000000
987,2015-08-03,harvest,Cucumbers,Slicer Cuke,Marketmore 97,CU1,24,11.7,,52,43.19306650000000,-77.37051910000000
988,2015-08-03,harvest,Cucumbers,Slicer Cuke,Marketmore 97,CU3,25,13.88,,52,43.19306060000000,-77.37050860000000
989,2015-08-03,harvest,Squash,Summer Squash,Multipik,SQ10,8,5,,49,43.19305920000000,-77.37050409999999
990,2015-08-03,harvest,Squash,Summer Squash,Multipik,SQ11,15,7.5,,49,43.19306530000000,-77.37050540000000
991,2015-08-03,harvest,Squash,Zucchini,Spineless Perfection,SQ9,11,7.7,,48,43.19306900000000,-77.37049820000000
992,2015-08-03,harvest,Squash,Zucchini,Elite,M4,6,4.2,,47,43.19306910000000,-77.37050719999999
993,2015-08-03,harvest,Squash,Zucchini,Elite,SQ1,4,2.8,,47,43.19306670000000,-77.37052560000000
994,2015-08-03,harvest,Squash,Zucchini,Elite,SQ1,4,2.8,,47,43.19306670000000,-77.37052560000000
995,2015-08-03,harvest,Squash,Zucchini,Spineless Perfection,SQ2,4,2.8,,48,43.19306630000000,-77.37052360000000
1022,2015-08-03,harvest,Melons,Cantaloupe,Athena,M2,10,0,,124,43.09680000000000,-77.33360000000000
996,2015-08-04,harvest,Lettuce,Green Leaf,Tropicana,LT2,52,0,,3,43.18839207683708,-77.36601769924164
997,2015-08-04,shrink,Lettuce,Green Leaf,Tropicana,LT2,1,0,,3,43.18839207683708,-77.36601769924164
998,2015-08-04,shrink,Lettuce,Green Leaf,Tropicana,LT2,1,0,,3,43.18839207683708,-77.36601769924164
999,2015-08-04,harvest,Lettuce,Red Leaf,New Red Fire,LT2,132,0,,76,43.18839207683708,-77.36601769924164
1000,2015-08-04,shrink,Lettuce,Red Leaf,New Red Fire,LT2,2,0,,76,43.18839207683708,-77.36601769924164
1001,2015-08-04,harvest,Onions,Sweet Onions,Walla Walla,ON2,106,70,,32,43.19306560000000,-77.37051650000000
1002,2015-08-04,harvest,Kale,White Kale,White Russian,KA1,20,0,bunches of 14,173,43.19305600000000,-77.37054450000000
1003,2015-08-04,harvest,Greens,Swiss Chard,Bright Lights,BT5,4,0,bunches of 12 ,60,43.19306520000000,-77.37051620000000
1004,2015-08-05,harvest,Lettuce,Red Leaf,New Red Fire,LT2,98,0,,76,43.19308360000000,-77.37053820000000
1005,2015-08-05,harvest,Kale,White Kale,White Russian,KA1,20,0,Bunches of 14,173,43.19307510000000,-77.37052860000000
1006,2015-08-05,harvest,Greens,Swiss Chard,Bright Lights,BT5,10,0,bunches of 12,60,43.19306320000000,-77.37052899999999
1008,2015-08-06,harvest,Eggplant,Purple Eggplant,Classic,P1,0,36,,56,43.19305820000000,-77.37054820000002
1009,2015-08-06,harvest,Peppers,Hot Peppers,Jalafuego,P3,0,12,,45,43.19306120000000,-77.37051500000000
1010,2015-08-06,harvest,Peppers,Bell Peppers,Olympus,P4,0,41.84,,40,43.19306270000000,-77.37052010000000
1011,2015-08-07,harvest,Lettuce,Green Leaf,Tropicana,LT3,31,0,,3,43.18810450000000,-77.36520900000000
1013,2015-08-07,harvest,Peppers,Bell Peppers,Olympus,P4,20,7.6,,40,43.09680000000000,-77.33360000000000
1014,2015-08-07,harvest,Squash,Zucchini,Spineless Perfection,SQ9,13,10,,48,43.09680000000000,-77.33360000000000
1015,2015-08-07,harvest,Squash,Zucchini,Elite,M4,18,11,,47,43.09680000000000,-77.33360000000000
1016,2015-08-07,harvest,Squash,Summer Squash,Multipik,SQ10,5,2.5,,49,43.09680000000000,-77.33360000000000
1017,2015-08-07,harvest,Squash,Summer Squash,Multipik,SQ11,18,9,,49,43.09680000000000,-77.33360000000000
1018,2015-08-07,harvest,Onions,Sweet Onions,Walla Walla,ON3,20,12,,32,43.09680000000000,-77.33360000000000
1019,2015-08-07,harvest,Leeks,Leeks,Pandora,ON2,11,0,,30,43.09680000000000,-77.33360000000000
1020,2015-08-07,harvest,Squash,Winter Squash,Spaghetti Squash,SQ8,13,32,,134,43.09680000000000,-77.33360000000000
1021,2015-08-07,harvest,Melons,Cantaloupe,Athena,M2,20,0,,124,43.09680000000000,-77.33360000000000
1028,2015-08-07,harvest,Tomatoes,Slicer Tomatoes,Defiant,TM7,1,42,,64,43.18839207683708,-77.36601769924164
1029,2015-08-07,harvest,Tomatoes,Slicer Tomatoes,Defiant,TM8,1,140,,64,43.18839207683708,-77.36601769924164
1030,2015-08-07,harvest,Beets,Red Beets,Boro,BT5,12,10,,25,43.12399500000000,-77.69657070000000
1031,2015-08-07,harvest,Beets,Golden Beets,Touchstone,BT5,5,4,,26,43.12399500000000,-77.69657070000000
1023,2015-08-08,plant,Cabbage,Red Cabbage,Red Express,CO21,129,0,,129,43.18924240000000,-77.36596170000000
1024,2015-08-08,plant,Cabbage,Green Cabbage,Farao,CO21,100,0,,128,43.18839207683708,-77.36601769924164
1025,2015-08-08,plant,Cabbage,Green Cabbage,Farao,CO22,41,0,,128,43.18917360000000,-77.36582100000000
1026,2015-08-08,plant,Broccoli,Broccoli,Green Magic,CO22,198,0,,18,43.18908400000000,-77.36574800000000
1027,2015-08-08,plant,Broccoli,Broccoli,Green Magic,CO23,10,0,,18,43.18908400000000,-77.36574800000000
1032,2015-08-10,harvest,Lettuce,Mini Romaine,Dragoon,LT7,136,0,,8,43.19306860000000,-77.37052480000000
1033,2015-08-10,harvest,Kale,Green Kale,Vates,KA1,12,0,bunches of 15,21,43.19306850000000,-77.37052620000000
1034,2015-08-10,sow,Kale,Red Kale,Red Russian,,256,0,,22,43.19307920000000,-77.37053800000000
1035,2015-08-10,sow,Kale,Toscano Kale,Toscano,,256,0,,23,43.19307920000000,-77.37053800000000
1036,2015-08-10,sow,Kale,Green Kale,Vates,,256,0,,21,43.19308230000000,-77.37054230000000
1037,2015-08-10,sow,Kale,White Kale,White Russian,,256,0,,173,43.19308230000000,-77.37054230000000
1038,2015-08-10,sow,Beets,Red Beets,Merlin,,800,0,,169,43.19307920000000,-77.37053800000000
1039,2015-08-10,sow,Beets,Golden Beets,Touchstone,,800,0,,26,43.19308230000000,-77.37054230000000
1040,2015-08-10,sow,Lettuce,Red Leaf,Ruby Sky,,200,0,,7,43.19307700000000,-77.37053680000000
1041,2015-08-10,sow,Lettuce,Green Leaf,Green Star,,200,0,,4,43.19307920000000,-77.37053800000000
1042,2015-08-10,sow,Lettuce,Romaine,Green Forest,,200,0,,10,43.19308230000000,-77.37054230000000
1043,2015-08-10,sow,Lettuce,Romaine,Cosmo,,200,0,,135,43.19307960000000,-77.37054030000000
1044,2015-08-10,sow,Lettuce,Mini Romaine,Ansar,,170,0,,176,43.19307700000000,-77.37053680000000
1045,2015-08-10,sow,Lettuce,Mini Romaine,Pomegranate Crunch,,180,0,,177,43.19308230000000,-77.37054230000000
1046,2015-08-10,sow,Lettuce,Salanova,Premier Collection,,200,0,,1,43.19307700000000,-77.37053680000000
1047,2015-08-10,shrink,Tomatoes,Cherry Tomatoes,Esterina,,0,13.4,,68,43.19306710000000,-77.37052829999999
1048,2015-08-10,shrink,Tomatoes,Cherry Tomatoes,Sakura,,0,5.3,,67,43.19306250000000,-77.37051910000000
1049,2015-08-12,harvest,Tomatoes,Cherry Tomatoes,Sakura,TM3,0,143,,67,43.19306450000000,-77.37051900000000
1050,2015-08-12,harvest,Tomatoes,Cherry Tomatoes,Esterina,TM1,0,60.51,,68,43.19306620000000,-77.37052520000000
1051,2015-08-12,harvest,Squash,Summer Squash,Multipik,SQ11,75,50,,49,43.19306470000000,-77.37052240000000
1052,2015-08-12,harvest,Squash,Zucchini,Spineless Perfection,SQ9,20,26,,48,43.19306070000000,-77.37051540000000
1063,2015-08-13,harvest,Squash,Summer Squash,Multipik,SQ11,73,42,,49,43.19307150000000,-77.37054940000000
1064,2015-08-13,harvest,Squash,Zucchini,Spineless Perfection,SQ9,18,13.7,,48,43.19306640000000,-77.37053090000000
1065,2015-08-13,harvest,Beets,Red Beets,Boro,BT4,22,23.3,,25,43.19306820000000,-77.37053050000000
1066,2015-08-13,harvest,Beets,Golden Beets,Touchstone,BT5,18,18,,26,43.19306580000000,-77.37053410000000
1067,2015-08-13,harvest,Leeks,Leeks,Pandora,ON2,11,15,,30,43.19306800000000,-77.37053499999999
1068,2015-08-13,harvest,Onions,Red Onions,Red Wing,ON1,30,15.4,,138,43.19305540000000,-77.37054859999999
1069,2015-08-13,harvest,Onions,Yellow Onions,Cortland,ON2,30,18,,33,43.19306620000000,-77.37054820000002
1070,2015-08-13,harvest,Onions,Sweet Onions,Walla Walla,ON2,52,40,,32,43.19306030000000,-77.37050380000000
1071,2015-08-13,harvest,Squash,Winter Squash,Spaghetti Squash,SQ8,0,41.5,,134,43.19306500000000,-77.37053110000000
1053,2015-08-15,harvest,Squash,Summer Squash,Multipik,SQ11,54,31,,49,43.19306110000000,-77.37051890000000
1054,2015-08-16,harvest,Squash,Winter Squash,Sugarbush,SQ6,135,204,,132,43.19306340000000,-77.37052340000000
1055,2015-08-16,harvest,Tomatoes,Cherry Tomatoes,Esterina,TM1,0,25,,68,43.19306430000000,-77.37054739999999
1056,2015-08-16,harvest,Tomatoes,Cherry Tomatoes,Sakura,TM3,0,12.7,,67,43.19306360000000,-77.37054820000002
1057,2015-08-16,harvest,Tomatoes,Slicer Tomatoes,Defiant,TM7,0,105,,64,43.19306540000000,-77.37054700000002
1058,2015-08-16,harvest,Tomatoes,Slicer Tomatoes,Mountain Fresh Plus,TM6,0,46,,142,43.19306650000000,-77.37054920000000
1059,2015-08-16,harvest,Squash,Summer Squash,Multipik,SQ10,12,7,,49,43.19306290000000,-77.37052770000001
1060,2015-08-16,harvest,Squash,Zucchini,Spineless Perfection,SQ9,27,26,,48,43.19306760000000,-77.37052620000000
1061,2015-08-17,harvest,Tomatoes,Slicer Tomatoes,Defiant,TM7,0,59,,64,43.19306520000000,-77.37054970000000
1062,2015-08-17,harvest,Tomatoes,Slicer Tomatoes,Celebrity,TM10,0,61,,66,43.19306690000000,-77.37054920000000
1072,2015-08-18,harvest,Kale,White Kale,White Russian,KA1,13,0,,173,43.19321560000000,-77.37044970000000
1073,2015-08-18,harvest,Kale,Toscano Kale,Toscano,KA2,7,0,,23,43.19302380000000,-77.37065390000000
1074,2015-08-18,harvest,Squash,Zucchini,Spineless Perfection,SQ9,31,31.5,,48,43.19306740000000,-77.37054640000000
1075,2015-08-18,harvest,Squash,Summer Squash,Multipik,SQ10,55,35,,49,43.19306630000000,-77.37054820000002
1076,2015-08-19,harvest,Potatoes,Russet Potatoes,Russet Burbank,PO6,0,141.52,,38,43.19308230000000,-77.37055170000000
1077,2015-08-19,harvest,Potatoes,Russet Potatoes,Russet Burbank,PO5,0,131.9,,38,43.19307480000000,-77.37055269999999
1078,2015-08-19,harvest,Squash,Summer Squash,Multipik,SQ11,22,14.07,,49,43.19306460000000,-77.37055289999999
1079,2015-08-19,harvest,Squash,Zucchini,Spineless Perfection,SQ9,12,8.25,,48,43.19306790000000,-77.37051640000000
1080,2015-08-19,harvest,Peppers,Hot Peppers,Jalafuego,,0,7.9,,45,43.19307080000000,-77.37051730000000
1081,2015-08-19,harvest,Peppers,Bell Peppers,Olympus,P4,93,0,,40,43.18839207683708,-77.36601769924164
1082,2015-08-19,harvest,Eggplant,Purple Eggplant,Classic,P1,0,32,,56,43.18839207683708,-77.36601769924164
1083,2015-08-19,harvest,Tomatoes,Specialty Tomatoes,Indigo Kumquat,TM2,0,30.2,,140,43.18839207683708,-77.36601769924164
1084,2015-08-19,harvest,Tomatoes,Specialty Tomatoes,Indigo Rose,TM2,0,21.5,,139,43.19307530000000,-77.37053999999999
1090,2015-08-20,harvest,Tomatoes,Cherry Tomatoes,Sakura,TM3,0,26,,67,43.19307240000000,-77.37053170000000
1092,2015-08-20,harvest,Beets,Red Beets,Boro,BT4,10,17,,25,43.19306860000000,-77.37053159999999
1093,2015-08-20,harvest,Beets,Golden Beets,Touchstone,BT5,9,13,,26,43.19307130000001,-77.37053440000000
1094,2015-08-20,harvest,Greens,Swiss Chard,Bright Lights,BT5,8,0,,60,43.19307170000000,-77.37051610000000
1095,2015-08-20,harvest,Kale,Toscano Kale,Toscano,KA2,6,0,,23,43.19306310000000,-77.37050380000000
1096,2015-08-20,harvest,Kale,Green Kale,Vates,KA1,6,0,,21,43.19306780000000,-77.37051780000000
1097,2015-08-20,harvest,Kale,White Kale,White Russian,KA1,6,0,,173,43.19306990000000,-77.37053270000000
1098,2015-08-20,harvest,Leeks,Leeks,Pandora,ON3,9,12,,30,43.19307580000000,-77.37055050000000
1099,2015-08-20,harvest,Tomatoes,Cherry Tomatoes,Esterina,TM1,0,25,,68,43.19307240000000,-77.37055170000000
1012,2015-08-21,shrink,Lettuce,Green Leaf,Tropicana,LT3,1,0,,3,43.19188570000000,-77.36602190000000
1085,2015-08-21,harvest,Kale,Green Kale,Vates,KA2,15,0,200 leaves,21,43.18831960000000,-77.36542520000000
1086,2015-08-21,harvest,Lettuce,Salanova,Premier Collection,LT11,37,0,,1,43.18397890000000,-77.35540170000000
1087,2015-08-21,harvest,Greens,Swiss Chard,Bright Lights,BT5,10,0,bunches of 15,60,43.18397890000000,-77.35540170000000
1088,2015-08-21,harvest,Beets,Golden Beets,Touchstone,BT4,8,0,bunches of 5rn,26,43.18397890000000,-77.35540170000000
1089,2015-08-21,harvest,Beets,Red Beets,Boro,BT4,6,0,bunches of 5,25,43.18397890000000,-77.35540170000000
1091,2015-08-21,harvest,Lettuce,Salanova,Premier Collection,LT11,75,0,,1,43.19307780000000,-77.37055190000000
1100,2015-08-21,harvest,Kale,Green Kale,Vates,KA2,6,0,,21,43.19307160000000,-77.37052620000000
1101,2015-08-21,harvest,Kale,White Kale,White Russian,KA1,4,0,,173,43.19307020000000,-77.37050870000000
1102,2015-08-21,harvest,Greens,Swiss Chard,Bright Lights,BT5,8,0,,60,43.19307020000000,-77.37051230000000
1103,2015-08-21,harvest,Squash,Summer Squash,Multipik,SQ11,50,36,,49,43.19306970000000,-77.37053010000001
1104,2015-08-21,harvest,Squash,Zucchini,Spineless Perfection,SQ9,22,15,,48,43.19306970000000,-77.37050940000000
1105,2015-08-21,harvest,Beets,Red Beets,Boro,BT4,8,11,,25,43.19306970000000,-77.37050940000000
1106,2015-08-21,harvest,Beets,Golden Beets,Touchstone,BT5,8,11.8,,26,43.19306990000000,-77.37053000000000
1116,2015-08-21,plant,Lettuce,Red Leaf,Ruby Sky,LT13,263,0,,7,43.19306970000000,-77.37053510000000
1131,2015-08-21,shrink,Lettuce,Salanova,Premier Collection,LT10,201,0,,1,43.19308010000000,-77.37055300000000
1132,2015-08-21,shrink,Lettuce,Mini Romaine,Dragoon,,205,0,,8,43.19308660000000,-77.37055070000000
1133,2015-08-21,shrink,Lettuce,Romaine,Coastal Star,,263,0,,11,43.19308570000000,-77.37055170000000
1134,2015-08-21,shrink,Lettuce,Mini Romaine,Breen,,225,0,,9,43.19308030000000,-77.37055300000000
1135,2015-08-21,shrink,Lettuce,Green Leaf,Tropicana,,156,0,,3,43.19308020000000,-77.37055269999999
1107,2015-08-22,plant,Broccoli,Broccoli,Green Magic,CO16,189,0,,18,43.19306720000000,-77.37052870000000
1108,2015-08-22,plant,Broccoli,Broccoli,Green Magic,CO17,66,0,,18,43.19306510000000,-77.37052179999999
1109,2015-08-23,plant,Lettuce,Salanova,Premier Collection,LT10,329,0,,1,43.18837680000000,-77.36531110000000
1110,2015-08-23,plant,Lettuce,Mini Romaine,Pomegranate Crunch,LT11,196,0,,177,43.18839600000000,-77.36519310000000
1111,2015-08-23,plant,Lettuce,Mini Romaine,Ansar,LT11,116,0,,176,43.18838540000000,-77.36510140000000
1112,2015-08-23,plant,Lettuce,Mini Romaine,Ansar,LT12,84,0,,176,43.18851540000000,-77.36515880000000
1113,2015-08-23,plant,Lettuce,Romaine,Green Forest,LT12,123,0,,10,43.18839207683708,-77.36601769924164
1114,2015-08-23,plant,Lettuce,Romaine,Salvius,LT12,117,0,,13,43.18848330000000,-77.36517590000000
1115,2015-08-23,plant,Lettuce,Green Leaf,Green Star,LT13,117,0,,4,43.19306710000000,-77.37053170000000
1117,2015-08-23,plant,Beets,Red Beets,Merlin,BT8,420,0,,169,43.20846350000000,-77.46180930000000
1118,2015-08-24,harvest,Tomatoes,Specialty Tomatoes,Indigo Kumquat,TM2,0,23.25,,140,43.19307060000000,-77.37053259999999
1119,2015-08-24,harvest,Tomatoes,Specialty Tomatoes,Indigo Rose,TM2,0,25.7,,139,43.19306550000000,-77.37052630000000
1120,2015-08-24,plant,Beets,Red Beets,Merlin,BT7,360,0,,169,43.18828600000000,-77.36556890000000
1121,2015-08-24,plant,Beets,Golden Beets,Touchstone,BT7,228,0,,26,43.18841870000000,-77.36576860000000
1122,2015-08-24,plant,Beets,Golden Beets,Touchstone,BT9,417,0,,26,43.18837000000000,-77.36570120000000
1125,2015-08-25,harvest,Tomatoes,Slicer Tomatoes,Mountain Fresh Plus,TM6,0,75,,142,43.19306290000000,-77.37052620000000
1123,2015-08-26,harvest,Potatoes,White Potatoes,Kennebec,PO12,0,90,,37,43.19306690000000,-77.37050400000000
1124,2015-08-26,harvest,Potatoes,White Potatoes,Kennebec,PO11,0,118,,37,43.19306900000000,-77.37053259999999
1126,2015-08-26,harvest,Tomatoes,Slicer Tomatoes,Mountain Fresh Plus,TM5,0,45,,142,43.19307080000000,-77.37052980000000
1127,2015-08-26,harvest,Squash,Summer Squash,Multipik,SQ11,45,29,,49,43.19306290000000,-77.37052620000000
1128,2015-08-26,harvest,Squash,Zucchini,Spineless Perfection,SQ9,31,24,,48,43.19306610000000,-77.37052600000000
1129,2015-08-26,harvest,Peppers,Hot Peppers,Jalafuego,P3,0,10,,45,43.19306640000000,-77.37050730000000
1130,2015-08-27,shrink,Lettuce,Mini Romaine,Dragoon,,15,0,,8,43.19307600000000,-77.37051760000000
1136,2015-08-27,harvest,Eggplant,Purple Eggplant,Classic,P1,15,7.5,,56,43.19307210000000,-77.37055289999999
1137,2015-08-28,harvest,Beets,Red Beets,Boro,BT4,0,25,,25,43.18744320000000,-77.35540170000000
1138,2015-08-28,harvest,Beets,Golden Beets,Touchstone,BT4,0,11,,26,43.18744320000000,-77.35540170000000
1139,2015-08-28,harvest,Kale,Green Kale,Vates,KA1,13,0,Bunches of 15,21,43.18744320000000,-77.35540170000000
1140,2015-08-28,harvest,Greens,Swiss Chard,Bright Lights,BT5,10,0,Bunches of 15,60,43.18744320000000,-77.35540170000000
1141,2015-08-28,harvest,Tomatoes,Cherry Tomatoes,Esterina,TM1,0,12.48,,68,43.18744320000000,-77.35540170000000
1142,2015-08-28,harvest,Kale,White Kale,White Russian,KA2,22,0,,173,43.18896820000000,-77.36662350000000
1143,2015-08-28,harvest,Kale,Toscano Kale,Toscano,KA2,8,0,,23,43.19037040000000,-77.36734000000000
1144,2015-08-28,harvest,Squash,Summer Squash,Multipik,SQ11,60,34,,49,43.19306720000000,-77.37052829999999
1145,2015-08-28,harvest,Beets,Red Beets,Boro,BT4,27,30,,25,43.19306780000000,-77.37053130000000
1146,2015-08-28,harvest,Beets,Golden Beets,Touchstone,BT5,15,17,,26,43.19306530000000,-77.37051480000000
1147,2015-08-28,harvest,Squash,Zucchini,Spineless Perfection,SQ12,63,39,,48,43.19306780000000,-77.37053130000000
1148,2015-08-28,harvest,Peppers,Bell Peppers,Olympus,P4,80,40,,40,43.19306330000000,-77.37055170000000
1149,2015-08-28,harvest,Eggplant,Purple Eggplant,Classic,P1,14,9.5,,56,43.19306220000000,-77.37055220000000
1188,2015-08-29,sow,Radishes,Radishes,Celesta,RD3,750,0,,35,43.19306900000000,-77.37047430000000
1189,2015-08-29,sow,Radishes,Radishes,Celesta,RD4,250,0,,35,43.19331520000000,-77.37044130000000
1150,2015-09-01,harvest,Kale,White Kale,White Russian,KA1,20,0,Bunches of 3 plants ,173,43.18829620000000,-77.36519110000000
1151,2015-09-01,harvest,Squash,Summer Squash,Multipik,SQ11,0,20.11,,49,43.18838030000000,-77.36537280000000
1152,2015-09-01,harvest,Beets,Red Beets,Boro,BT4,0,24.75,,25,43.18839207683708,-77.36601769924164
1153,2015-09-01,harvest,Greens,Swiss Chard,Bright Lights,BT5,5,0,Bunches of 15,60,43.18813690000000,-77.36535840000000
1156,2015-09-02,sow,Beans,Green Beans,Provider,g1,11,11,,70,43.18397890000000,-77.35540170000000
1157,2015-09-02,sow,Beans,Green Beans,Provider,b6,11,11,ee,70,43.18397890000000,-77.35540170000000
1158,2015-09-02,plant,Cucumbers,Specialty Cuke,Lemon,b1,11,0,,54,43.18397890000000,-77.35540170000000
1159,2015-09-02,harvest,Tomatoes,Specialty Tomatoes,Indigo Rose,TM2,0,26.3,,139,43.18839207683708,-77.36601769924164
1160,2015-09-03,harvest,Peppers,Mini Peppers,Lunchbox,P1,0,8,,136,43.18839207683708,-77.36601769924164
1161,2015-09-03,harvest,Peppers,Mini Peppers,Lunchbox,P2,0,2.5,,136,43.18839207683708,-77.36601769924164
1162,2015-09-03,harvest,Kale,Green Kale,Vates,KA1,15,0,16 per bunch,21,43.19306780000000,-77.37053499999999
1163,2015-09-03,harvest,Kale,Toscano Kale,Toscano,KA2,10,0,4 plants per bunch,23,43.19306800000000,-77.37053180000000
1164,2015-09-03,harvest,Carrots,Purple Carrots,Purple Haze,CT4,4,0,bunches of 6,131,43.19306340000000,-77.37052240000000
1165,2015-09-03,harvest,Carrots,Multi Carrots,Rainbow,CT3,5,0,bunches of 9,175,43.19307000000000,-77.37055250000000
1166,2015-09-03,harvest,Carrots,Orange Carrots,Resistafly,CT5,4,0,bunches of 8,29,43.19306840000000,-77.37052410000000
1167,2015-09-03,harvest,Tomatoes,Slicer Tomatoes,Celebrity,TM9,0,60,,66,43.19306110000000,-77.37052020000000
1168,2015-09-03,harvest,Squash,Summer Squash,Multipik,SQ11,45,30,,49,43.19306440000000,-77.37052720000000
1169,2015-09-03,harvest,Squash,Zucchini,Spineless Perfection,SQ9,16,9,,48,43.19306120000000,-77.37052059999999
1170,2015-09-03,harvest,Squash,Zucchini,Spineless Perfection,SQ12,12,7,,48,43.19306340000000,-77.37053050000000
1171,2015-09-03,harvest,Leeks,Leeks,Pandora,ON3,21,21,bunches of 4,30,43.19306340000000,-77.37053050000000
1181,2015-09-03,harvest,Burdock,Cardoons,Porto Spineless,CDN1,6,0,,170,43.18839207683708,-77.36601769924164
1172,2015-09-04,harvest,Kale,Toscano Kale,Toscano,KA2,10,0,Bunches of 3 plants ,23,43.18839207683708,-77.36601769924164
1173,2015-09-04,harvest,Kale,Green Kale,Vates,KA2,20,0,Bunches of 4 plants,21,43.22361470000000,-77.37353060000000
1174,2015-09-06,harvest,Potatoes,White Potatoes,Kennebec,PO10,0,105,,37,43.19305550000000,-77.37049060000000
1175,2015-09-08,harvest,Carrots,Orange Carrots,Nectar,CT6,13,18,,28,43.18839207683708,-77.36601769924164
1176,2015-09-08,harvest,Kale,Toscano Kale,Toscano,KA2,10,0,,23,43.18839207683708,-77.36601769924164
1177,2015-09-08,harvest,Peppers,Mini Peppers,Lunchbox,P2,0,13,,136,43.18839207683708,-77.36601769924164
1178,2015-09-08,harvest,Leeks,Leeks,Pandora,ON3,22,0,,30,43.18839207683708,-77.36601769924164
1179,2015-09-08,harvest,Kale,Green Kale,Vates,KA2,10,0,,21,43.18397890000000,-77.35540170000000
1180,2015-09-09,harvest,Burdock,Cardoons,Porto Spineless,CDN1,12,0,,170,43.19306770000000,-77.37055310000000
1182,2015-09-09,shrink,Beans,Yellow Beans,Rocdor,BN2,1000,0,Flooding destroyed plants,71,43.19306770000000,-77.37052440000000
1154,2015-09-10,sow,Beans,Yellow Beans,Rocdor,M4,50,0,,71,43.19308030000000,-77.37055760000000
1183,2015-09-10,harvest,Potatoes,Russet Potatoes,Russet Burbank,PO7,0,194,,38,43.19306550000000,-77.37052190000000
1184,2015-09-10,harvest,Leeks,Leeks,Pandora,ON3,15,0,,30,43.18397890000000,-77.35540170000000
1185,2015-09-11,harvest,Carrots,Orange Carrots,Nectar,CT5,15,0,Bunches of 8,28,43.19307580000000,-77.37048620000000
1186,2015-09-11,harvest,Carrots,Multi Carrots,Rainbow,CT4,7,0,Bunches of 9,175,43.19312280000000,-77.37056220000000
1187,2015-09-11,harvest,Carrots,Purple Carrots,Purple Haze,CT6,4,0,Bunches of 7,131,43.19311770000000,-77.37055650000000
1190,2015-09-11,harvest,Kale,White Kale,White Russian,KA1,10,0,,173,43.18987010000000,-77.36728200000000
1191,2015-09-11,harvest,Kale,Toscano Kale,Toscano,KA2,10,0,,23,43.18989600000000,-77.36722750000000
1192,2015-09-11,harvest,Kale,Green Kale,Vates,KA1,10,0,,21,43.18835030000000,-77.36534050000000
1193,2015-09-11,harvest,Carrots,Purple Carrots,Purple Haze,CT6,19,0,Bunches of 6-7,131,43.18161370000000,-77.40412560000000
1194,2015-09-11,harvest,Lettuce,Salanova,Premier Collection,LT10,24,0,,1,43.19307180000000,-77.37053740000000
1195,2015-09-11,harvest,Burdock,Cardoons,Porto Spineless,CDN1,8,0,,170,43.19307570000000,-77.37050590000000
1196,2015-09-11,harvest,Greens,Swiss Chard,Bright Lights,BT5,6,0,,60,43.19307690000000,-77.37053399999999
1197,2015-09-16,plant,Lettuce,Romaine,Cosmo,LT14,191,0,,135,43.18397890000000,-77.35540170000000
1198,2015-09-16,plant,Lettuce,Romaine,Green Forest,LT14,174,0,,10,43.18397890000000,-77.35540170000000
1199,2015-09-16,plant,Lettuce,Mini Romaine,Ansar,LT14,167,0,,176,43.18397890000000,-77.35540170000000
1200,2015-09-16,plant,Lettuce,Mini Romaine,Ansar,LT15,85,0,,176,43.18397890000000,-77.35540170000000
1201,2015-09-16,plant,Lettuce,Red Leaf,Ruby Sky,LT15,192,0,,7,43.18397890000000,-77.35540170000000
1202,2015-09-16,plant,Lettuce,Green Leaf,Green Star,LT15,121,0,,4,43.18397890000000,-77.35540170000000
1203,2015-09-16,plant,Lettuce,Salanova,Premier Collection,LT15,151,0,,1,43.18397890000000,-77.35540170000000
1204,2015-09-16,harvest,Burdock,Cardoons,Porto Spineless,CDN1,10,0,,170,43.19308750000000,-77.37055540000000
1205,2015-09-16,harvest,Kale,Green Kale,Vates,KA1,10,0,,21,43.19328960000000,-77.37047380000000
1206,2015-09-16,harvest,Kale,White Kale,White Russian,KA1,5,0,,173,43.19308000000000,-77.37050580000000
1207,2015-09-16,harvest,Kale,Toscano Kale,Toscano,KA2,10,0,,23,43.19308600000000,-77.37055590000000
1208,2015-09-16,harvest,Lettuce,Salanova,Premier Collection,LT10,40,0,,1,43.19308190000000,-77.37051090000000
1209,2015-09-16,harvest,Beets,Golden Beets,Touchstone,BT9,6,0,Baby beets ,26,43.19308800000000,-77.37051930000000
1210,2015-09-16,harvest,Beets,Red Beets,Merlin,BT7,5,0,Baby beets ,169,43.19320020000000,-77.37055660000000
1213,2015-09-16,plant,Radishes,Radishes,Celesta,RD5,1000,0,,35,43.20479930000000,-77.45624330000000
1214,2015-09-16,plant,Radishes,Radishes,Celesta,RD6,1000,0,,35,43.20472440000000,-77.45624640000000
1215,2015-09-16,harvest,Beets,Golden Beets,Touchstone,BT4,0,10,,26,43.20476450000000,-77.45618470000000
1211,2015-09-17,harvest,Peppers,Mini Peppers,Lunchbox,P1,0,6,,136,43.20479180000000,-77.45622580000000
1212,2015-09-17,harvest,Carrots,Multi Carrots,Rainbow,CT3,7,0,Bunches of 6-7,175,43.20476060000000,-77.45624660000000
1216,2015-09-17,harvest,Squash,Summer Squash,Multipik,SQ11,20,0,,49,43.20480040000000,-77.45629040000000
1217,2015-09-17,harvest,Squash,Zucchini,Spineless Perfection,SQ12,4,0,,48,43.20478200000000,-77.45629250000000
1218,2015-09-17,harvest,Lettuce,Salanova,Premier Collection,LT10,4,0,,1,43.20480580000000,-77.45615110000000
1219,2015-09-18,harvest,Beans,Green Beans,Provider,BN1,11,11,,70,43.09867420000000,-77.44193779999999
1221,2015-09-18,plant,Kale,Red Kale,Red Russian,CO26,60,0,,22,43.19306250000000,-77.37055079999999
1222,2015-09-18,plant,Kale,Toscano Kale,Toscano,CO25,57,0,,23,43.19307670000000,-77.37055170000000
1223,2015-09-18,plant,Kale,White Kale,White Russian,CO26,60,0,,173,43.19307920000000,-77.37055170000000
1225,2015-09-18,plant,Kale,Green Kale,Vates,CO25,59,0,,21,43.19306820000000,-77.37053360000000
1234,2015-09-18,harvest,Burdock,Cardoons,Porto Spineless,CDN2,10,25,,170,43.18397890000000,-77.35540170000000
1236,2015-09-18,harvest,Potatoes,White Potatoes,Kennebec,PO9,1,110,,37,43.18397890000000,-77.35540170000000
1238,2015-09-18,harvest,Lettuce,Salanova,Premier Collection,LT11,18,0,,1,43.18397890000000,-77.35540170000000
1239,2015-09-18,harvest,Lettuce,Mini Romaine,Ansar,LT12,18,0,,176,43.18397890000000,-77.35540170000000
1240,2015-09-18,harvest,Lettuce,Mini Romaine,Pomegranate Crunch,LT11,18,0,,177,43.18397890000000,-77.35540170000000
1241,2015-09-18,harvest,Eggplant,Purple Eggplant,Classic,P1,20,8,,56,43.18397890000000,-77.35540170000000
1242,2015-09-18,harvest,Kale,Toscano Kale,Toscano,CO16,7,0,,23,43.18397890000000,-77.35540170000000
1243,2015-09-18,harvest,Kale,Green Kale,Vates,CO15,7,0,,21,43.18397890000000,-77.35540170000000
1244,2015-09-18,harvest,Kale,White Kale,White Russian,CO26,7,0,,173,43.18397890000000,-77.35540170000000
1220,2015-09-19,plant,Kale,Red Kale,Red Russian,CO25,63,0,,22,43.19306820000000,-77.37053630000000
1224,2015-09-19,plant,Kale,Green Kale,Vates,CO25,62,0,,21,43.19306940000000,-77.37053809999999
1237,2015-09-19,harvest,Potatoes,Russet Potatoes,Russet Burbank,PO8,0,100,,38,43.18397890000000,-77.35540170000000
1226,2015-09-24,harvest,Kale,Green Kale,Vates,CO15,10,0,,21,43.18839207683708,-77.36601769924164
1227,2015-09-24,harvest,Kale,White Kale,White Russian,CO26,6,0,,173,43.18397890000000,-77.35540170000000
1228,2015-09-24,harvest,Squash,Summer Squash,Multipik,SQ11,40,27,,49,43.18397890000000,-77.35540170000000
1229,2015-09-24,harvest,Squash,Zucchini,Spineless Perfection,SQ9,14,7,,48,43.18397890000000,-77.35540170000000
1230,2015-09-24,harvest,Eggplant,Purple Eggplant,Classic,P1,31,14,,56,43.18397890000000,-77.35540170000000
1231,2015-09-24,harvest,Lettuce,Mini Romaine,Ansar,LT12,27,0,,176,43.18397890000000,-77.35540170000000
1232,2015-09-24,harvest,Lettuce,Mini Romaine,Pomegranate Crunch,LT11,39,0,,177,43.18397890000000,-77.35540170000000
1233,2015-09-24,harvest,Lettuce,Salanova,Premier Collection,LT11,24,0,,1,43.18397890000000,-77.35540170000000
1235,2015-09-24,harvest,Burdock,Cardoons,Porto Spineless,CDN1,10,25,,170,43.18397890000000,-77.35540170000000
1245,2015-09-25,harvest,Kale,White Kale,White Russian,KA1,7,0,,173,43.18837470000000,-77.36536330000000
1246,2015-09-25,harvest,Kale,Green Kale,Vates,KA1,7,0,,21,43.18840660000000,-77.36546140000000
1247,2015-09-25,harvest,Kale,Toscano Kale,Toscano,KA2,6,0,,23,43.18840660000000,-77.36542620000000
1248,2015-09-25,harvest,Greens,Swiss Chard,Bright Lights,BT5,10,0,,60,43.18850460000000,-77.36529120000000
1249,2015-09-30,harvest,Lettuce,Green Leaf,Green Star,LT13,21,0,,4,43.19306830000000,-77.37055050000000
1250,2015-09-30,harvest,Lettuce,Red Leaf,Ruby Sky,LT13,9,0,,7,43.19308010000000,-77.37055240000000
1251,2015-09-30,harvest,Lettuce,Mini Romaine,Ansar,LT11,15,0,,176,43.19308170000000,-77.37055280000000
1252,2015-09-30,harvest,Onions,Sweet Onions,Walla Walla,ON4,0,92.08,,32,43.19308340000000,-77.37055300000000
1253,2015-09-30,harvest,Onions,Yellow Onions,Cortland,ON3,0,142.75,,33,43.19307490000000,-77.37055280000000
1254,2015-09-30,harvest,Onions,Red Onions,Red Wing,ON1,0,82.09,,138,43.19306500000000,-77.37055070000000
1255,2015-09-30,harvest,Eggplant,Purple Eggplant,Classic,P1,32,21,,56,43.19307790000000,-77.37051550000000
1256,2015-09-30,harvest,Squash,Summer Squash,Multipik,SQ11,21,12,,49,43.19307720000000,-77.37051350000000
1257,2015-09-30,harvest,Broccoli,Broccoli,Belstar,CO26,20,12,,16,43.19308050000000,-77.37051400000000
1258,2015-09-30,harvest,Cabbage,Green Cabbage,Farao,CO21,6,18,,128,43.19307030000000,-77.37053230000000
1259,2015-09-30,harvest,Cabbage,Red Cabbage,Red Express,CO21,6,12,,129,43.19307450000000,-77.37052980000000
1260,2015-09-30,harvest,Romanesco,Romanesco,Veronica,CO18,4,0,,107,43.19307450000000,-77.37052980000000
1261,2015-10-01,harvest,Radishes,Radishes,Celesta,RD4,38,0,,35,43.18397890000000,-77.35540170000000
1271,2015-10-02,harvest,Lettuce,Mini Romaine,Ansar,LT11,24,0,,176,43.18839207683708,-77.36601769924164
1272,2015-10-02,harvest,Lettuce,Mini Romaine,Pomegranate Crunch,LT11,24,0,,177,43.18839207683708,-77.36601769924164
1273,2015-10-02,harvest,Lettuce,Red Leaf,Ruby Sky,LT13,48,0,,7,43.18839207683708,-77.36601769924164
1274,2015-10-02,harvest,Lettuce,Green Leaf,Green Star,LT13,60,0,,4,43.18839207683708,-77.36601769924164
1275,2015-10-02,harvest,Lettuce,Salanova,Premier Collection,LT11,72,0,,1,43.18839207683708,-77.36601769924164
1262,2015-10-03,harvest,Cabbage,Green Cabbage,Farao,CO21,17,0,,128,43.09986180000000,-77.44243020000000
1263,2015-10-03,harvest,Cabbage,Red Cabbage,Red Express,CO21,6,0,,129,43.09993970000000,-77.44246700000000
1264,2015-10-03,harvest,Broccoli,Broccoli,Green Magic,CO23,32,0,,18,43.09978540000000,-77.44240050000000
1265,2015-10-03,harvest,Romanesco,Romanesco,Veronica,CO18,5,0,,107,43.10005380000000,-77.44261460000000
1267,2015-10-03,sow,Cucumbers,Mini Cuke,Picolino,CU1,11,0,,50,43.18839207683708,-77.36601769924164
1268,2015-10-06,harvest,Eggplant,Purple Eggplant,Classic,SQ10,33,0,,56,43.18397890000000,-77.35540170000000
1270,2015-10-06,harvest,Lettuce,Romaine,Helvius,LT10,13,0,,12,43.18839207683708,-77.36601769924164
1276,2015-10-06,harvest,Radishes,Radishes,Celesta,RD5,19,0,Bunches of 8,35,43.18839207683708,-77.36601769924164
1277,2015-10-08,harvest,Lettuce,Romaine,Salvius,LT12,20,0,,13,43.19316180000000,-77.37070730000000
1278,2015-10-08,harvest,Lettuce,Mini Romaine,Pomegranate Crunch,LT11,12,0,,177,43.19306720000000,-77.37050880000000
1279,2015-10-08,harvest,Lettuce,Mini Romaine,Ansar,LT12,26,0,,176,43.19316550000000,-77.37068970000000
1280,2015-10-08,harvest,Lettuce,Red Leaf,Ruby Sky,LT13,12,0,,7,43.19307170000000,-77.37050920000000
1281,2015-10-08,harvest,Radishes,Radishes,Celesta,RD4,16,0,,35,43.19308100000000,-77.37051630000000
1282,2015-10-08,harvest,Romanesco,Romanesco,Veronica,CO18,72,0,,107,43.19348140000000,-77.37068000000000
1283,2015-10-08,harvest,Broccoli,Broccoli,Green Magic,CO23,36,0,,18,43.19328170000000,-77.37055160000000
1284,2015-10-08,harvest,Cabbage,Green Cabbage,Farao,CO21,30,0,,128,43.19307670000000,-77.37044270000000
1285,2015-10-08,harvest,Cabbage,Red Cabbage,Red Express,CO21,13,0,,129,43.19306960000000,-77.37042370000000
1286,2015-10-08,harvest,Burdock,Cardoons,Porto Spineless,CDN1,17,0,,170,43.18839207683708,-77.36601769924164
1287,2015-10-08,harvest,Broccoli,Broccoli,Green Magic,CO22,32,0,,18,43.18901460000000,-77.36604610000000
1288,2015-10-08,harvest,Cabbage,Red Cabbage,Red Express,CO21,10,0,,129,43.18899130000000,-77.36604150000000
1289,2015-10-09,harvest,Lettuce,Red Leaf,Ruby Sky,LT13,12,0,,7,43.19307200000000,-77.37050200000002
1290,2015-10-09,harvest,Lettuce,Mini Romaine,Ansar,LT12,24,0,,176,43.19307710000000,-77.37050660000000
1291,2015-10-09,harvest,Lettuce,Mini Romaine,Pomegranate Crunch,LT11,24,0,,177,43.19307160000000,-77.37050130000000
1292,2015-10-09,harvest,Radishes,Radishes,Celesta,RD4,17,0,Bunches of 8,35,43.19307680000000,-77.37050330000000
1293,2015-10-09,harvest,Lettuce,Romaine,Salvius,LT12,24,0,,13,43.19307680000000,-77.37050330000000
1294,2015-10-12,harvest,Lettuce,Mini Romaine,Pomegranate Crunch,LT11,12,0,,177,43.18397890000000,-77.35540170000000
1295,2015-10-12,harvest,Lettuce,Romaine,Salvius,LT12,28,0,,13,43.18397890000000,-77.35540170000000
1296,2015-10-12,harvest,Romanesco,Romanesco,Veronica,CO18,24,0,,107,43.18397890000000,-77.35540170000000
1297,2015-10-14,harvest,Eggplant,Purple Eggplant,Classic,P1,59,0,,56,43.18228480000000,-77.46278660000000
1298,2015-10-15,harvest,Beans,Green Beans,Provider,BN2,0,10.53,,70,43.18397890000000,-77.35540170000000
1299,2015-10-15,harvest,Beans,Yellow Beans,Rocdor,BN2,0,11.57,,71,43.18397890000000,-77.35540170000000
1300,2015-10-19,harvest,Lettuce,Mini Romaine,Pomegranate Crunch,LT11,12,0,,177,43.20469000000000,-77.45633300000000
1301,2015-10-19,harvest,Cabbage,Green Cabbage,Farao,CO21,54,0,,128,43.20467780000000,-77.45636960000002
1302,2015-10-19,harvest,Lettuce,Romaine,Green Forest,LT12,80,0,,10,43.20467780000000,-77.45636960000002
1303,2015-10-19,harvest,Lettuce,Red Leaf,Ruby Sky,LT13,68,0,,7,43.20467780000000,-77.45636960000002
1304,2015-10-21,harvest,Radishes,Radishes,Celesta,RD5,30,0,,35,43.18397890000000,-77.35540170000000
1305,2015-10-21,harvest,Broccoli,Broccoli,Green Magic,CO22,24,0,,18,43.18397890000000,-77.35540170000000
1306,2015-10-22,harvest,Radishes,Radishes,Celesta,RD6,15,0,,35,43.18397890000000,-77.35540170000000
1307,2015-10-22,harvest,Lettuce,Salanova,Premier Collection,LT15,42,0,,1,43.18839207683708,-77.36601769924164
1308,2015-10-23,harvest,Lettuce,Salanova,Premier Collection,LT15,90,0,,1,43.18839207683708,-77.36601769924164
1311,2015-10-23,harvest,Lettuce,Green Leaf,Green Star,LT15,24,0,,4,43.19307690000000,-77.37054180000000
1312,2015-10-23,harvest,Lettuce,Romaine,Cosmo,LT14,26,0,,135,43.19307770000000,-77.37056110000000
1313,2015-10-23,harvest,Broccoli,Broccoli,Green Magic,CO23,28,0,,18,43.19307770000000,-77.37056110000000
1309,2015-10-24,plant,Garlic,Garlic,Music,Garlic,322,0,,121,43.18869170000000,-77.36636990000000
1310,2015-10-25,harvest,Cabbage,Red Cabbage,Red Express,CO21,17,0,,129,43.18891250000000,-77.36615680000000
1314,2015-10-26,harvest,Radishes,Radishes,Celesta,RD6,55,0,,35,43.19308290000000,-77.37056260000000
1316,2015-10-28,harvest,Beets,Golden Beets,Touchstone,BT9,0,1375,,26,43.20474820000000,-77.45627310000000
1323,2015-10-28,harvest,Beets,Golden Beets,Touchstone,BT9,0,12,,26,43.20468950000000,-77.45632950000000
1315,2015-10-29,harvest,Broccoli,Broccoli,Green Magic,CO23,65,0,,18,43.20468640000000,-77.45636270000000
1317,2015-10-29,harvest,Beets,Red Beets,Merlin,BT7,0,9.97,,169,43.20471770000000,-77.45630500000000
1318,2015-10-30,harvest,Lettuce,Romaine,Cosmo,LT14,44,0,,135,43.19305880000000,-77.37055480000000
1319,2015-10-30,harvest,Lettuce,Green Leaf,Green Star,LT15,24,0,,4,43.19309310000000,-77.37052270000000
1320,2015-10-30,harvest,Lettuce,Red Leaf,Ruby Sky,LT15,24,0,,7,43.19309310000000,-77.37052270000000
1321,2015-10-30,harvest,Lettuce,Mini Romaine,Ansar,LT14,24,0,,176,43.20467600000000,-77.45631730000000
1322,2015-10-30,harvest,Lettuce,Mini Romaine,Pomegranate Crunch,LT11,24,0,Off LT14 rnThe plant never got logged.,177,43.20468310000000,-77.45633730000000
1324,2015-11-02,harvest,Lettuce,Romaine,Cosmo,LT14,24,0,,135,43.18839207683708,-77.36601769924164
1325,2015-11-03,plant,Lettuce,Romaine,Cosmo,LT16,200,0,,135,43.19705080000000,-77.63253890000000
1326,2015-11-05,harvest,Broccoli,Broccoli,Green Magic,CO22,59,0,,18,43.20867110000000,-77.36688529999999
1327,2015-11-05,harvest,Broccoli,Broccoli,Green Magic,CO17,16,0,,18,43.20867110000000,-77.36688529999999
1328,2015-11-14,harvest,Cauliflower,Cauliflower,Skywalker,CO19,69,0,,114,43.19307810000000,-77.37051620000000
1329,2015-11-17,sow,Beans,Green Beans,Provider,1,1,0,1,70,43.09867420000000,-77.44193779999999
1330,2016-03-13,sow,Onions,Yellow Onions,Cortland,,5000,0,,33,43.19736910000000,-77.38588000000000
1331,2016-03-13,sow,Onions,Red Onions,Red Wing,,5000,0,,138,43.19736910000000,-77.38588000000000
1332,2016-03-13,sow,Onions,Sweet Onions,Walla Walla,,3500,0,,32,43.19736910000000,-77.38588000000000
1333,2016-03-13,sow,Leeks,Leeks,Pandora,,5000,0,,30,43.19736910000000,-77.38588000000000
1334,2016-03-14,sow,Celery,Celery,Tango,,216,0,,206,43.18839207683708,-77.36601769924164
1335,2016-03-16,sow,Beets,Red Beets,Boro,,640,0,,25,43.18397890000000,-77.35540170000000
1336,2016-03-16,sow,Beets,Golden Beets,Touchstone,,640,0,,26,43.18397890000000,-77.35540170000000
1337,2016-03-17,sow,Greens,Swiss Chard,Bright Lights,,256,0,,60,43.18397890000000,-77.35540170000000
1338,2016-03-23,sow,Kale,Green Kale,Starbor,,256,0,,214,43.16400870000000,-77.36006710000000
1339,2016-03-23,sow,Kale,Green Kale,Vates,,256,0,,21,43.18839207683708,-77.36601769924164
1340,2016-03-23,sow,Kale,Red Kale,Red Russian,,256,0,,22,43.16400870000000,-77.36006710000000
1341,2016-03-23,sow,Burdock,Artichokes,Imperial Star,,216,0,,202,43.16400870000000,-77.36006710000000
1342,2016-03-25,sow,Eggplant,Purple Eggplant,Nadia,,432,0,,210,43.18397890000000,-77.35540170000000
1343,2016-03-25,sow,Peppers,Bell Peppers,Revolution,,504,0,,216,43.18397890000000,-77.35540170000000
1344,2016-03-25,sow,Peppers,Mini Peppers,Lunchbox,,240,0,,136,43.18397890000000,-77.35540170000000
1345,2016-03-25,sow,Peppers,Hot Peppers,Cheyenne,,72,0,,46,43.18397890000000,-77.35540170000000
1346,2016-03-25,sow,Peppers,Hot Peppers,Jalafuego,,72,0,,45,43.18397890000000,-77.35540170000000
1347,2016-03-25,sow,Peppers,Specialty Peppers,Topepo Rosso,,48,0,,231,43.18397890000000,-77.35540170000000
1348,2016-03-27,sow,Broccoli,Broccoli,Blue Wind,,432,0,,17,43.18398650000000,-77.35546900000001
1349,2016-03-27,sow,Cauliflower,Cauliflower,Janvel,,288,0,,115,43.18398650000000,-77.35546900000001
1350,2016-03-27,sow,Cabbage,Green Cabbage,Farao,,288,0,,128,43.18398650000000,-77.35546900000001
1351,2016-03-27,sow,Cabbage,Red Cabbage,Integro,,288,0,,203,43.18398650000000,-77.35546900000001
1352,2016-03-27,sow,Cucumbers,Slicer Cuke,Corinto,,150,0,,208,43.18398650000000,-77.35546900000001
1353,2016-03-31,sow,Celery,Celery,Tango,,216,0,,206,43.18397890000000,-77.35540170000000
1354,2016-04-03,sow,Corn,Sweet Corn,SS2742,,5040,0,,207,43.18397890000000,-77.35540170000000
1355,2016-04-04,sow,Tomatoes,Slicer Tomatoes,Celebrity,,250,0,,66,43.18397890000000,-77.35540170000000
1356,2016-04-04,sow,Tomatoes,Slicer Tomatoes,Charger,,250,0,,224,43.18397890000000,-77.35540170000000
1357,2016-04-04,sow,Tomatoes,Cherry Tomatoes,Esterina,,95,0,,68,43.18397890000000,-77.35540170000000
1358,2016-04-04,sow,Tomatoes,Cherry Tomatoes,Cherry Bomb,,100,0,,225,43.18397890000000,-77.35540170000000
1359,2016-04-04,sow,Tomatoes,Specialty Tomatoes,Indigo Kumquat,,20,0,,140,43.18397890000000,-77.35540170000000
1360,2016-04-04,sow,Tomatoes,Specialty Tomatoes,Pink Bumblebee,,25,0,,226,43.18397890000000,-77.35540170000000
1361,2016-04-06,sow,Beets,Golden Beets,Touchstone,,540,0,,26,43.18397890000000,-77.35540170000000
1362,2016-04-06,sow,Beets,Red Beets,Boro,,540,0,,25,43.18397890000000,-77.35540170000000
1363,2016-04-06,sow,Greens,Swiss Chard,Bright Lights,,256,0,,60,43.18397890000000,-77.35540170000000
1364,2016-04-06,plant,Lettuce,Romaine,Green Forest,,200,0,,10,43.18397890000000,-77.35540170000000
1440,2016-04-06,sow,Lettuce,Romaine,Green Forest,3.2,200,0,,10,43.18839207683708,-77.36601769924164
1365,2016-04-11,sow,Lettuce,Green Leaf,Two Star,,200,0,,2,43.20865580000000,-77.36242210000000
1366,2016-04-11,sow,Lettuce,Red Leaf,Vulcan,,200,0,,5,43.20865580000000,-77.36242210000000
1367,2016-04-11,sow,Lettuce,Salanova,Premier Collection,,200,0,,1,43.20865580000000,-77.36242210000000
1368,2016-04-17,sow,Lettuce,Mini Romaine,Breen,,100,0,,9,43.18397890000000,-77.35540170000000
1369,2016-04-17,sow,Lettuce,Mini Romaine,Dragoon,,100,0,,8,43.18397890000000,-77.35540170000000
1370,2016-04-17,plant,Cucumbers,Slicer Cuke,Corinto,3.1,75,0,,208,43.18397890000000,-77.35540170000000
1371,2016-04-19,plant,Corn,Sweet Corn,SS2742,4.1,1350,0,,207,43.20265460000000,-77.39202399999999
1372,2016-04-20,plant,Corn,Sweet Corn,SS2742,4.1,900,0,,207,43.20265460000000,-77.39202399999999
1374,2016-04-21,plant,Corn,Sweet Corn,SS2742,4.1,900,0,,207,43.20861520000000,-77.36688529999999
1373,2016-04-23,sow,Lettuce,Romaine,Green Forest,,200,0,,10,43.20861520000000,-77.36688529999999
1375,2016-04-24,sow,Kale,Green Kale,Starbor,,128,0,,214,43.20861520000000,-77.36688529999999
1376,2016-04-24,sow,Kale,Green Kale,Vates,,128,0,,21,43.20861520000000,-77.36688529999999
1377,2016-04-24,sow,Kale,Red Kale,Red Russian,,128,0,,22,43.20861520000000,-77.36688529999999
1378,2016-04-24,plant,Kale,Green Kale,Starbor,2.1,246,0,,214,43.20861520000000,-77.36688529999999
1379,2016-04-24,plant,Kale,Green Kale,Vates,2.1,236,0,,21,43.20861520000000,-77.36688529999999
1380,2016-04-24,plant,Kale,Red Kale,Red Russian,2.1,218,0,,22,43.20861520000000,-77.36688529999999
1381,2016-04-24,plant,Greens,Swiss Chard,Bright Lights,2.1,252,0,,60,43.20861520000000,-77.36688529999999
1382,2016-04-25,plant,Beets,Red Beets,Boro,2.2,542,0,,25,43.18397890000000,-77.35540170000000
1383,2016-04-26,sow,Cucumbers,Mini Cuke,Iznik,,50,0,,232,43.18397890000000,-77.35540170000000
1384,2016-04-26,sow,Cucumbers,Slicer Cuke,Corinto,,50,0,,208,43.18397890000000,-77.35540170000000
1385,2016-04-27,plant,Beets,Golden Beets,Touchstone,2.2,183,0,,26,43.18397890000000,-77.35540170000000
1386,2016-04-27,sow,Broccoli,Broccoli,Green Magic,,576,0,,18,43.18397890000000,-77.35540170000000
1387,2016-04-27,sow,Lettuce,Green Leaf,Two Star,,200,0,,2,43.18397890000000,-77.35540170000000
1388,2016-04-27,sow,Lettuce,Red Leaf,Vulcan,,200,0,,5,43.18397890000000,-77.35540170000000
1389,2016-04-27,sow,Lettuce,Salanova,Premier Collection,,200,0,,1,43.18397890000000,-77.35540170000000
1390,2016-04-28,plant,Beets,Golden Beets,Touchstone,2.2,228,0,,26,43.18397890000000,-77.35540170000000
1414,2016-04-29,plant,Potatoes,Purple Potatoes,All Blue,1.3,44,0,,235,43.18839207683708,-77.36601769924164
1415,2016-04-29,plant,Potatoes,Red Potatoes,Norlands,1.3,82,0,,36,43.18839207683708,-77.36601769924164
1416,2016-04-29,plant,Potatoes,Fingerling Potatoes,French Fingerling,1.3,25,0,,236,43.18839207683708,-77.36601769924164
1391,2016-04-30,plant,Broccoli,Broccoli,Blue Wind,2.2,376,0,,17,43.18397890000000,-77.35540170000000
1392,2016-04-30,plant,Cabbage,Green Cabbage,Farao,2.2,214,0,,128,43.18397890000000,-77.35540170000000
1393,2016-04-30,plant,Cabbage,Red Cabbage,Integro,2.2,204,0,,203,43.18397890000000,-77.35540170000000
1394,2016-05-01,sow,Lettuce,Mini Romaine,Breen,,200,0,,9,43.18397890000000,-77.35540170000000
1395,2016-05-01,sow,Lettuce,Mini Romaine,Dragoon,,200,0,,8,43.18397890000000,-77.35540170000000
1396,2016-05-05,plant,Carrots,Orange Carrots,Jeannette,2.3,5000,0,Outside 2 rows used YYJ12. Inside 2 rows used X1w,27,43.18839207683708,-77.36601769924164
1397,2016-05-05,plant,Radishes,Radishes,Celesta,2.3,2500,0,,35,43.18839207683708,-77.36601769924164
1398,2016-05-05,plant,Radishes,White Radishes,Ping Pong,2.3,750,0,,221,43.18839207683708,-77.36601769924164
1399,2016-05-05,plant,Greens,Arugula,Astro,2.3,480,0,,212,43.18839207683708,-77.36601769924164
1400,2016-05-05,plant,Greens,Spinach,Renegade,2.3,480,0,,211,43.18839207683708,-77.36601769924164
1401,2016-05-05,plant,Greens,Greens Mix,Beta Blend,2.3,480,0,,213,43.18839207683708,-77.36601769924164
1402,2016-05-06,plant,Greens,Asian Greens,Mizuna,2.3,480,0,,178,43.18839207683708,-77.36601769924164
1403,2016-05-06,sow,Squash,Zucchini,Payload,3.2,300,0,2 in a cell for total of 300,234,43.18839207683708,-77.36601769924164
1404,2016-05-06,sow,Squash,Summer Squash,Multipik,3.2,200,0,2 in a cell for total of 200,49,43.18839207683708,-77.36601769924164
1405,2016-05-06,sow,Melons,Cantaloupe,Superstar,3.2,274,0,2 in a tray for a total of 548,215,43.18839207683708,-77.36601769924164
1406,2016-05-06,sow,Cucumbers,Slicer Cuke,Marketmore 76,3.2,576,0,2 in a tray for a total of 576,209,43.18839207683708,-77.36601769924164
1407,2016-05-06,plant,Cauliflower,Cauliflower,Janvel,2.2,267,0,,115,43.18839207683708,-77.36601769924164
1408,2016-05-06,plant,Lettuce,Romaine,Green Forest,2.2,146,0,,10,43.18839207683708,-77.36601769924164
1409,2016-05-06,plant,Lettuce,Salanova,Premier Collection,2.2,190,0,,1,43.18839207683708,-77.36601769924164
1410,2016-05-08,sow,Cauliflower,Cauliflower,Sierra Madre,3.2,576,0,,205,43.18839207683708,-77.36601769924164
1411,2016-05-08,sow,Cauliflower,Cauliflower,Bishop,3.2,432,0,,233,43.18839207683708,-77.36601769924164
1412,2016-05-08,sow,Cauliflower,Cauliflower,Skywalker,3.2,432,0,,114,43.18839207683708,-77.36601769924164
1413,2016-05-09,sow,Lettuce,Romaine,Jericho,3.2,400,0,,229,43.18839207683708,-77.36601769924164
1420,2016-05-10,plant,Lettuce,Green Leaf,Two Star,2.2,141,0,,2,43.18839207683708,-77.36601769924164
1421,2016-05-10,plant,Lettuce,Red Leaf,Vulcan,2.2,145,0,,5,43.18839207683708,-77.36601769924164
1422,2016-05-11,plant,Tomatoes,Slicer Tomatoes,Charger,1.1,210,0,,224,43.18839207683708,-77.36601769924164
1423,2016-05-11,plant,Tomatoes,Slicer Tomatoes,Defiant,1.1,240,0,,64,43.18839207683708,-77.36601769924164
1424,2016-05-11,plant,Tomatoes,Cherry Tomatoes,Esterina,1.1,85,0,,68,43.18839207683708,-77.36601769924164
1425,2016-05-11,plant,Tomatoes,Cherry Tomatoes,Cherry Bomb,1.1,98,0,,225,43.18839207683708,-77.36601769924164
1426,2016-05-11,plant,Tomatoes,Specialty Tomatoes,Indigo Kumquat,1.1,18,0,,140,43.18839207683708,-77.36601769924164
1427,2016-05-11,plant,Tomatoes,Specialty Tomatoes,Pink Bumblebee,1.1,18,0,,226,43.18839207683708,-77.36601769924164
1417,2016-05-12,sow,Cucumbers,Specialty Cuke,Lemon,3.2,100,0,,54,43.18839207683708,-77.36601769924164
1418,2016-05-12,plant,Potatoes,Red Potatoes,Chieftan,1.3,100,0,,217,43.18839207683708,-77.36601769924164
1419,2016-05-12,plant,Potatoes,Yellow Potatoes,Nicola,1.3,80,0,,218,43.18839207683708,-77.36601769924164
1428,2016-05-14,plant,Onions,Yellow Onions,Cortland,2.4,975,0,,33,43.18839207683708,-77.36601769924164
1429,2016-05-15,sow,Lettuce,Green Leaf,Two Star,3.2,200,0,,2,43.18839207683708,-77.36601769924164
1430,2016-05-15,sow,Lettuce,Red Leaf,Vulcan,3.2,200,0,,5,43.18839207683708,-77.36601769924164
1431,2016-05-15,sow,Lettuce,Salanova,Premier Collection,3.2,200,0,,1,43.18839207683708,-77.36601769924164
1432,2016-05-16,plant,Cucumbers,Mini Cuke,Iznik,3.1,20,0,,232,43.18839207683708,-77.36601769924164
1433,2016-05-16,plant,Cucumbers,Slicer Cuke,Corinto,3.1,12,0,,208,43.18839207683708,-77.36601769924164
1434,2016-05-16,plant,Onions,Yellow Onions,Cortland,2.4,1751,0,,33,43.18839207683708,-77.36601769924164
1435,2016-05-17,plant,Onions,Yellow Onions,Cortland,2.4,1695,0,,33,43.18839207683708,-77.36601769924164
1436,2016-05-17,sow,Lettuce,Mini Romaine,Breen,3.2,200,0,,9,43.18839207683708,-77.36601769924164
1437,2016-05-17,sow,Lettuce,Mini Romaine,Dragoon,3.2,200,0,,8,43.18839207683708,-77.36601769924164
1438,2016-05-17,plant,Onions,Sweet Onions,Walla Walla,2.4,232,0,,32,43.18839207683708,-77.36601769924164
1439,2016-05-18,plant,Onions,Sweet Onions,Walla Walla,2.4,1252,0,,32,43.18839207683708,-77.36601769924164
1441,2016-05-19,plant,Onions,Sweet Onions,Walla Walla,2.4,1255,0,,32,43.18839207683708,-77.36601769924164
1442,2016-05-19,plant,Onions,Red Onions,Red Wing,2.4,751,0,,138,43.18839207683708,-77.36601769924164
1443,2016-05-20,plant,Lettuce,Mini Romaine,Dragoon,2.2,57,0,,8,43.18839207683708,-77.36601769924164
1444,2016-05-20,plant,Lettuce,Mini Romaine,Breen,2.2,54,0,,9,43.18839207683708,-77.36601769924164
1445,2016-05-20,plant,Beets,Golden Beets,Touchstone,2.2,232,0,,26,43.18839207683708,-77.36601769924164
1446,2016-05-20,plant,Beets,Red Beets,Boro,2.2,258,0,,25,43.18839207683708,-77.36601769924164
1447,2016-05-20,plant,Celery,Celery,Tango,2.2,141,0,,206,43.18839207683708,-77.36601769924164
1448,2016-05-21,plant,Celery,Celery,Tango,2.2,66,0,,206,43.18839207683708,-77.36601769924164
1449,2016-05-21,plant,Lettuce,Green Leaf,Two Star,2.2,144,0,,2,43.18839207683708,-77.36601769924164
1450,2016-05-21,plant,Lettuce,Red Leaf,Vulcan,2.2,144,0,,5,43.18839207683708,-77.36601769924164
1451,2016-05-21,plant,Lettuce,Romaine,Green Forest,2.2,175,0,,10,43.18839207683708,-77.36601769924164
1452,2016-05-21,plant,Lettuce,Salanova,Premier Collection,2.2,182,0,,1,43.18839207683708,-77.36601769924164
1453,2016-05-22,plant,Onions,Red Onions,Red Wing,2.4,1884,0,,138,43.18839207683708,-77.36601769924164
1454,2016-05-22,plant,Eggplant,Purple Eggplant,Nadia,1.2,233,0,,210,43.18839207683708,-77.36601769924164
1456,2016-05-23,plant,Squash,Zucchini,Payload,1.1,40,0,,234,43.18839207683708,-77.36601769924164
1457,2016-05-23,plant,Squash,Summer Squash,Multipik,1.1,49,0,,49,43.18839207683708,-77.36601769924164
1455,2016-05-24,plant,Squash,Zucchini,Payload,1.1,69,0,,234,43.18839207683708,-77.36601769924164
1458,2016-05-24,plant,Squash,Zucchini,Payload,1.1,9,0,,234,43.18839207683708,-77.36601769924164
1459,2016-05-24,plant,Squash,Summer Squash,Multipik,1.1,30,0,,49,43.18839207683708,-77.36601769924164
1460,2016-05-24,plant,Peppers,Bell Peppers,Revolution,1.2,105,0,,216,43.18839207683708,-77.36601769924164
1461,2016-05-24,plant,Eggplant,Purple Eggplant,Nadia,1.2,105,0,,210,43.18839207683708,-77.36601769924164
1462,2016-05-25,plant,Cucumbers,Slicer Cuke,Marketmore 97,1.1,166,0,,52,43.18839207683708,-77.36601769924164
1469,2016-05-25,plant,Cucumbers,Slicer Cuke,Marketmore 76,1.1,166,0,,209,43.18839207683708,-77.36601769924164
1467,2016-05-26,plant,Potatoes,White Potatoes,Kennebec,5.1,50,0,,37,43.18839207683708,-77.36601769924164
1468,2016-05-26,plant,Potatoes,Red Potatoes,Norlands,5.1,18,0,,36,43.18839207683708,-77.36601769924164
1471,2016-05-26,plant,Potatoes,Yellow Potatoes,Nicola,5.1,13,0,,218,43.18839207683708,-77.36601769924164
1463,2016-05-27,plant,Peppers,Bell Peppers,Revolution,2.1,238,0,,216,43.18839207683708,-77.36601769924164
1464,2016-05-27,plant,Eggplant,Purple Eggplant,Nadia,1.2,14,0,,210,43.18839207683708,-77.36601769924164
1465,2016-05-27,plant,Lettuce,Mini Romaine,Dragoon,2.2,162,0,,8,43.18839207683708,-77.36601769924164
1466,2016-05-27,plant,Lettuce,Mini Romaine,Breen,2.2,58,0,,9,43.18839207683708,-77.36601769924164
1470,2016-05-28,sow,Lettuce,Romaine,Jericho,3.2,400,0,,229,43.18839207683708,-77.36601769924164
1472,2016-05-28,sow,Burdock,Cardoons,Porto Spineless,3.2,216,0,,170,43.18839207683708,-77.36601769924164
1473,2016-05-29,plant,Peppers,Mini Peppers,Lunchbox,1.2,154,0,,136,43.18839207683708,-77.36601769924164
1474,2016-05-29,plant,Peppers,Hot Peppers,Jalafuego,1.2,36,0,,45,43.18839207683708,-77.36601769924164
1475,2016-05-30,plant,Broccoli,Broccoli,Green Magic,1.1,395,0,,18,43.18839207683708,-77.36601769924164
1476,2016-05-30,sow,Pumpkins,Pumpkins,OSC 8878,3.2,200,0,,166,43.18839207683708,-77.36601769924164
1477,2016-05-30,sow,Squash,Winter Squash,Spaghetti Squash,3.2,100,0,,134,43.18839207683708,-77.36601769924164
1478,2016-05-30,sow,Pumpkins,Pumpkins,OSC 8880,3.2,200,0,,165,43.18839207683708,-77.36601769924164
1479,2016-05-30,sow,Squash,Winter Squash,Royal Ace,3.2,250,0,,223,43.18839207683708,-77.36601769924164
1480,2016-05-30,sow,Squash,Winter Squash,Butterfly,3.2,250,0,,222,43.18839207683708,-77.36601769924164
1481,2016-05-31,plant,Peppers,Hot Peppers,Jalafuego,1.2,34,0,,45,43.18839207683708,-77.36601769924164
1482,2016-05-31,plant,Peppers,Hot Peppers,Cheyenne,1.2,54,0,,46,43.18839207683708,-77.36601769924164
1488,2016-05-31,plant,Melons,Cantaloupe,Superstar,1.1,378,0,,215,43.18839207683708,-77.36601769924164
1489,2016-05-31,plant,Cucumbers,Specialty Cuke,Lemon,1.1,50,0,,54,43.18839207683708,-77.36601769924164
1483,2016-06-01,plant,Burdock,Artichokes,Imperial Star,2.2,104,0,,202,43.18839207683708,-77.36601769924164
1490,2016-06-01,plant,Peppers,Specialty Peppers,Topepo Rosso,1.2,30,0,,231,43.18839207683708,-77.36601769924164
1484,2016-06-02,sow,Lettuce,Bibb,Adriana,3.2,200,0,,228,43.18839207683708,-77.36601769924164
1485,2016-06-02,sow,Lettuce,Salanova,Premier Collection,3.2,200,0,,1,43.18839207683708,-77.36601769924164
1486,2016-06-02,sow,Lettuce,Green Leaf,Starfighter,3.2,200,0,,227,43.18839207683708,-77.36601769924164
1487,2016-06-02,sow,Lettuce,Red Leaf,New Red Fire,3.2,200,0,,76,43.18839207683708,-77.36601769924164
1491,2016-06-03,plant,Potatoes,Sweet Potatoes,Covington,1.4,471,0,,219,43.18839207683708,-77.36601769924164
1492,2016-06-04,plant,Celery,Celery,Tango,2.2,189,0,,206,43.18839207683708,-77.36601769924164
1493,2016-06-04,plant,Kale,Red Kale,Red Russian,2.1,130,0,,22,43.18839207683708,-77.36601769924164
1495,2016-06-04,plant,Kale,Green Kale,Starbor,2.1,105,0,,214,43.18839207683708,-77.36601769924164
1496,2016-06-04,plant,Greens,Swiss Chard,Bright Lights,2.1,55,0,,60,43.18839207683708,-77.36601769924164
1505,2016-06-04,plant,Onions,Bunching Onions,Pride,2.3,3500,0,,34,43.18839207683708,-77.36601769924164
1494,2016-06-05,plant,Kale,Green Kale,Vates,2.1,108,0,,21,43.18839207683708,-77.36601769924164
1497,2016-06-05,sow,Lettuce,Mini Romaine,Breen,3.2,200,0,,9,43.18839207683708,-77.36601769924164
1498,2016-06-05,sow,Lettuce,Mini Romaine,Dragoon,3.2,200,0,,8,43.18839207683708,-77.36601769924164
1499,2016-06-05,sow,Cucumbers,Slicer Cuke,Marketmore 76,3.2,216,0,,209,43.18839207683708,-77.36601769924164
1500,2016-06-05,sow,Squash,Summer Squash,Multipik,3.2,216,0,,49,43.18839207683708,-77.36601769924164
1501,2016-06-05,sow,Squash,Zucchini,Payload,3.2,216,0,,234,43.18839207683708,-77.36601769924164
1503,2016-06-06,plant,Lettuce,Romaine,Jericho,2.2,300,0,,229,43.18839207683708,-77.36601769924164
1506,2016-06-06,plant,Radishes,Radishes,Celesta,2.3,2550,0,,35,43.18839207683708,-77.36601769924164
1507,2016-06-06,plant,Radishes,Purple Radishes,Purple Plum,2.3,800,0,,220,43.18839207683708,-77.36601769924164
1508,2016-06-06,plant,Radishes,White Radishes,Ping Pong,2.3,800,0,,221,43.18839207683708,-77.36601769924164
1509,2016-06-06,plant,Carrots,Orange Carrots,Jeannette,2.3,5000,0,,27,43.18839207683708,-77.36601769924164
1502,2016-06-07,shrink,Lettuce,Salanova,Premier Collection,3.2,29,0,Personal consumption,1,43.18839207683708,-77.36601769924164
1504,2016-06-08,plant,Leeks,Leeks,Pandora,2.2,323,0,,30,43.18839207683708,-77.36601769924164
1510,2016-06-10,shrink,Lettuce,Salanova,Premier Collection,2.2,6,0,Personal consumption ,1,43.18839207683708,-77.36601769924164
1511,2016-06-10,harvest,Lettuce,Green Leaf,Green Star,2.2,6,0,,4,43.18839207683708,-77.36601769924164
1512,2016-06-10,harvest,Lettuce,Red Leaf,Vulcan,2.2,6,0,,5,43.18839207683708,-77.36601769924164
1513,2016-06-10,harvest,Lettuce,Salanova,Premier Collection,2.2,12,0,,1,43.18839207683708,-77.36601769924164
1536,2016-06-10,harvest,Lettuce,Green Leaf,Two Star,2.2,6,0,,2,43.18839207683708,-77.36601769924164
1514,2016-06-12,shrink,Broccoli,Broccoli,Blue Wind,2.2,2,0,Picked two heads for house,17,43.18839207683708,-77.36601769924164
1515,2016-06-12,harvest,Lettuce,Salanova,Premier Collection,2.2,3,0,CSA,1,43.18839207683708,-77.36601769924164
1516,2016-06-12,harvest,Beets,Red Beets,Boro,2.2,0,2,CSA,25,43.18839207683708,-77.36601769924164
1517,2016-06-12,plant,Lettuce,Salanova,Premier Collection,2.2,191,0,,1,43.18839207683708,-77.36601769924164
1518,2016-06-12,plant,Lettuce,Red Leaf,Vulcan,2.2,150,0,,5,43.18839207683708,-77.36601769924164
1519,2016-06-12,plant,Cauliflower,Cauliflower,Bishop,1.2,117,0,,233,43.18839207683708,-77.36601769924164
1520,2016-06-12,plant,Cauliflower,Cauliflower,Skywalker,1.2,119,0,,114,43.18839207683708,-77.36601769924164
1521,2016-06-12,sow,Squash,Winter Squash,Spaghetti Squash,3.2,100,0,,134,43.18839207683708,-77.36601769924164
1522,2016-06-12,sow,Squash,Winter Squash,Delicata JS,3.2,100,0,bush delicata,133,43.18839207683708,-77.36601769924164
1523,2016-06-12,sow,Cucumbers,Specialty Cuke,Lemon,3.2,100,0,,54,43.18839207683708,-77.36601769924164
1524,2016-06-12,plant,Cauliflower,Cauliflower,Skywalker,1.2,116,0,,114,43.18839207683708,-77.36601769924164
1525,2016-06-12,plant,Cauliflower,Cauliflower,Bishop,1.2,119,0,,233,43.18839207683708,-77.36601769924164
1526,2016-06-12,plant,Cauliflower,Cauliflower,Sierra Madre,1.2,117,0,,205,43.18839207683708,-77.36601769924164
1527,2016-06-12,plant,Cauliflower,Cauliflower,Bishop,5.1,239,0,,233,43.18839207683708,-77.36601769924164
1528,2016-06-12,plant,Cauliflower,Cauliflower,Sierra Madre,5.1,322,0,,205,43.18839207683708,-77.36601769924164
1529,2016-06-12,plant,Cauliflower,Cauliflower,Skywalker,5.1,262,0,,114,43.18839207683708,-77.36601769924164
1673,2016-06-12,plant,Lettuce,Green Leaf,Two Star,2.2.3,186,0,,2,43.18839207683708,-77.36601769924164
1530,2016-06-13,harvest,Lettuce,Green Leaf,Green Star,2.2,9,0,,4,43.18839207683708,-77.36601769924164
1531,2016-06-13,harvest,Lettuce,Red Leaf,Vulcan,2.2,11,0,,5,43.18839207683708,-77.36601769924164
1532,2016-06-13,harvest,Beets,Red Beets,Boro,2.2,0,14.5,,25,43.18839207683708,-77.36601769924164
1533,2016-06-13,harvest,Beets,Golden Beets,Touchstone,2.2,0,6.8,,26,43.18839207683708,-77.36601769924164
1534,2016-06-13,shrink,Radishes,Radishes,Celesta,2.3,0,17,,35,43.18839207683708,-77.36601769924164
1537,2016-06-13,harvest,Lettuce,Green Leaf,Two Star,2.2,9,0,,2,43.18839207683708,-77.36601769924164
1535,2016-06-14,harvest,Cucumbers,Slicer Cuke,Corinto,3.1,13,6.8,,208,43.18839207683708,-77.36601769924164
1538,2016-06-16,harvest,Broccoli,Broccoli,Blue Wind,2.2,0,35,,17,43.18839207683708,-77.36601769924164
1539,2016-06-16,harvest,Lettuce,Salanova,Premier Collection,2.2,30,0,,1,43.18839207683708,-77.36601769924164
1540,2016-06-16,harvest,Lettuce,Romaine,Green Forest,2.2,12,0,,10,43.18839207683708,-77.36601769924164
1541,2016-06-16,harvest,Lettuce,Red Leaf,Vulcan,2.2,36,0,,5,43.18839207683708,-77.36601769924164
1542,2016-06-16,harvest,Lettuce,Green Leaf,Two Star,2.2,29,0,,2,43.18839207683708,-77.36601769924164
1543,2016-06-16,harvest,Kale,Red Kale,Red Russian,2.1,10,0,,22,43.18839207683708,-77.36601769924164
1544,2016-06-16,harvest,Kale,Green Kale,Starbor,2.1,10,0,,214,43.18839207683708,-77.36601769924164
1545,2016-06-16,harvest,Beets,Golden Beets,Touchstone,2.2,12,0,,26,43.18839207683708,-77.36601769924164
1546,2016-06-16,harvest,Beets,Red Beets,Boro,2.2,14,15.4,,25,43.18839207683708,-77.36601769924164
1547,2016-06-16,harvest,Greens,Asian Greens,Mizuna,2.3,7,0,,178,43.18839207683708,-77.36601769924164
1548,2016-06-16,harvest,Greens,Swiss Chard,Bright Lights,2.1,1,0,,60,43.18839207683708,-77.36601769924164
1549,2016-06-16,harvest,Radishes,Radishes,Celesta,2.3,4,0,Bunches,35,43.18839207683708,-77.36601769924164
1550,2016-06-16,plant,Pumpkins,Pumpkins,OSC 8878,5.1,100,0,,166,43.18839207683708,-77.36601769924164
1551,2016-06-16,plant,Pumpkins,Pumpkins,OSC 8880,5.1,99,0,,165,43.18839207683708,-77.36601769924164
1552,2016-06-17,harvest,Beets,Red Beets,Boro,2.2,37,41,Bunches,25,43.18839207683708,-77.36601769924164
1553,2016-06-17,harvest,Lettuce,Salanova,Premier Collection,2.2,24,0,,1,43.18839207683708,-77.36601769924164
1554,2016-06-17,harvest,Lettuce,Green Leaf,Two Star,2.2,36,0,,2,43.18839207683708,-77.36601769924164
1555,2016-06-17,harvest,Lettuce,Romaine,Green Forest,2.2,12,0,,10,43.18839207683708,-77.36601769924164
1556,2016-06-17,harvest,Broccoli,Broccoli,Blue Wind,2.2,1,29,,17,43.18839207683708,-77.36601769924164
1557,2016-06-17,harvest,Kale,Red Kale,Red Russian,2.1,0,7,,22,43.18839207683708,-77.36601769924164
1558,2016-06-17,harvest,Kale,Green Kale,Starbor,2.2,0,4.5,,214,43.18839207683708,-77.36601769924164
1561,2016-06-17,plant,Leeks,Leeks,Lexton,2.2,201,0,,31,43.18839207683708,-77.36601769924164
1559,2016-06-18,harvest,Broccoli,Broccoli,Blue Wind,2.2,0,38,,17,43.18839207683708,-77.36601769924164
1560,2016-06-19,harvest,Broccoli,Broccoli,Blue Wind,2.2,0,15,,17,43.18839207683708,-77.36601769924164
1562,2016-06-20,plant,Beets,Red Beets,Merlin,2.3,864,0,seeder,169,43.18839207683708,-77.36601769924164
1563,2016-06-20,plant,Beets,Red Beets,Merlin,2.3,864,0,seeder,169,43.18839207683708,-77.36601769924164
1564,2016-06-20,plant,Beets,Golden Beets,Touchstone,2.3,864,0,seeder,26,43.18839207683708,-77.36601769924164
1565,2016-06-20,sow,Lettuce,Bibb,Adriana,3.2,200,0,,228,43.18839207683708,-77.36601769924164
1566,2016-06-20,sow,Lettuce,Green Leaf,Starfighter,3.2,200,0,,227,43.18839207683708,-77.36601769924164
1567,2016-06-20,sow,Lettuce,Red Leaf,New Red Fire,3.2,200,0,,76,43.18839207683708,-77.36601769924164
1568,2016-06-20,sow,Lettuce,Mini Romaine,Breen,3.2,200,0,,9,43.18839207683708,-77.36601769924164
1569,2016-06-20,sow,Lettuce,Mini Romaine,Dragoon,3.2,200,0,,8,43.18839207683708,-77.36601769924164
1570,2016-06-20,sow,Lettuce,Romaine,Jericho,3.2,400,0,,229,43.18839207683708,-77.36601769924164
1571,2016-06-20,sow,Lettuce,Salanova,Premier Collection,3.2,200,0,,1,43.18839207683708,-77.36601769924164
1572,2016-06-21,harvest,Beets,Golden Beets,Touchstone,2.2,5,5.4,,26,43.18839207683708,-77.36601769924164
1573,2016-06-21,harvest,Beets,Red Beets,Boro,2.2,11,11.5,,25,43.18839207683708,-77.36601769924164
1574,2016-06-21,harvest,Broccoli,Broccoli,Blue Wind,2.2,0,18.5,,17,43.18839207683708,-77.36601769924164
1575,2016-06-21,harvest,Lettuce,Green Leaf,Two Star,2.2,13,0,,2,43.18839207683708,-77.36601769924164
1576,2016-06-21,harvest,Lettuce,Red Leaf,Vulcan,2.2,11,0,,5,43.18839207683708,-77.36601769924164
1577,2016-06-21,harvest,Beets,Golden Beets,Touchstone,2.2,5,0,Bunches ,26,43.18839207683708,-77.36601769924164
1578,2016-06-21,harvest,Beets,Red Beets,Boro,2.2,11,0,Bunches,25,43.18839207683708,-77.36601769924164
1579,2016-06-21,harvest,Kale,Green Kale,Starbor,2.1,3,0,Bunches ,214,43.18839207683708,-77.36601769924164
1580,2016-06-21,harvest,Greens,Swiss Chard,Bright Lights,2.1,3,0,,60,43.18839207683708,-77.36601769924164
1581,2016-06-21,harvest,Kale,Red Kale,Red Russian,2.1,11,0,,22,43.18839207683708,-77.36601769924164
1582,2016-06-21,harvest,Garlic,Garlic,Scapes,Garlic,65,0,,174,43.18839207683708,-77.36601769924164
1584,2016-06-21,plant,Squash,Winter Squash,Royal Ace,1.2,100,0,,223,43.18839207683708,-77.36601769924164
1585,2016-06-21,plant,Squash,Winter Squash,Butterfly,1.2,100,0,,222,43.18839207683708,-77.36601769924164
1586,2016-06-21,plant,Squash,Winter Squash,Spaghetti Squash,1.2,46,0,,134,43.18839207683708,-77.36601769924164
1583,2016-06-22,shrink,Lettuce,Salanova,Premier Collection,2.2,16,0,,1,43.18839207683708,-77.36601769924164
1587,2016-06-22,plant,Squash,Specialty Squash,Serpent of Sicily,5.1,17,0,,238,43.18839207683708,-77.36601769924164
1588,2016-06-23,harvest,Lettuce,Salanova,Premier Collection,2.2,46,0,,1,43.18839207683708,-77.36601769924164
1589,2016-06-23,harvest,Lettuce,Red Leaf,Vulcan,2.2,8,0,,5,43.18839207683708,-77.36601769924164
1590,2016-06-23,harvest,Lettuce,Romaine,Green Forest,2.2,30,0,,10,43.18839207683708,-77.36601769924164
1591,2016-06-23,harvest,Lettuce,Mini Romaine,Breen,2.2,21,0,,9,43.18839207683708,-77.36601769924164
1592,2016-06-23,harvest,Lettuce,Mini Romaine,Dragoon,2.2,20,0,,8,43.18839207683708,-77.36601769924164
1593,2016-06-23,harvest,Kale,Green Kale,Starbor,2.1,10,0,Bunches,214,43.18839207683708,-77.36601769924164
1594,2016-06-23,harvest,Kale,Red Kale,Red Russian,2.1,5,0,Bunches,22,43.18839207683708,-77.36601769924164
1595,2016-06-23,harvest,Beets,Golden Beets,Touchstone,2.2,12,10,,26,43.18839207683708,-77.36601769924164
1596,2016-06-23,harvest,Beets,Red Beets,Boro,2.2,13,15,,25,43.18839207683708,-77.36601769924164
1597,2016-06-23,harvest,Beets,Red Beets,Boro,2.2,13,15,Bunches,25,43.18839207683708,-77.36601769924164
1598,2016-06-23,harvest,Beets,Golden Beets,Touchstone,2.2,10,12,Bunches,26,43.18839207683708,-77.36601769924164
1599,2016-06-23,harvest,Cabbage,Green Cabbage,Farao,2.2,10,18,,128,43.18839207683708,-77.36601769924164
1600,2016-06-24,plant,Squash,Zucchini,Payload,1.2,95,0,,234,43.18839207683708,-77.36601769924164
1601,2016-06-24,plant,Squash,Summer Squash,Multipik,1.2,100,0,,49,43.18839207683708,-77.36601769924164
1602,2016-06-24,harvest,Beets,Golden Beets,Touchstone,2.2,20,22,,26,43.18839207683708,-77.36601769924164
1603,2016-06-24,harvest,Beets,Red Beets,Boro,2.2,30,28,,25,43.18839207683708,-77.36601769924164
1610,2016-06-24,harvest,Kale,Green Kale,Starbor,2.1,10,0,,214,43.18839207683708,-77.36601769924164
1611,2016-06-24,harvest,Kale,Red Kale,Red Russian,2.1,8,0,,22,43.18839207683708,-77.36601769924164
1604,2016-06-25,harvest,Lettuce,Mini Romaine,Breen,2.2,28,0,,9,43.18839207683708,-77.36601769924164
1605,2016-06-25,harvest,Lettuce,Mini Romaine,Dragoon,2.2,26,0,,8,43.18839207683708,-77.36601769924164
1606,2016-06-25,harvest,Lettuce,Romaine,Green Forest,2.2,24,0,,10,43.18839207683708,-77.36601769924164
1607,2016-06-25,harvest,Lettuce,Salanova,Premier Collection,2.2,30,0,,1,43.18839207683708,-77.36601769924164
1608,2016-06-25,shrink,Lettuce,Salanova,Premier Collection,2.2,18,0,Aphids,1,43.18839207683708,-77.36601769924164
1609,2016-06-25,shrink,Lettuce,Red Leaf,Vulcan,2.2,9,0,,5,43.18839207683708,-77.36601769924164
1612,2016-06-25,plant,Lettuce,Mini Romaine,Breen,2.2,174,0,,9,43.18839207683708,-77.36601769924164
1618,2016-06-25,harvest,Cucumbers,Mini Cuke,Iznik,1.1,12,0,,232,43.18839207683708,-77.36601769924164
1647,2016-06-25,plant,Lettuce,Mini Romaine,Dragoon,2.2,153,0,,8,43.18839207683708,-77.36601769924164
1613,2016-06-27,harvest,Lettuce,Romaine,Green Forest,2.2,24,0,,10,43.18839207683708,-77.36601769924164
1614,2016-06-27,shrink,Lettuce,Red Leaf,Vulcan,2.2,6,0,,5,43.18839207683708,-77.36601769924164
1615,2016-06-27,harvest,Cucumbers,Slicer Cuke,Corinto,3.1,0,13.5,,208,43.18839207683708,-77.36601769924164
1616,2016-06-27,harvest,Lettuce,Romaine,Green Forest,2.2,24,0,,10,43.18839207683708,-77.36601769924164
1617,2016-06-27,shrink,Lettuce,Red Leaf,Vulcan,2.2,6,0,,5,43.18839207683708,-77.36601769924164
1619,2016-06-28,plant,Cucumbers,Slicer Cuke,Marketmore 97,1.2,83,0,,52,43.18839207683708,-77.36601769924164
1620,2016-06-28,harvest,Lettuce,Romaine,Green Forest,2.2,39,0,,10,43.18839207683708,-77.36601769924164
1621,2016-06-28,shrink,Lettuce,Romaine,Green Forest,2.2,10,0,,10,43.18839207683708,-77.36601769924164
1622,2016-06-28,harvest,Lettuce,Red Leaf,Vulcan,2.2,5,0,,5,43.18839207683708,-77.36601769924164
1623,2016-06-28,harvest,Beets,Red Beets,Boro,2.2,3,0,Bunches ,25,43.18839207683708,-77.36601769924164
1624,2016-06-28,harvest,Kale,Green Kale,Starbor,2.1,9,0,Bunches ,214,43.18839207683708,-77.36601769924164
1625,2016-06-28,harvest,Kale,Red Kale,Red Russian,2.1,2,0,Bunches ,22,43.18839207683708,-77.36601769924164
1626,2016-06-28,harvest,Beets,Red Beets,Boro,2.2,5,5,Bunches ,25,43.18839207683708,-77.36601769924164
1627,2016-06-28,harvest,Beets,Golden Beets,Touchstone,2.2,1,1.5,Bunch ,26,43.18839207683708,-77.36601769924164
1628,2016-06-28,harvest,Broccoli,Broccoli,Belstar,2.2,0,15,,16,43.18839207683708,-77.36601769924164
1629,2016-06-28,harvest,Broccoli,Broccoli,Blue Wind,2.2,0,15,,17,43.18839207683708,-77.36601769924164
1643,2016-06-28,plant,Cucumbers,Slicer Cuke,Marketmore 76,1.2,83,0,,209,43.18839207683708,-77.36601769924164
1644,2016-06-28,sow,Cabbage,Green Cabbage,Farao,3.2,500,0,,128,43.18839207683708,-77.36601769924164
1645,2016-06-28,sow,Cabbage,Red Cabbage,Integro,3.2,500,0,,203,43.18839207683708,-77.36601769924164
1646,2016-06-28,sow,Romanesco,Romanesco,Veronica,3.2,500,0,,107,43.18839207683708,-77.36601769924164
1630,2016-06-30,harvest,Lettuce,Mini Romaine,Dragoon,2.2,48,0,,8,43.18839207683708,-77.36601769924164
1631,2016-06-30,harvest,Lettuce,Mini Romaine,Breen,2.2,12,0,,9,43.18839207683708,-77.36601769924164
1632,2016-06-30,harvest,Lettuce,Salanova,Premier Collection,2.2,34,0,,1,43.18839207683708,-77.36601769924164
1633,2016-06-30,harvest,Kale,Green Kale,Starbor,2.1,13,0,Bunches ,214,43.18839207683708,-77.36601769924164
1634,2016-06-30,harvest,Kale,Red Kale,Red Russian,2.1,3,0,Bunches ,22,43.18839207683708,-77.36601769924164
1635,2016-06-30,harvest,Lettuce,Red Leaf,Vulcan,2.2,13,0,,5,43.18839207683708,-77.36601769924164
1636,2016-06-30,harvest,Radishes,Radishes,Celesta,2.3,10,7.9,Bunches ,35,43.18839207683708,-77.36601769924164
1637,2016-06-30,harvest,Lettuce,Green Leaf,Two Star,2.2,13,0,,2,43.18839207683708,-77.36601769924164
1638,2016-06-30,harvest,Beets,Golden Beets,Touchstone,2.2,11,10.2,,26,43.18839207683708,-77.36601769924164
1639,2016-06-30,harvest,Beets,Red Beets,Boro,2.2,18,18.5,Bunches ,25,43.18839207683708,-77.36601769924164
1640,2016-06-30,harvest,Cabbage,Green Cabbage,Farao,2.2,20,63.5,,128,43.18839207683708,-77.36601769924164
1641,2016-06-30,harvest,Radishes,Purple Radishes,Purple Plum,2.3,1,0.91,Bunch,220,43.18839207683708,-77.36601769924164
1642,2016-06-30,harvest,Lettuce,Red Leaf,Vulcan,2.2,13,0,,5,43.18839207683708,-77.36601769924164
1648,2016-07-01,harvest,Beets,Red Beets,Boro,2.2,19,23,,25,43.18839207683708,-77.36601769924164
1649,2016-07-01,harvest,Kale,Green Kale,Vates,2.1,10,0,,21,43.18839207683708,-77.36601769924164
1650,2016-07-01,harvest,Kale,Red Kale,Red Russian,2.1,7,0,,22,43.18839207683708,-77.36601769924164
1651,2016-07-01,harvest,Greens,Swiss Chard,Bright Lights,2.1,7,0,,60,43.18839207683708,-77.36601769924164
1652,2016-07-01,harvest,Beets,Golden Beets,Touchstone,2.2,4,5,,26,43.18839207683708,-77.36601769924164
1653,2016-07-01,harvest,Cabbage,Green Cabbage,Farao,2.2,10,35,,128,43.18839207683708,-77.36601769924164
1654,2016-07-01,harvest,Lettuce,Mini Romaine,Dragoon,2.2,39,0,,8,43.18839207683708,-77.36601769924164
1655,2016-07-01,harvest,Lettuce,Mini Romaine,Breen,2.2,12,0,,9,43.18839207683708,-77.36601769924164
1656,2016-07-01,harvest,Lettuce,Green Leaf,Two Star,2.2,18,0,,2,43.18839207683708,-77.36601769924164
1657,2016-07-01,harvest,Lettuce,Red Leaf,Vulcan,2.2,18,0,,5,43.18839207683708,-77.36601769924164
1658,2016-07-01,harvest,Lettuce,Romaine,Green Forest,2.2,8,0,,10,43.18839207683708,-77.36601769924164
1659,2016-07-01,harvest,Radishes,Radishes,Celesta,2.3,19,11,,35,43.18839207683708,-77.36601769924164
1660,2016-07-01,plant,Carrots,Orange Carrots,Sugarsnax 54,2.3,2000,0,,204,43.18839207683708,-77.36601769924164
1661,2016-07-01,plant,Carrots,Purple Carrots,Purple Haze,2.3,2000,0,,131,43.18839207683708,-77.36601769924164
1662,2016-07-01,harvest,Lettuce,Red Leaf,Vulcan,2.2,8,0,,5,43.18839207683708,-77.36601769924164
1663,2016-07-01,harvest,Lettuce,Green Leaf,Two Star,2.2,8,0,,2,43.18839207683708,-77.36601769924164
1664,2016-07-01,harvest,Lettuce,Red Leaf,Vulcan,2.2,8,0,,5,43.18839207683708,-77.36601769924164
1674,2016-07-01,sow,Lettuce,Mini Romaine,Breen,3.2,200,0,,9,43.18839207683708,-77.36601769924164
1675,2016-07-01,sow,Lettuce,Romaine,Green Forest,3.2,200,0,,10,43.18839207683708,-77.36601769924164
1665,2016-07-02,shrink,Lettuce,Red Leaf,Vulcan,2.2,10,0,Horses,5,43.18839207683708,-77.36601769924164
1666,2016-07-02,harvest,Cabbage,Green Cabbage,Farao,2.2,12,37,,128,43.18839207683708,-77.36601769924164
1667,2016-07-02,harvest,Lettuce,Red Leaf,Vulcan,2.2,8,0,,5,43.18839207683708,-77.36601769924164
1668,2016-07-02,harvest,Lettuce,Romaine,Green Forest,2.2,12,0,,10,43.18839207683708,-77.36601769924164
1669,2016-07-02,plant,Lettuce,Bibb,Adriana,2.2.4,150,0,,228,43.18839207683708,-77.36601769924164
1670,2016-07-02,plant,Lettuce,Green Leaf,Starfighter,2.2.4,120,0,,227,43.18839207683708,-77.36601769924164
1671,2016-07-02,plant,Lettuce,Red Leaf,New Red Fire,2.2.4,126,0,,76,43.18839207683708,-77.36601769924164
1672,2016-07-02,plant,Lettuce,Romaine,Jericho,2.2.4,160,0,,229,43.18839207683708,-77.36601769924164
1676,2016-07-04,harvest,Squash,Zucchini,Payload,1.1,0,10,,234,43.18839207683708,-77.36601769924164
1677,2016-07-04,harvest,Squash,Summer Squash,Multipik,1.1,0,3,,49,43.18839207683708,-77.36601769924164
1700,2016-07-04,harvest,Lettuce,Romaine,Green Forest,2.2,24,0,,10,43.18839207683708,-77.36601769924164
1678,2016-07-05,plant,Squash,Winter Squash,Spaghetti Squash,1.2,49,0,,134,43.18839207683708,-77.36601769924164
1679,2016-07-05,plant,Cucumbers,Specialty Cuke,Lemon,1.2,40,0,,54,43.18839207683708,-77.36601769924164
1680,2016-07-05,sow,Cauliflower,Cauliflower,Skywalker,3.2,500,0,,114,43.18839207683708,-77.36601769924164
1681,2016-07-05,sow,Broccoli,Broccoli,Green Magic,3.2,864,0,,18,43.18839207683708,-77.36601769924164
1682,2016-07-05,plant,Squash,Winter Squash,Bush Delicata,5.1,43,0,,237,43.18839207683708,-77.36601769924164
1683,2016-07-05,harvest,Squash,Summer Squash,Multipik,1.1,0,6,,49,43.18839207683708,-77.36601769924164
1684,2016-07-05,harvest,Squash,Zucchini,Payload,1.1,0,36,,234,43.18839207683708,-77.36601769924164
1705,2016-07-05,harvest,Lettuce,Green Leaf,Two Star,2.2,12,0,,2,43.18839207683708,-77.36601769924164
1685,2016-07-06,harvest,Squash,Summer Squash,Multipik,1.1,0,12,,49,43.18839207683708,-77.36601769924164
1686,2016-07-06,harvest,Squash,Zucchini,Payload,1.1,0,52,,234,43.18839207683708,-77.36601769924164
1687,2016-07-06,harvest,Cucumbers,Slicer Cuke,Corinto,3.2,0,11.5,,208,43.18839207683708,-77.36601769924164
1688,2016-07-06,harvest,Cucumbers,Mini Cuke,Iznik,3.2,6,0,,232,43.18839207683708,-77.36601769924164
1702,2016-07-06,shrink,Lettuce,Red Leaf,Vulcan,2.2,18,0,,5,43.18839207683708,-77.36601769924164
1689,2016-07-07,harvest,Lettuce,Mini Romaine,Dragoon,2.2,62,0,,8,43.18839207683708,-77.36601769924164
1690,2016-07-07,harvest,Lettuce,Mini Romaine,Breen,2.2,29,0,,9,43.18839207683708,-77.36601769924164
1691,2016-07-07,harvest,Lettuce,Romaine,Green Forest,2.2,36,0,,10,43.18839207683708,-77.36601769924164
1692,2016-07-07,harvest,Cabbage,Green Cabbage,Farao,2.2,0,114,,128,43.18839207683708,-77.36601769924164
1693,2016-07-07,shrink,Lettuce,Mini Romaine,Breen,2.2,13,0,,9,43.18839207683708,-77.36601769924164
1694,2016-07-07,shrink,Lettuce,Mini Romaine,Dragoon,2.2,28,0,,8,43.18839207683708,-77.36601769924164
1695,2016-07-07,harvest,Kale,Green Kale,Vates,2.1,10,0,,21,43.18839207683708,-77.36601769924164
1696,2016-07-07,harvest,Kale,Red Kale,Red Russian,2.1,6,0,,22,43.18839207683708,-77.36601769924164
1697,2016-07-07,harvest,Greens,Swiss Chard,Bright Lights,2.1,1,0,,60,43.18839207683708,-77.36601769924164
1698,2016-07-07,harvest,Lettuce,Green Leaf,Two Star,2.2,12,0,,2,43.18839207683708,-77.36601769924164
1699,2016-07-07,harvest,Lettuce,Red Leaf,Vulcan,2.2,12,0,,5,43.18839207683708,-77.36601769924164
1701,2016-07-07,harvest,Lettuce,Red Leaf,Vulcan,2.2,18,0,,5,43.18839207683708,-77.36601769924164
1703,2016-07-07,harvest,Beets,Red Beets,Boro,2.2,26,27,,25,43.18839207683708,-77.36601769924164
1704,2016-07-07,harvest,Beets,Golden Beets,Touchstone,2.2,4,5,,26,43.18839207683708,-77.36601769924164
1706,2016-07-07,harvest,Squash,Summer Squash,Multipik,1.1,0,16,,49,43.18839207683708,-77.36601769924164
1707,2016-07-07,harvest,Squash,Zucchini,Payload,1.1,0,55,,234,43.18839207683708,-77.36601769924164
1708,2016-07-08,harvest,Lettuce,Romaine,Green Forest,2.2,61,0,,10,43.18839207683708,-77.36601769924164
1709,2016-07-08,harvest,Lettuce,Green Leaf,Two Star,2.2,31,0,,2,43.18839207683708,-77.36601769924164
1710,2016-07-08,shrink,Lettuce,Green Leaf,Two Star,2.2,18,0,,2,43.18839207683708,-77.36601769924164
1711,2016-07-08,shrink,Lettuce,Romaine,Green Forest,2.2,1,0,,10,43.18839207683708,-77.36601769924164
1712,2016-07-08,harvest,Cabbage,Green Cabbage,Farao,2.2,15,63,,128,43.18839207683708,-77.36601769924164
1713,2016-07-08,harvest,Squash,Zucchini,Payload,1.1,0,61,,234,43.18839207683708,-77.36601769924164
1714,2016-07-08,harvest,Squash,Summer Squash,Multipik,1.1,0,20,,49,43.18839207683708,-77.36601769924164
1715,2016-07-08,harvest,Cabbage,Green Cabbage,Farao,2.2,8,35,,128,43.18839207683708,-77.36601769924164
1716,2016-07-08,harvest,Lettuce,Red Leaf,Vulcan,2.2,57,0,,5,43.18839207683708,-77.36601769924164
1717,2016-07-08,shrink,Lettuce,Red Leaf,Vulcan,2.2,24,0,,5,43.18839207683708,-77.36601769924164
1718,2016-07-08,harvest,Kale,Green Kale,Starbor,2.1,10,0,,214,43.18839207683708,-77.36601769924164
1719,2016-07-08,harvest,Kale,Red Kale,Red Russian,2.1,7,0,,22,43.18839207683708,-77.36601769924164
1720,2016-07-08,harvest,Beets,Red Beets,Boro,2.2,17,17,,25,43.18839207683708,-77.36601769924164
1721,2016-07-09,plant,Lettuce,Mini Romaine,Breen,2.2.4,157,0,,9,43.18839207683708,-77.36601769924164
1722,2016-07-09,plant,Lettuce,Mini Romaine,Dragoon,2.2.4,100,0,,8,43.18839207683708,-77.36601769924164
1723,2016-07-09,plant,Lettuce,Salanova,Premier Collection,2.2.4,197,0,,1,43.18839207683708,-77.36601769924164
1724,2016-07-09,harvest,Squash,Summer Squash,Multipik,1.1,0,30,,49,43.18839207683708,-77.36601769924164
1725,2016-07-09,harvest,Squash,Zucchini,Payload,1.1,0,44,,234,43.18839207683708,-77.36601769924164
1726,2016-07-09,harvest,Cucumbers,Slicer Cuke,Marketmore 76,1.1,0,32,,209,43.18839207683708,-77.36601769924164
1727,2016-07-10,harvest,Cucumbers,Slicer Cuke,Corinto,3.1,1,0,,208,43.18839207683708,-77.36601769924164
1728,2016-07-10,harvest,Squash,Summer Squash,Multipik,1.1,0,24,,49,43.18839207683708,-77.36601769924164
1729,2016-07-10,harvest,Squash,Zucchini,Payload,1.1,0,36,,234,43.18839207683708,-77.36601769924164
1730,2016-07-10,harvest,Cucumbers,Slicer Cuke,Marketmore 76,1.1,0,41,,209,43.18839207683708,-77.36601769924164
1731,2016-07-11,harvest,Lettuce,Salanova,Premier Collection,2.2,48,0,,1,43.18839207683708,-77.36601769924164
1732,2016-07-11,harvest,Lettuce,Red Leaf,Vulcan,2.2,21,0,,5,43.18839207683708,-77.36601769924164
1733,2016-07-11,harvest,Lettuce,Mini Romaine,Ansar,2.2,4,0,,176,43.18839207683708,-77.36601769924164
1734,2016-07-11,harvest,Lettuce,Green Leaf,Two Star,2.2,62,0,,2,43.18839207683708,-77.36601769924164
1735,2016-07-11,harvest,Cabbage,Green Cabbage,Farao,2.2,3,15.22,,128,43.18839207683708,-77.36601769924164
1736,2016-07-11,harvest,Squash,Summer Squash,Multipik,1.1,10,0,,49,43.18839207683708,-77.36601769924164
1737,2016-07-11,harvest,Cucumbers,Slicer Cuke,Marketmore 76,1.1,0,36,,209,43.18839207683708,-77.36601769924164
1738,2016-07-13,harvest,Peppers,Bell Peppers,Revolution,1.2,0,153,,216,43.18839207683708,-77.36601769924164
1739,2016-07-13,shrink,Peppers,Bell Peppers,Revolution,1.2,0,46,,216,43.18839207683708,-77.36601769924164
1740,2016-07-13,harvest,Peppers,Hot Peppers,Jalafuego,1.2,0,16,,45,43.18839207683708,-77.36601769924164
1741,2016-07-13,harvest,Cucumbers,Slicer Cuke,Marketmore 76,1.1,0,74,,209,43.18839207683708,-77.36601769924164
1742,2016-07-13,harvest,Squash,Summer Squash,Multipik,1.1,0,37,,49,43.18839207683708,-77.36601769924164
1743,2016-07-13,harvest,Squash,Zucchini,Payload,1.1,0,51,,234,43.18839207683708,-77.36601769924164
1744,2016-07-13,harvest,Lettuce,Salanova,Premier Collection,2.2.3,26,0,,1,43.18839207683708,-77.36601769924164
1745,2016-07-13,harvest,Cabbage,Red Cabbage,Integro,2.2,7,22,,203,43.18839207683708,-77.36601769924164
1746,2016-07-14,harvest,Broccoli,Broccoli,Green Magic,1.1,0,33,,18,43.18839207683708,-77.36601769924164
1747,2016-07-14,harvest,Lettuce,Romaine,Jericho,2.2,51,0,,229,43.18839207683708,-77.36601769924164
1748,2016-07-14,shrink,Lettuce,Romaine,Jericho,2.2,9,0,,229,43.18839207683708,-77.36601769924164
1749,2016-07-14,harvest,Lettuce,Salanova,Premier Collection,2.2,24,0,,1,43.18839207683708,-77.36601769924164
1750,2016-07-14,harvest,Kale,Green Kale,Starbor,2.1,13,0,,214,43.18839207683708,-77.36601769924164
1751,2016-07-14,harvest,Kale,Red Kale,Red Russian,2.1,3,0,,22,43.18839207683708,-77.36601769924164
1752,2016-07-15,harvest,Beets,Golden Beets,Touchstone,2.2,17,0,,26,43.18839207683708,-77.36601769924164
1753,2016-07-15,harvest,Beets,Red Beets,Boro,2.2,17,0,,25,43.18839207683708,-77.36601769924164
1754,2016-07-15,harvest,Kale,Green Kale,Vates,2.1,12,0,,21,43.18839207683708,-77.36601769924164
1755,2016-07-15,harvest,Kale,Red Kale,Red Russian,2.1,2,0,,22,43.18839207683708,-77.36601769924164
1756,2016-07-15,harvest,Broccoli,Broccoli,Green Magic,1.1,0,35,,18,43.18839207683708,-77.36601769924164
1757,2016-07-15,harvest,Lettuce,Green Leaf,Starfighter,2.2,16,0,,227,43.18839207683708,-77.36601769924164
1758,2016-07-15,harvest,Lettuce,Red Leaf,New Red Fire,2.2,16,0,,76,43.18839207683708,-77.36601769924164
1759,2016-07-15,harvest,Lettuce,Salanova,Premier Collection,2.2.3,69,0,,1,43.18839207683708,-77.36601769924164
1760,2016-07-15,harvest,Squash,Summer Squash,Multipik,1.1,0,56,,49,43.18839207683708,-77.36601769924164
1761,2016-07-15,harvest,Squash,Zucchini,Payload,1.1,0,60,,234,43.18839207683708,-77.36601769924164
1762,2016-07-15,harvest,Cucumbers,Slicer Cuke,Marketmore 76,1.1,0,106,,209,43.18839207683708,-77.36601769924164
1763,2016-07-17,harvest,Broccoli,Broccoli,Green Magic,1.1,0,49,,18,43.18839207683708,-77.36601769924164
1764,2016-07-17,harvest,Garlic,Garlic,Music,Garlic,310,0,,121,43.18839207683708,-77.36601769924164
1765,2016-07-17,sow,Lettuce,Green Leaf,Starfighter,3.2,200,0,,227,43.18839207683708,-77.36601769924164
1766,2016-07-17,sow,Lettuce,Red Leaf,New Red Fire,3.2,200,0,,76,43.18839207683708,-77.36601769924164
1767,2016-07-17,sow,Lettuce,Mini Romaine,Breen,3.2,200,0,,9,43.18839207683708,-77.36601769924164
1768,2016-07-17,sow,Lettuce,Mini Romaine,Dragoon,3.2,200,0,,8,43.18839207683708,-77.36601769924164
1769,2016-07-17,sow,Lettuce,Bibb,Adriana,3.2,200,0,,228,43.18839207683708,-77.36601769924164
1770,2016-07-17,sow,Lettuce,Salanova,Premier Collection,3.2,200,0,,1,43.18839207683708,-77.36601769924164
1771,2016-07-17,harvest,Cucumbers,Slicer Cuke,Marketmore 76,1.1,0,55,,209,43.18839207683708,-77.36601769924164
1772,2016-07-17,harvest,Squash,Summer Squash,Multipik,1.1,0,30,,49,43.18839207683708,-77.36601769924164
1773,2016-07-17,harvest,Squash,Zucchini,Payload,1.1,0,29,,234,43.18839207683708,-77.36601769924164
1774,2016-07-17,sow,Squash,Summer Squash,Multipik,3.2,100,0,100 seeds 2 per cell,49,43.18839207683708,-77.36601769924164
1775,2016-07-17,sow,Squash,Zucchini,Payload,3.2,100,0,100 seeds 2 per cell,234,43.18839207683708,-77.36601769924164
1776,2016-07-17,sow,Cucumbers,Slicer Cuke,Marketmore 76,3.2,100,0,100 seeds 2 per cell,209,43.18839207683708,-77.36601769924164
1777,2016-07-18,harvest,Cauliflower,Cauliflower,Janvel,2.2,8,0,,115,43.18839207683708,-77.36601769924164
1778,2016-07-18,harvest,Broccoli,Broccoli,Green Magic,1.1,0,22,,18,43.18839207683708,-77.36601769924164
1779,2016-07-18,harvest,Squash,Summer Squash,Multipik,1.1,0,9,,49,43.18839207683708,-77.36601769924164
1780,2016-07-18,harvest,Squash,Zucchini,Payload,1.1,0,11,,234,43.18839207683708,-77.36601769924164
1781,2016-07-18,harvest,Cucumbers,Slicer Cuke,Marketmore 76,1.1,0,52,,209,43.18839207683708,-77.36601769924164
1782,2016-07-19,harvest,Peppers,Bell Peppers,Revolution,1.2,0,117.35,,216,43.18839207683708,-77.36601769924164
1783,2016-07-19,shrink,Peppers,Bell Peppers,Revolution,1.2,0,41.6,,216,43.18839207683708,-77.36601769924164
1784,2016-07-19,harvest,Eggplant,Purple Eggplant,Nadia,1.2,0,37.5,,210,43.18839207683708,-77.36601769924164
1785,2016-07-20,harvest,Broccoli,Broccoli,Green Magic,1.1,0,41.5,,18,43.18839207683708,-77.36601769924164
1786,2016-07-20,harvest,Carrots,Orange Carrots,Jeannette,2.3,0,5,,27,43.18839207683708,-77.36601769924164
1787,2016-07-20,plant,Burdock,Cardoons,Porto Spineless,2.2,129,0,,170,43.18839207683708,-77.36601769924164
1797,2016-07-20,harvest,Cabbage,Red Cabbage,Red Express,2.2,3,0,,129,43.18839207683708,-77.36601769924164
1788,2016-07-21,harvest,Cauliflower,Cauliflower,Janvel,2.2,13,23,,115,43.18839207683708,-77.36601769924164
1789,2016-07-21,harvest,Cabbage,Red Cabbage,Integro,2.2,13,49,,203,43.18839207683708,-77.36601769924164
1790,2016-07-21,harvest,Cucumbers,Slicer Cuke,Marketmore 76,1.1,0,119,,209,43.18839207683708,-77.36601769924164
1791,2016-07-21,harvest,Squash,Summer Squash,Multipik,1.1,0,34,,49,43.18839207683708,-77.36601769924164
1792,2016-07-21,harvest,Squash,Zucchini,Payload,1.1,0,41,,234,43.18839207683708,-77.36601769924164
1793,2016-07-21,harvest,Eggplant,Purple Eggplant,Nadia,1.2,0,52,,210,43.18839207683708,-77.36601769924164
1794,2016-07-21,harvest,Eggplant,Purple Eggplant,Nadia,1.2,0,52,,210,43.18839207683708,-77.36601769924164
1795,2016-07-21,harvest,Kale,Green Kale,Starbor,2.1,12,0,,214,43.18839207683708,-77.36601769924164
1796,2016-07-21,harvest,Kale,Red Kale,Red Russian,2.1,3,0,,22,43.18839207683708,-77.36601769924164
1798,2016-07-22,harvest,Broccoli,Broccoli,Green Magic,1.1,0,13,,18,43.18839207683708,-77.36601769924164
1799,2016-07-22,harvest,Tomatoes,Slicer Tomatoes,Charger,1.1,0,13,,224,43.18839207683708,-77.36601769924164
1800,2016-07-22,harvest,Tomatoes,Slicer Tomatoes,Defiant,1.1,0,33,,64,43.18839207683708,-77.36601769924164
1801,2016-07-22,shrink,Tomatoes,Slicer Tomatoes,Charger,1.1,4,2,,224,43.18839207683708,-77.36601769924164
1802,2016-07-22,harvest,Garlic,Garlic,Music,1.4,80,18,,121,43.18839207683708,-77.36601769924164
1803,2016-07-22,harvest,Cabbage,Red Cabbage,Integro,2.2,12,50,,203,43.18839207683708,-77.36601769924164
1804,2016-07-22,harvest,Cauliflower,Cauliflower,Janvel,2.2,41,89,,115,43.18839207683708,-77.36601769924164
1805,2016-07-22,harvest,Cucumbers,Slicer Cuke,Marketmore 76,1.1,0,65,,209,43.18839207683708,-77.36601769924164
1806,2016-07-22,harvest,Eggplant,Purple Eggplant,Nadia,1.2,0,29,,210,43.18839207683708,-77.36601769924164
1807,2016-07-22,harvest,Kale,Green Kale,Starbor,2.1,14,0,,214,43.18839207683708,-77.36601769924164
1808,2016-07-22,harvest,Peppers,Bell Peppers,Revolution,1.2,0,49,,216,43.18839207683708,-77.36601769924164
1809,2016-07-22,shrink,Peppers,Bell Peppers,Revolution,1.2,0,23,Blossom End Rot,216,43.18839207683708,-77.36601769924164
1810,2016-07-22,harvest,Squash,Summer Squash,Multipik,1.1,0,21,,49,43.18839207683708,-77.36601769924164
1811,2016-07-22,harvest,Squash,Summer Squash,Multipik,1.2,0,14,,49,43.18839207683708,-77.36601769924164
1812,2016-07-22,harvest,Squash,Zucchini,Payload,1.1,0,51,,234,43.18839207683708,-77.36601769924164
1813,2016-07-22,harvest,Squash,Zucchini,Payload,1.2,0,46,,234,43.18839207683708,-77.36601769924164
1814,2016-07-23,harvest,Kale,Red Kale,Red Russian,1.1,1,0,,22,43.18839207683708,-77.36601769924164
1815,2016-07-23,harvest,Broccoli,Broccoli,Green Magic,1.1,0,4,,18,43.18839207683708,-77.36601769924164
1816,2016-07-23,harvest,Cabbage,Red Cabbage,Integro,2.2,8,24,,203,43.18839207683708,-77.36601769924164
1817,2016-07-24,harvest,Cauliflower,Cauliflower,Janvel,2.2,28,69,,115,43.18839207683708,-77.36601769924164
1818,2016-07-24,sow,Beets,Golden Beets,Touchstone,3.2,800,0,,26,43.18839207683708,-77.36601769924164
1819,2016-07-24,sow,Beets,Red Beets,Merlin,3.2,800,0,,169,43.18839207683708,-77.36601769924164
1820,2016-07-24,harvest,Tomatoes,Slicer Tomatoes,Charger,1.1,0,35,,224,43.18839207683708,-77.36601769924164
1821,2016-07-24,harvest,Cucumbers,Slicer Cuke,Corinto,3.1,0,18,,208,43.18839207683708,-77.36601769924164
1822,2016-07-24,harvest,Cucumbers,Slicer Cuke,Marketmore 76,1.1,0,57,,209,43.18839207683708,-77.36601769924164
1823,2016-07-24,harvest,Cucumbers,Specialty Cuke,Lemon,1.1,0,14,,54,43.18839207683708,-77.36601769924164
1824,2016-07-24,harvest,Squash,Summer Squash,Multipik,1.1,0,22,,49,43.18839207683708,-77.36601769924164
1825,2016-07-24,harvest,Squash,Summer Squash,Multipik,1.2,0,53,,49,43.18839207683708,-77.36601769924164
1826,2016-07-24,harvest,Squash,Zucchini,Payload,1.1,0,56,,234,43.18839207683708,-77.36601769924164
1827,2016-07-24,harvest,Squash,Zucchini,Payload,1.2,0,66,,234,43.18839207683708,-77.36601769924164
1828,2016-07-25,harvest,Cucumbers,Slicer Cuke,Corinto,3.2,0,12,,208,43.18839207683708,-77.36601769924164
1829,2016-07-25,harvest,Cucumbers,Specialty Cuke,Lemon,1.1,0,10,,54,43.18839207683708,-77.36601769924164
1830,2016-07-25,harvest,Squash,Summer Squash,Multipik,1.1,0,9,,49,43.18839207683708,-77.36601769924164
1831,2016-07-25,harvest,Squash,Summer Squash,Multipik,1.2,0,25,,49,43.18839207683708,-77.36601769924164
1832,2016-07-25,harvest,Squash,Zucchini,Payload,1.1,0,18,,234,43.18839207683708,-77.36601769924164
1833,2016-07-25,harvest,Squash,Zucchini,Payload,1.2,0,32,,234,43.18839207683708,-77.36601769924164
1834,2016-07-26,harvest,Cucumbers,Specialty Cuke,Lemon,1.1,0,9,,54,43.18839207683708,-77.36601769924164
1835,2016-07-26,harvest,Cucumbers,Slicer Cuke,Marketmore 76,1.1,0,60,,209,43.18839207683708,-77.36601769924164
1836,2016-07-26,harvest,Squash,Zucchini,Payload,1.1,0,17,,234,43.18839207683708,-77.36601769924164
1837,2016-07-26,harvest,Squash,Zucchini,Payload,1.2,0,17,,234,43.18839207683708,-77.36601769924164
1838,2016-07-27,plant,Carrots,Purple Carrots,Purple Haze,2.3,36,0,36 grams,131,43.18839207683708,-77.36601769924164
1839,2016-07-27,plant,Carrots,Orange Carrots,Resistafly,2.3,2,0,2 grams,29,43.18839207683708,-77.36601769924164
1840,2016-07-27,harvest,Squash,Summer Squash,Multipik,1.1,0,37,,49,43.18839207683708,-77.36601769924164
1841,2016-07-27,harvest,Squash,Summer Squash,Multipik,1.2,0,38,,49,43.18839207683708,-77.36601769924164
1842,2016-07-27,harvest,Tomatoes,Slicer Tomatoes,Charger,1.1,0,109,,224,43.18839207683708,-77.36601769924164
1843,2016-07-28,harvest,Beans,Green Beans,Provider,1.2,0,40,,70,43.18839207683708,-77.36601769924164
1844,2016-07-28,harvest,Eggplant,Purple Eggplant,Nadia,1.2,0,183,,210,43.18839207683708,-77.36601769924164
1845,2016-07-28,shrink,Lettuce,Mini Romaine,Breen,2.2,12,0,,9,43.18839207683708,-77.36601769924164
1846,2016-07-28,harvest,Garlic,Garlic,Music,1.4,0,8,,121,43.18839207683708,-77.36601769924164
1847,2016-07-28,harvest,Beans,Yellow Beans,Rocdor,1.2,0,8,,71,43.18839207683708,-77.36601769924164
1848,2016-07-28,harvest,Tomatoes,Cherry Tomatoes,Cherry Bomb,1.1,0,36,,225,43.18839207683708,-77.36601769924164
1849,2016-07-28,harvest,Cauliflower,Cauliflower,Janvel,2.2,0,98,,115,43.18839207683708,-77.36601769924164
1850,2016-07-28,harvest,Cabbage,Red Cabbage,Integro,2.2,0,49,,203,43.18839207683708,-77.36601769924164
1851,2016-07-28,harvest,Kale,Green Kale,Vates,2.1,15,0,,21,43.18839207683708,-77.36601769924164
1852,2016-07-28,harvest,Kale,Red Kale,Red Russian,2.1,6,0,,22,43.18839207683708,-77.36601769924164
1853,2016-07-28,harvest,Peppers,Hot Peppers,Jalafuego,1.2,0,6,,45,43.18839207683708,-77.36601769924164
1854,2016-07-28,shrink,Cucumbers,Slicer Cuke,Marketmore 76,1.1,0,55,,209,43.18839207683708,-77.36601769924164
1855,2016-07-28,harvest,Squash,Zucchini,Payload,1.1,0,50,,234,43.18839207683708,-77.36601769924164
1856,2016-07-28,harvest,Squash,Zucchini,Payload,1.2,0,84,,234,43.18839207683708,-77.36601769924164
1857,2016-07-28,harvest,Tomatoes,Slicer Tomatoes,Defiant,1.1,0,57,,64,43.18839207683708,-77.36601769924164
1858,2016-07-28,harvest,Cucumbers,Slicer Cuke,Marketmore 76,1.1,0,62,,209,43.18839207683708,-77.36601769924164
1859,2016-07-29,harvest,Cauliflower,Cauliflower,Janvel,2.2,0,82,,115,43.18839207683708,-77.36601769924164
1860,2016-07-29,harvest,Cabbage,Red Cabbage,Integro,0,42,0,,203,43.18839207683708,-77.36601769924164
1861,2016-07-29,harvest,Squash,Summer Squash,Multipik,1.2,0,58,,49,43.18839207683708,-77.36601769924164
1862,2016-07-29,harvest,Squash,Summer Squash,Multipik,1.1,0,20,,49,43.18839207683708,-77.36601769924164
1863,2016-07-29,harvest,Squash,Zucchini,Payload,1.2,0,22,,234,43.18839207683708,-77.36601769924164
1864,2016-07-29,harvest,Squash,Zucchini,Payload,1.1,0,8,,234,43.18839207683708,-77.36601769924164
1865,2016-07-30,harvest,Cucumbers,Slicer Cuke,Marketmore 76,1.1,0,45,,209,43.18839207683708,-77.36601769924164
1866,2016-07-31,shrink,Cucumbers,Slicer Cuke,Marketmore 76,1.1,0,35,,209,43.18839207683708,-77.36601769924164
1867,2016-07-31,shrink,Squash,Summer Squash,Multipik,1.1,0,25,,49,43.18839207683708,-77.36601769924164
1868,2016-07-31,harvest,Cabbage,Red Cabbage,Integro,2.2,0,32,,203,43.18839207683708,-77.36601769924164
1869,2016-07-31,harvest,Squash,Summer Squash,Multipik,1.1,0,34,,49,43.18839207683708,-77.36601769924164
1870,2016-07-31,harvest,Squash,Summer Squash,Multipik,1.2,0,78,,49,43.18839207683708,-77.36601769924164
1871,2016-07-31,harvest,Squash,Zucchini,Payload,1.1,0,35,,234,43.18839207683708,-77.36601769924164
1872,2016-07-31,harvest,Squash,Zucchini,Payload,1.2,0,82,,234,43.18839207683708,-77.36601769924164
1873,2016-07-31,shrink,Cucumbers,Slicer Cuke,Marketmore 76,1.1,0,90,,209,43.18839207683708,-77.36601769924164
1874,2016-07-31,shrink,Squash,Summer Squash,Multipik,1.1,0,50,,49,43.18839207683708,-77.36601769924164
1875,2016-07-31,harvest,Tomatoes,Slicer Tomatoes,Charger,1.1,0,130,,224,43.18839207683708,-77.36601769924164
1876,2016-08-01,harvest,Cucumbers,Slicer Cuke,Marketmore 76,1.1,0,96,,209,43.18839207683708,-77.36601769924164
1877,2016-08-01,shrink,Cucumbers,Slicer Cuke,Marketmore 76,1.1,0,50,,209,43.18839207683708,-77.36601769924164
1878,2016-08-01,shrink,Squash,Zucchini,Payload,1.1,0,21,,234,43.18839207683708,-77.36601769924164
1879,2016-08-01,shrink,Squash,Summer Squash,Multipik,1.1,0,19,,49,43.18839207683708,-77.36601769924164
1880,2016-08-02,harvest,Squash,Summer Squash,Multipik,1.1,0,39,,49,43.18839207683708,-77.36601769924164
1881,2016-08-02,shrink,Squash,Summer Squash,Multipik,,0,10,,49,43.18839207683708,-77.36601769924164
1882,2016-08-02,harvest,Squash,Summer Squash,Multipik,1.2,0,64,,49,43.18839207683708,-77.36601769924164
1883,2016-08-02,harvest,Squash,Zucchini,Payload,1.2,0,83,,234,43.18839207683708,-77.36601769924164
1884,2016-08-02,harvest,Squash,Zucchini,Payload,1.1,0,29,,234,43.18839207683708,-77.36601769924164
1885,2016-08-02,harvest,Beans,Yellow Beans,Rocdor,1.2,0,8,,71,43.18839207683708,-77.36601769924164
1886,2016-08-02,harvest,Cabbage,Red Cabbage,Integro,2.2,0,38,,203,43.18839207683708,-77.36601769924164
1887,2016-08-02,harvest,Tomatoes,Cherry Tomatoes,Esterina,1.1,0,6,,68,43.18839207683708,-77.36601769924164
1888,2016-08-03,harvest,Peppers,Hot Peppers,Cheyenne,1.2,0,6.56,,46,43.18839207683708,-77.36601769924164
1889,2016-08-03,shrink,Peppers,Hot Peppers,Cheyenne,1.2,0,1,,46,43.18839207683708,-77.36601769924164
1890,2016-08-03,harvest,Peppers,Bell Peppers,Revolution,1.2,0,51.36,,216,43.18839207683708,-77.36601769924164
1891,2016-08-03,shrink,Peppers,Bell Peppers,Revolution,1.2,0,30.39,,216,43.18839207683708,-77.36601769924164
1895,2016-08-03,harvest,Tomatoes,Slicer Tomatoes,Defiant,1.1,0,88,,64,43.18839207683708,-77.36601769924164
1898,2016-08-03,harvest,Lettuce,Bibb,Adriana,2.2,36,0,,228,43.18839207683708,-77.36601769924164
1892,2016-08-04,harvest,Eggplant,Purple Eggplant,Nadia,1.2,0,107,,210,43.18839207683708,-77.36601769924164
1893,2016-08-04,shrink,Eggplant,Purple Eggplant,Nadia,1.2,0,50,From other harvest ,210,43.18839207683708,-77.36601769924164
1894,2016-08-04,harvest,Peppers,Hot Peppers,Jalafuego,1.2,0,7.5,,45,43.18839207683708,-77.36601769924164
1896,2016-08-04,harvest,Beans,Yellow Beans,Rocdor,1.2,0,13,,71,43.18839207683708,-77.36601769924164
1897,2016-08-04,harvest,Cabbage,Red Cabbage,Integro,2.2,0,53,,203,43.18839207683708,-77.36601769924164
1899,2016-08-04,harvest,Lettuce,Green Leaf,Starfighter,2.2,16,0,,227,43.18839207683708,-77.36601769924164
1900,2016-08-04,harvest,Onions,Yellow Onions,Cortland,2.4,0,19,,33,43.18839207683708,-77.36601769924164
1901,2016-08-04,harvest,Kale,Green Kale,Vates,2.1,12,0,,21,43.18839207683708,-77.36601769924164
1902,2016-08-04,harvest,Cucumbers,Specialty Cuke,Lemon,1.1,0,11,,54,43.18839207683708,-77.36601769924164
1903,2016-08-04,harvest,Garlic,Garlic,Music,Garlic,0,6,,121,43.18839207683708,-77.36601769924164
1904,2016-08-04,harvest,Peppers,Hot Peppers,Jalafuego,1.2,0,7,,45,43.18839207683708,-77.36601769924164
1905,2016-08-04,harvest,Tomatoes,Cherry Tomatoes,Cherry Bomb,1.1,0,48,,225,43.18839207683708,-77.36601769924164
1906,2016-08-04,harvest,Tomatoes,Cherry Tomatoes,Esterina,1.1,0,57,,68,43.18839207683708,-77.36601769924164
1907,2016-08-04,harvest,Tomatoes,Specialty Tomatoes,Indigo Kumquat,1.1,0,13,,140,43.18839207683708,-77.36601769924164
1908,2016-08-04,harvest,Tomatoes,Specialty Tomatoes,Pink Bumblebee,1.1,0,8,,226,43.18839207683708,-77.36601769924164
1909,2016-08-04,harvest,Squash,Zucchini,Payload,1.2,0,57,,234,43.18839207683708,-77.36601769924164
1910,2016-08-05,harvest,Tomatoes,Slicer Tomatoes,Defiant,1.1,0,165,,64,43.18839207683708,-77.36601769924164
1911,2016-08-05,harvest,Tomatoes,Slicer Tomatoes,Charger,1.1,0,25,,224,43.18839207683708,-77.36601769924164
1912,2016-08-05,harvest,Tomatoes,Cherry Tomatoes,Esterina,1.1,0,29,,68,43.18839207683708,-77.36601769924164
1913,2016-08-05,harvest,Tomatoes,Cherry Tomatoes,Cherry Bomb,1.1,0,27,,225,43.18839207683708,-77.36601769924164
1914,2016-08-05,harvest,Peppers,Bell Peppers,Revolution,1.2,0,36,,216,43.18839207683708,-77.36601769924164
1915,2016-08-05,harvest,Peppers,Bell Peppers,Revolution,1.2,0,80,,216,43.18839207683708,-77.36601769924164
1916,2016-08-05,shrink,Peppers,Bell Peppers,Revolution,1.2,0,80,,216,43.18839207683708,-77.36601769924164
1917,2016-08-05,harvest,Peppers,Hot Peppers,Jalafuego,1.2,0,4,,45,43.18839207683708,-77.36601769924164
1918,2016-08-05,harvest,Squash,Summer Squash,Multipik,1.2,0,108,,49,43.18839207683708,-77.36601769924164
1919,2016-08-05,shrink,Squash,Summer Squash,Multipik,1.2,0,30,,49,43.18839207683708,-77.36601769924164
1920,2016-08-05,harvest,Squash,Zucchini,Payload,1.1,0,17,,234,43.18839207683708,-77.36601769924164
1921,2016-08-05,harvest,Cabbage,Red Cabbage,Integro,2.2,0,101,,203,43.18839207683708,-77.36601769924164
1922,2016-08-05,harvest,Cucumbers,Slicer Cuke,Marketmore 76,1.2,0,27,,209,43.18839207683708,-77.36601769924164
1923,2016-08-05,harvest,Garlic,Garlic,Music,Garlic,0,4.5,,121,43.18839207683708,-77.36601769924164
1924,2016-08-05,harvest,Lettuce,Bibb,Adriana,2.2,30,0,,228,43.18839207683708,-77.36601769924164
1925,2016-08-05,harvest,Eggplant,Purple Eggplant,Nadia,2.2,0,13,,210,43.18839207683708,-77.36601769924164
1926,2016-08-06,plant,Squash,Summer Squash,Multipik,1.2.2,42,0,,49,43.18839207683708,-77.36601769924164
1927,2016-08-06,plant,Squash,Zucchini,Payload,1.2.2,80,0,,234,43.18839207683708,-77.36601769924164
1928,2016-08-06,harvest,Squash,Zucchini,Payload,1.2,0,81,,234,43.18839207683708,-77.36601769924164
1929,2016-08-06,harvest,Cucumbers,Specialty Cuke,Lemon,1.1,0,11,,54,43.18839207683708,-77.36601769924164
1930,2016-08-07,harvest,Squash,Summer Squash,Multipik,1.2.2,11,11,,49,43.18839207683708,-77.36601769924164
1931,2016-08-07,harvest,Squash,Summer Squash,Multipik,1.2,0,46,,49,43.18839207683708,-77.36601769924164
1932,2016-08-07,plant,Broccoli,Broccoli,Green Magic,5.1,440,0,,18,43.18839207683708,-77.36601769924164
1933,2016-08-07,harvest,Cucumbers,Slicer Cuke,Marketmore 76,1.2,0,64,,209,43.18839207683708,-77.36601769924164
1934,2016-08-08,shrink,Tomatoes,Cherry Tomatoes,Esterina,1.1,0,19,,68,43.18839207683708,-77.36601769924164
1935,2016-08-08,harvest,Squash,Zucchini,Payload,1.2,0,58,,234,43.18839207683708,-77.36601769924164
1936,2016-08-08,harvest,Eggplant,Purple Eggplant,Nadia,1.2,0,52,,210,43.18839207683708,-77.36601769924164
1937,2016-08-08,shrink,Eggplant,Purple Eggplant,Nadia,1.2,0,14,,210,43.18839207683708,-77.36601769924164
1938,2016-08-08,shrink,Squash,Summer Squash,Multipik,,0,18,,49,43.18839207683708,-77.36601769924164
1939,2016-08-08,harvest,Tomatoes,Cherry Tomatoes,Cherry Bomb,1.1,0,30,,225,43.18839207683708,-77.36601769924164
1940,2016-08-09,plant,Cabbage,Green Cabbage,Farao,5.1,113,0,,128,43.18839207683708,-77.36601769924164
1941,2016-08-09,plant,Cabbage,Red Cabbage,Red Express,5.1,153,0,,129,43.18839207683708,-77.36601769924164
1942,2016-08-09,plant,Romanesco,Romanesco,Veronica,5.1,41,0,,107,43.18839207683708,-77.36601769924164
1943,2016-08-09,harvest,Lettuce,Salanova,Premier Collection,2.2,67,0,,1,43.18839207683708,-77.36601769924164
1944,2016-08-09,harvest,Squash,Summer Squash,Multipik,1.2,0,39,,49,43.18839207683708,-77.36601769924164
1945,2016-08-09,harvest,Cucumbers,Specialty Cuke,Lemon,1.1,0,8,,54,43.18839207683708,-77.36601769924164
1946,2016-08-09,harvest,Cucumbers,Slicer Cuke,Marketmore 76,1.2,0,51,,209,43.18839207683708,-77.36601769924164
1947,2016-08-09,harvest,Tomatoes,Cherry Tomatoes,Esterina,1.1,0,24,,68,43.18839207683708,-77.36601769924164
1948,2016-08-09,harvest,Tomatoes,Slicer Tomatoes,Charger,1.1,0,183,,224,43.18839207683708,-77.36601769924164
1949,2016-08-09,harvest,Tomatoes,Slicer Tomatoes,Defiant,1.1,0,258,,64,43.18839207683708,-77.36601769924164
1950,2016-08-09,harvest,Melons,Cantaloupe,Superstar,1.1,0,30,,215,43.18839207683708,-77.36601769924164
1951,2016-08-10,harvest,Potatoes,Red Potatoes,Norlands,1.4,0,122,,36,43.18839207683708,-77.36601769924164
1952,2016-08-10,harvest,Potatoes,Purple Potatoes,All Blue,1.4,0,29,,235,43.18839207683708,-77.36601769924164
1953,2016-08-10,shrink,Potatoes,Red Potatoes,Norlands,1.4,0,40,,36,43.18839207683708,-77.36601769924164
1954,2016-08-10,harvest,Squash,Zucchini,Payload,1.2,0,68,,234,43.18839207683708,-77.36601769924164
1955,2016-08-11,harvest,Cauliflower,Cauliflower,Bishop,1.2,0,21,,233,43.18839207683708,-77.36601769924164
1956,2016-08-11,harvest,Cabbage,Red Cabbage,Integro,2.2,0,113,,203,43.18839207683708,-77.36601769924164
1957,2016-08-11,harvest,Peppers,Bell Peppers,Revolution,1.2,0,13,,216,43.18839207683708,-77.36601769924164
1958,2016-08-11,harvest,Tomatoes,Cherry Tomatoes,Cherry Bomb,1.1,0,49,,225,43.18839207683708,-77.36601769924164
1959,2016-08-11,harvest,Tomatoes,Specialty Tomatoes,Pink Bumblebee,1.1,0,5,,226,43.18839207683708,-77.36601769924164
1960,2016-08-11,harvest,Onions,Red Onions,Red Wing,2.4,18,18,,138,43.18839207683708,-77.36601769924164
1961,2016-08-11,harvest,Onions,Sweet Onions,Walla Walla,2.4,0,18,,32,43.18839207683708,-77.36601769924164
1962,2016-08-11,harvest,Onions,Yellow Onions,Cortland,2.4,0,20,,33,43.18839207683708,-77.36601769924164
1963,2016-08-11,harvest,Garlic,Garlic,Music,Garlic,0,5,,121,43.18839207683708,-77.36601769924164
1964,2016-08-11,harvest,Onions,Bunching Onions,Pride,2.2,13,0,,34,43.18839207683708,-77.36601769924164
1965,2016-08-11,harvest,Melons,Cantaloupe,Superstar,1.1,0,42,,215,43.18839207683708,-77.36601769924164
1966,2016-08-11,harvest,Cucumbers,Slicer Cuke,Marketmore 76,1.2,0,79,,209,43.18839207683708,-77.36601769924164
1967,2016-08-11,harvest,Squash,Summer Squash,Multipik,1.2,0,63,,49,43.18839207683708,-77.36601769924164
1968,2016-08-11,shrink,Squash,Summer Squash,Multipik,1.2,0,20,,49,43.18839207683708,-77.36601769924164
1969,2016-08-12,harvest,Garlic,Garlic,Music,1.4,0,8,,121,43.18839207683708,-77.36601769924164
1970,2016-08-12,harvest,Tomatoes,Cherry Tomatoes,Esterina,1.1,0,29,,68,43.18839207683708,-77.36601769924164
1971,2016-08-12,harvest,Tomatoes,Specialty Tomatoes,Indigo Kumquat,1.1,0,23,,140,43.18839207683708,-77.36601769924164
1972,2016-08-12,harvest,Tomatoes,Cherry Tomatoes,Cherry Bomb,1.1,0,27,,225,43.18839207683708,-77.36601769924164
1973,2016-08-12,harvest,Kale,Green Kale,Vates,2.1,12,0,,21,43.18839207683708,-77.36601769924164
1974,2016-08-12,harvest,Melons,Cantaloupe,Superstar,1.1,0,110,,215,43.18839207683708,-77.36601769924164
1975,2016-08-12,harvest,Peppers,Hot Peppers,Jalafuego,1.2,0,8,,45,43.18839207683708,-77.36601769924164
1976,2016-08-12,harvest,Peppers,Hot Peppers,Cheyenne,1.2,0,6,,46,43.18839207683708,-77.36601769924164
1977,2016-08-12,harvest,Squash,Zucchini,Payload,1.2,0,81,,234,43.18839207683708,-77.36601769924164
1978,2016-08-12,harvest,Eggplant,Purple Eggplant,Nadia,1.2,0,32,,210,43.18839207683708,-77.36601769924164
1979,2016-08-12,harvest,Onions,Bunching Onions,Pride,2.3,13,0,,34,43.18839207683708,-77.36601769924164
1980,2016-08-14,harvest,Cabbage,Red Cabbage,Integro,2.2,0,50,,203,43.18839207683708,-77.36601769924164
1981,2016-08-14,harvest,Melons,Cantaloupe,Superstar,1.1,0,100,,215,43.18839207683708,-77.36601769924164
1982,2016-08-14,harvest,Cucumbers,Slicer Cuke,Marketmore 76,1.2,0,80,,209,43.18839207683708,-77.36601769924164
1983,2016-08-14,harvest,Squash,Summer Squash,Multipik,1.2,0,86,,49,43.18839207683708,-77.36601769924164
1984,2016-08-14,shrink,Squash,Summer Squash,Multipik,1.2,0,40,,49,43.18839207683708,-77.36601769924164
1985,2016-08-14,harvest,Squash,Zucchini,Payload,1.2,0,54,,234,43.18839207683708,-77.36601769924164
1986,2016-08-14,harvest,Lettuce,Bibb,Adriana,2.2.5,150,0,,228,43.18839207683708,-77.36601769924164
1987,2016-08-14,plant,Lettuce,Bibb,Adriana,2.2.5,150,0,,228,43.18839207683708,-77.36601769924164
1988,2016-08-14,plant,Lettuce,Green Leaf,Starfighter,2.2.5,153,0,,227,43.18839207683708,-77.36601769924164
1989,2016-08-14,plant,Lettuce,Red Leaf,New Red Fire,2.2.5,132,0,,76,43.18839207683708,-77.36601769924164
1990,2016-08-14,plant,Lettuce,Salanova,Premier Collection,2.2.5,93,0,,1,43.18839207683708,-77.36601769924164
1991,2016-08-15,harvest,Tomatoes,Slicer Tomatoes,Defiant,1.1,0,160.5,,64,43.18839207683708,-77.36601769924164
1992,2016-08-15,harvest,Tomatoes,Slicer Tomatoes,Charger,1.1,0,167.8,,224,43.18839207683708,-77.36601769924164
1993,2016-08-15,shrink,Eggplant,Purple Eggplant,Nadia,1.2,0,8,,210,43.18839207683708,-77.36601769924164
1994,2016-08-15,harvest,Eggplant,Purple Eggplant,Nadia,1.2,0,6,,210,43.18839207683708,-77.36601769924164
1995,2016-08-15,harvest,Tomatoes,Slicer Tomatoes,Charger,1.1,0,96,,224,43.18839207683708,-77.36601769924164
1996,2016-08-15,harvest,Tomatoes,Slicer Tomatoes,Defiant,1.1,0,43,,64,43.18839207683708,-77.36601769924164
1997,2016-08-15,harvest,Melons,Cantaloupe,Superstar,1.1,0,132,,215,43.18839207683708,-77.36601769924164
1998,2016-08-16,harvest,Lettuce,Salanova,Premier Collection,2.2,99,0,,1,43.18839207683708,-77.36601769924164
1999,2016-08-16,shrink,Lettuce,Salanova,Premier Collection,,4,0,,1,43.18839207683708,-77.36601769924164
2000,2016-08-16,harvest,Lettuce,Mini Romaine,Breen,2.2,154,0,Bad rib blight! Salvaged hearts. ,9,43.18839207683708,-77.36601769924164
2001,2016-08-16,shrink,Lettuce,Mini Romaine,Breen,2.2,50,0,,9,43.18839207683708,-77.36601769924164
2002,2016-08-16,harvest,Squash,Zucchini,Payload,1.2,0,31,,234,43.18839207683708,-77.36601769924164
2003,2016-08-16,harvest,Squash,Summer Squash,Multipik,1.2,0,37,,49,43.18839207683708,-77.36601769924164
2004,2016-08-16,harvest,Cucumbers,Slicer Cuke,Marketmore 76,1.2,0,67,,209,43.18839207683708,-77.36601769924164
2005,2016-08-16,harvest,Melons,Cantaloupe,Superstar,1.1,0,75,,215,43.18839207683708,-77.36601769924164
2014,2016-08-16,harvest,Carrots,Orange Carrots,Jeannette,2.3,300,50,,27,43.18839207683708,-77.36601769924164
2015,2016-08-16,harvest,Carrots,Orange Carrots,Jeannette,2.3,300,50,,27,43.18839207683708,-77.36601769924164
2006,2016-08-17,harvest,Tomatoes,Specialty Tomatoes,Indigo Kumquat,1.1,0,28,,140,43.18839207683708,-77.36601769924164
2007,2016-08-17,harvest,Tomatoes,Specialty Tomatoes,Pink Bumblebee,1.1,0,9,,226,43.18839207683708,-77.36601769924164
2008,2016-08-17,harvest,Tomatoes,Cherry Tomatoes,Cherry Bomb,1.1,0,12,,225,43.18839207683708,-77.36601769924164
2009,2016-08-17,harvest,Peppers,Mini Peppers,Lunchbox,1.2,0,8,,136,43.18839207683708,-77.36601769924164
2010,2016-08-17,harvest,Peppers,Hot Peppers,Jalafuego,1.2,0,7,,45,43.18839207683708,-77.36601769924164
2011,2016-08-17,harvest,Melons,Cantaloupe,Superstar,1.1,0,43,,215,43.18839207683708,-77.36601769924164
2012,2016-08-18,harvest,Cabbage,Red Cabbage,Integro,2.2,0,80,,203,43.18839207683708,-77.36601769924164
2013,2016-08-18,harvest,Kale,Green Kale,Vates,2.1,12,0,,21,43.18839207683708,-77.36601769924164
2016,2016-08-18,harvest,Squash,Summer Squash,Multipik,1.2,0,64,,49,43.18839207683708,-77.36601769924164
2017,2016-08-18,shrink,Squash,Summer Squash,Multipik,1.2,0,86,,49,43.18839207683708,-77.36601769924164
2018,2016-08-18,harvest,Squash,Zucchini,Payload,1.2,0,59,,234,43.18839207683708,-77.36601769924164
2019,2016-08-18,harvest,Cucumbers,Slicer Cuke,Marketmore 76,1.2,0,45,,209,43.18839207683708,-77.36601769924164
2020,2016-08-18,harvest,Tomatoes,Cherry Tomatoes,Esterina,1.1,0,40,,68,43.18839207683708,-77.36601769924164
2021,2016-08-18,harvest,Tomatoes,Cherry Tomatoes,Cherry Bomb,1.1,0,25,,225,43.18839207683708,-77.36601769924164
2022,2016-08-18,harvest,Cucumbers,Specialty Cuke,Lemon,1.2,0,20,,54,43.18839207683708,-77.36601769924164
2023,2016-08-19,harvest,Carrots,Orange Carrots,Jeannette,2.3,31,40,,27,43.18839207683708,-77.36601769924164
2024,2016-08-19,harvest,Squash,Zucchini,Payload,1.2,0,28,,234,43.18839207683708,-77.36601769924164
2025,2016-08-19,harvest,Eggplant,Purple Eggplant,Nadia,1.2,0,80,,210,43.18839207683708,-77.36601769924164
2026,2016-08-19,harvest,Squash,Specialty Squash,Serpent of Sicily,5.1,8,0,,238,43.18839207683708,-77.36601769924164
2027,2016-08-19,harvest,Peppers,Hot Peppers,Cheyenne,1.2,0,11.75,,46,43.18839207683708,-77.36601769924164
2028,2016-08-19,harvest,Tomatoes,Slicer Tomatoes,Charger,1.1,0,133.99,,224,43.18839207683708,-77.36601769924164
2029,2016-08-19,harvest,Eggplant,Purple Eggplant,Nadia,1.2,0,102,,210,43.18839207683708,-77.36601769924164
2030,2016-08-19,shrink,Eggplant,Purple Eggplant,Nadia,1.2,0,27.19,,210,43.18839207683708,-77.36601769924164
2031,2016-08-21,harvest,Tomatoes,Slicer Tomatoes,Defiant,1.1,0,45,,64,43.18839207683708,-77.36601769924164
2032,2016-08-21,harvest,Cucumbers,Slicer Cuke,Marketmore 76,1.2,0,48,,209,43.18839207683708,-77.36601769924164
2033,2016-08-21,harvest,Squash,Zucchini,Payload,1.2,0,56,,234,43.18839207683708,-77.36601769924164
2034,2016-08-21,harvest,Squash,Summer Squash,Multipik,1.2,0,130,,49,43.18839207683708,-77.36601769924164
2035,2016-08-21,shrink,Squash,Summer Squash,Multipik,1.2,0,40,,49,43.18839207683708,-77.36601769924164
2036,2016-08-22,harvest,Tomatoes,Slicer Tomatoes,Charger,1.1,0,181,,224,43.18839207683708,-77.36601769924164
2037,2016-08-22,harvest,Tomatoes,Cherry Tomatoes,Cherry Bomb,1.1,0,21,,225,43.18839207683708,-77.36601769924164
2038,2016-08-23,harvest,Onions,Yellow Onions,Cortland,2.4,0,67,,33,43.18839207683708,-77.36601769924164
2039,2016-08-23,harvest,Carrots,Orange Carrots,Jeannette,2.3,51,84,,27,43.18839207683708,-77.36601769924164
2040,2016-08-23,harvest,Onions,Red Onions,Red Wing,2.3,0,64,,138,43.18839207683708,-77.36601769924164
2041,2016-08-23,harvest,Cucumbers,Slicer Cuke,Marketmore 76,1.2,0,18,,209,43.18839207683708,-77.36601769924164
2042,2016-08-23,shrink,Cucumbers,Slicer Cuke,Marketmore 76,1.2,0,18,,209,43.18839207683708,-77.36601769924164
2043,2016-08-23,harvest,Squash,Summer Squash,Multipik,1.2,0,40,,49,43.18839207683708,-77.36601769924164
2044,2016-08-23,shrink,Squash,Summer Squash,Multipik,1.2,0,21,,49,43.18839207683708,-77.36601769924164
2045,2016-08-23,harvest,Squash,Zucchini,Payload,1.2,0,56,,234,43.18839207683708,-77.36601769924164
2046,2016-08-24,harvest,Tomatoes,Slicer Tomatoes,Charger,1.1,0,160,,224,43.18839207683708,-77.36601769924164
2047,2016-08-24,harvest,Tomatoes,Slicer Tomatoes,Defiant,1.1,0,69,,64,43.18839207683708,-77.36601769924164
2048,2016-08-24,harvest,Squash,Winter Squash,Spaghetti Squash,1.2,0,50,,134,43.18839207683708,-77.36601769924164
2049,2016-08-25,harvest,Squash,Specialty Squash,Serpent of Sicily,5.1,17,95.6,,238,43.18839207683708,-77.36601769924164
2050,2016-08-25,harvest,Cauliflower,Cauliflower,Sierra Madre,5.1,0,37,,205,43.18839207683708,-77.36601769924164
2051,2016-08-25,harvest,Cauliflower,Cauliflower,Sierra Madre,1.2,0,13,,205,43.18839207683708,-77.36601769924164
2052,2016-08-25,harvest,Squash,Winter Squash,Spaghetti Squash,1.2,0,31.5,,134,43.18839207683708,-77.36601769924164
2053,2016-08-25,harvest,Squash,Zucchini,Payload,1.2,0,61,,234,43.18839207683708,-77.36601769924164
2054,2016-08-25,harvest,Squash,Summer Squash,Multipik,1.2,0,45,,49,43.18839207683708,-77.36601769924164
2055,2016-08-25,shrink,Squash,Summer Squash,Multipik,1.2,0,7,,49,43.18839207683708,-77.36601769924164
2056,2016-08-25,harvest,Cucumbers,Slicer Cuke,Marketmore 76,1.2,0,15,,209,43.18839207683708,-77.36601769924164
2057,2016-08-25,harvest,Squash,Winter Squash,Spaghetti Squash,1.2,0,100,,134,43.18839207683708,-77.36601769924164
2058,2016-08-26,harvest,Carrots,Orange Carrots,Jeannette,2.3,13,14.5,,27,43.18839207683708,-77.36601769924164
2059,2016-08-26,harvest,Tomatoes,Cherry Tomatoes,Cherry Bomb,1.1,0,30,,225,43.18839207683708,-77.36601769924164
2060,2016-08-26,harvest,Tomatoes,Specialty Tomatoes,Pink Bumblebee,1.1,0,13,,226,43.18839207683708,-77.36601769924164
2061,2016-08-26,harvest,Peppers,Mini Peppers,Lunchbox,1.2,0,13,,136,43.18839207683708,-77.36601769924164
2062,2016-08-26,harvest,Peppers,Hot Peppers,Jalafuego,1.2,0,9,,45,43.18839207683708,-77.36601769924164
2063,2016-08-26,harvest,Potatoes,Yellow Potatoes,Nicola,1.4,0,143,,218,43.18839207683708,-77.36601769924164
2064,2016-08-26,shrink,Potatoes,Yellow Potatoes,Nicola,1.4,0,16,,218,43.18839207683708,-77.36601769924164
2065,2016-08-26,harvest,Squash,Zucchini,Payload,1.2,0,18,,234,43.18839207683708,-77.36601769924164
2066,2016-08-26,harvest,Carrots,Orange Carrots,Jeannette,2.3,21,27,,27,43.18839207683708,-77.36601769924164
2067,2016-08-27,harvest,Squash,Zucchini,Payload,1.2,0,30,,234,43.18839207683708,-77.36601769924164
2068,2016-08-27,harvest,Squash,Summer Squash,Multipik,1.2,0,30,,49,43.18839207683708,-77.36601769924164
2069,2016-08-27,harvest,Squash,Winter Squash,Spaghetti Squash,1.2,0,55,,134,43.18839207683708,-77.36601769924164
2070,2016-08-27,harvest,Carrots,Orange Carrots,Jeannette,2.3,0,16,,27,43.18839207683708,-77.36601769924164
2071,2016-08-27,harvest,Tomatoes,Cherry Tomatoes,Cherry Bomb,1.1,0,8,,225,43.18839207683708,-77.36601769924164
2072,2016-08-29,harvest,Squash,Summer Squash,Multipik,1.2,0,70,,49,43.18839207683708,-77.36601769924164
2073,2016-08-29,shrink,Squash,Summer Squash,Multipik,1.2,0,20,,49,43.18839207683708,-77.36601769924164
2074,2016-08-29,harvest,Squash,Zucchini,Payload,1.2,0,57,,234,43.18839207683708,-77.36601769924164
2075,2016-08-30,harvest,Carrots,Orange Carrots,Jeannette,2.3,13,18,,27,43.18839207683708,-77.36601769924164
2076,2016-08-30,harvest,Lettuce,Bibb,Adriana,2.2,60,0,,228,43.18839207683708,-77.36601769924164
2077,2016-08-30,harvest,Peppers,Hot Peppers,Cheyenne,1.2,0,14,,46,43.18839207683708,-77.36601769924164
2078,2016-08-30,harvest,Onions,Sweet Onions,Walla Walla,2.4,0,46,,32,43.18839207683708,-77.36601769924164
2079,2016-08-31,harvest,Onions,Sweet Onions,Walla Walla,2.4,0,140,,32,43.18839207683708,-77.36601769924164
2080,2016-08-31,harvest,Squash,Zucchini,Payload,1.2,0,40,,234,43.18839207683708,-77.36601769924164
2081,2016-08-31,harvest,Squash,Summer Squash,Multipik,1.2,0,20,,49,43.18839207683708,-77.36601769924164
2082,2016-08-31,shrink,Squash,Summer Squash,Multipik,1.2,0,64,,49,43.18839207683708,-77.36601769924164
2083,2016-08-31,harvest,Peppers,Bell Peppers,Revolution,1.2,0,10,,216,43.18839207683708,-77.36601769924164
2084,2016-08-31,harvest,Squash,Winter Squash,Butterfly,1.2,0,65,,222,43.18839207683708,-77.36601769924164
2085,2016-08-31,harvest,Squash,Winter Squash,Sugarbush,1.2,0,0,,132,43.18839207683708,-77.36601769924164
2086,2016-08-31,harvest,Squash,Winter Squash,Spaghetti Squash,1.2,0,62,,134,43.18839207683708,-77.36601769924164
2087,2016-08-31,harvest,Squash,Winter Squash,Royal Ace,1.2,0,47,,223,43.18839207683708,-77.36601769924164
2088,2016-09-01,harvest,Tomatoes,Slicer Tomatoes,Charger,1.1,0,27,,224,43.18839207683708,-77.36601769924164
2089,2016-09-01,harvest,Tomatoes,Cherry Tomatoes,Cherry Bomb,1.1,0,27,,225,43.18839207683708,-77.36601769924164
2090,2016-09-01,harvest,Tomatoes,Slicer Tomatoes,Defiant,1.1,0,13,,64,43.18839207683708,-77.36601769924164
2091,2016-09-01,harvest,Peppers,Hot Peppers,Jalafuego,1.2,0,6,,45,43.18839207683708,-77.36601769924164
2092,2016-09-01,harvest,Peppers,Specialty Peppers,Topepo Rosso,1.2,0,4,,231,43.18839207683708,-77.36601769924164
2093,2016-09-01,harvest,Lettuce,Bibb,Adriana,2.2.4,12,0,,228,43.18839207683708,-77.36601769924164
2094,2016-09-01,harvest,Squash,Specialty Squash,Serpent of Sicily,5.1,0,14,,238,43.18839207683708,-77.36601769924164
2095,2016-09-01,harvest,Squash,Specialty Squash,Serpent of Sicily,1.2,0,14,,238,43.18839207683708,-77.36601769924164
2111,2016-09-01,harvest,Potatoes,Red Potatoes,Chieftan,1.4,0,120,,217,43.18839207683708,-77.36601769924164
2112,2016-09-01,shrink,Potatoes,Red Potatoes,Chieftan,1.4,0,28,,217,43.18839207683708,-77.36601769924164
2096,2016-09-02,harvest,Carrots,Orange Carrots,Jeannette,2.3,27,35,,27,43.18839207683708,-77.36601769924164
2097,2016-09-02,harvest,Squash,Zucchini,Payload,1.2,0,27,,234,43.18839207683708,-77.36601769924164
2098,2016-09-02,harvest,Squash,Summer Squash,Multipik,1.2,0,28,,49,43.18839207683708,-77.36601769924164
2099,2016-09-02,harvest,Peppers,Mini Peppers,Lunchbox,1.2,0,24,,136,43.18839207683708,-77.36601769924164
2100,2016-09-02,harvest,Squash,Winter Squash,Spaghetti Squash,1.2,0,62,,134,43.18839207683708,-77.36601769924164
2101,2016-09-02,harvest,Squash,Winter Squash,Butterfly,1.2,0,125,,222,43.18839207683708,-77.36601769924164
2102,2016-09-02,harvest,Squash,Winter Squash,Royal Ace,1.2,0,43,,223,43.18839207683708,-77.36601769924164
2103,2016-09-02,harvest,Carrots,Orange Carrots,Jeannette,2.3,18,22,,27,43.18839207683708,-77.36601769924164
2104,2016-09-04,harvest,Squash,Winter Squash,Butterfly,1.2,0,204,,222,43.18839207683708,-77.36601769924164
2105,2016-09-04,harvest,Squash,Winter Squash,Royal Ace,1.2,0,57,,223,43.18839207683708,-77.36601769924164
2106,2016-09-04,harvest,Squash,Winter Squash,Spaghetti Squash,1.2,0,58,,134,43.18839207683708,-77.36601769924164
2107,2016-09-04,harvest,Squash,Summer Squash,Multipik,1.2,0,15,,49,43.18839207683708,-77.36601769924164
2108,2016-09-04,harvest,Squash,Zucchini,Payload,1.2,0,34,,234,43.18839207683708,-77.36601769924164
2109,2016-09-06,harvest,Squash,Zucchini,Payload,1.2,0,36,,234,43.18839207683708,-77.36601769924164
2110,2016-09-06,harvest,Squash,Summer Squash,Multipik,1.2,0,30,,49,43.18839207683708,-77.36601769924164
2113,2016-09-07,harvest,Carrots,Orange Carrots,Jeannette,2.3,45,55,,27,43.18839207683708,-77.36601769924164
2116,2016-09-07,harvest,Onions,Yellow Onions,Cortland,2.4,0,91,,33,43.18839207683708,-77.36601769924164
2114,2016-09-08,harvest,Squash,Summer Squash,Multipik,1.2,0,31,,49,43.18839207683708,-77.36601769924164
2115,2016-09-08,harvest,Squash,Zucchini,Payload,1.2,0,46,,234,43.18839207683708,-77.36601769924164
2117,2016-09-08,harvest,Cabbage,Red Cabbage,Red Express,2.2,0,44,Last harvest from spring crop. 20 lbs of full size heads and 24 lbs of baby side shutes. ,129,43.18839207683708,-77.36601769924164
2118,2016-09-09,harvest,Squash,Winter Squash,Spaghetti Squash,1.2,0,51,,134,43.18839207683708,-77.36601769924164
2119,2016-09-09,harvest,Squash,Winter Squash,Royal Ace,1.2,0,46,,223,43.18839207683708,-77.36601769924164
2120,2016-09-09,harvest,Potatoes,Yellow Potatoes,Nicola,1.4,0,140,,218,43.18839207683708,-77.36601769924164
2121,2016-09-09,harvest,Potatoes,Red Potatoes,Chieftan,1.4,0,60,,217,43.18839207683708,-77.36601769924164
2122,2016-09-09,shrink,Potatoes,Red Potatoes,Chieftan,1.4,0,5,,217,43.18839207683708,-77.36601769924164
2123,2016-09-09,harvest,Potatoes,Fingerling Potatoes,French Fingerling,1.4,0,100,,236,43.18839207683708,-77.36601769924164
2124,2016-09-09,shrink,Potatoes,Fingerling Potatoes,French Fingerling,1.4,0,20,,236,43.18839207683708,-77.36601769924164
2125,2016-09-09,harvest,Tomatoes,Cherry Tomatoes,Cherry Bomb,1.1,0,9,,225,43.18839207683708,-77.36601769924164
2126,2016-09-09,harvest,Tomatoes,Specialty Tomatoes,Pink Bumblebee,1.1,0,3.5,,226,43.18839207683708,-77.36601769924164
2127,2016-09-09,harvest,Peppers,Mini Peppers,Lunchbox,1.2,0,17.7,,136,43.18839207683708,-77.36601769924164
2128,2016-09-09,harvest,Squash,Winter Squash,Bush Delicata,5.1,0,27,,237,43.18839207683708,-77.36601769924164
2129,2016-09-09,harvest,Squash,Specialty Squash,Serpent of Sicily,5.1,0,43,,238,43.18839207683708,-77.36601769924164
2130,2016-09-11,harvest,Squash,Zucchini,Payload,1.2,0,50,,234,43.18839207683708,-77.36601769924164
2131,2016-09-11,harvest,Squash,Summer Squash,Multipik,1.2,0,18,,49,43.18839207683708,-77.36601769924164
2132,2016-09-11,shrink,Squash,Summer Squash,Multipik,1.2,0,55,,49,43.18839207683708,-77.36601769924164
2133,2016-09-11,harvest,Squash,Winter Squash,Spaghetti Squash,1.2,0,168,,134,43.18839207683708,-77.36601769924164
2134,2016-09-11,harvest,Squash,Winter Squash,Butterfly,1.2,0,125,,222,43.18839207683708,-77.36601769924164
2135,2016-09-11,harvest,Squash,Winter Squash,Royal Ace,1.2,0,63,,223,43.18839207683708,-77.36601769924164
2136,2016-09-14,harvest,Squash,Summer Squash,Multipik,1.2,0,20,,49,43.18839207683708,-77.36601769924164
2137,2016-09-14,harvest,Squash,Zucchini,Payload,1.2,0,28,,234,43.18839207683708,-77.36601769924164
2138,2016-09-14,harvest,Squash,Winter Squash,Spaghetti Squash,1.2,0,125,,134,43.18839207683708,-77.36601769924164
2139,2016-09-14,harvest,Squash,Winter Squash,Royal Ace,1.2,0,54,,223,43.18839207683708,-77.36601769924164
2140,2016-09-14,harvest,Squash,Winter Squash,Bush Delicata,5.1,0,62,,237,43.18839207683708,-77.36601769924164
2141,2016-09-14,harvest,Pumpkins,Pumpkins,OSC 8878,5.1,25,396.9,,166,43.18839207683708,-77.36601769924164
2142,2016-09-14,harvest,Pumpkins,Pumpkins,OSC 8880,5.1,6,49.71,,165,43.18839207683708,-77.36601769924164
2143,2016-09-14,harvest,Squash,Specialty Squash,Serpent of Sicily,5.1,24,112.02,,238,43.18839207683708,-77.36601769924164
2161,2016-09-15,harvest,Potatoes,Red Potatoes,Chieftan,1.4,0,90,,217,43.18839207683708,-77.36601769924164
2162,2016-09-15,harvest,Potatoes,Red Potatoes,Norlands,1.4,0,50,,36,43.18839207683708,-77.36601769924164
2144,2016-09-16,harvest,Onions,Yellow Onions,Cortland,2.4,0,82,,33,43.18839207683708,-77.36601769924164
2145,2016-09-16,harvest,Potatoes,Yellow Potatoes,Nicola,1.3,0,145,,218,43.18839207683708,-77.36601769924164
2146,2016-09-16,harvest,Squash,Specialty Squash,Serpent of Sicily,5.1,20,68.97,,238,43.18839207683708,-77.36601769924164
2147,2016-09-16,harvest,Pumpkins,Pumpkins,OSC 8880,5.1,23,341.48,,165,43.18839207683708,-77.36601769924164
2148,2016-09-16,harvest,Potatoes,Red Potatoes,Norlands,1.3,0,85,,36,43.18839207683708,-77.36601769924164
2158,2016-09-16,harvest,Squash,Winter Squash,Bush Delicata,5.1,0,52,,237,43.18839207683708,-77.36601769924164
2149,2016-09-18,harvest,Squash,Zucchini,Payload,1.2,0,30,,234,43.18839207683708,-77.36601769924164
2150,2016-09-18,harvest,Squash,Summer Squash,Multipik,1.2,0,24,,49,43.18839207683708,-77.36601769924164
2151,2016-09-18,harvest,Eggplant,Purple Eggplant,Nadia,1.2,0,19,,210,43.18839207683708,-77.36601769924164
2152,2016-09-18,harvest,Tomatoes,Specialty Tomatoes,Pink Bumblebee,1.1,0,6.5,,226,43.18839207683708,-77.36601769924164
2153,2016-09-18,harvest,Peppers,Mini Peppers,Lunchbox,1.2,0,5,,136,43.18839207683708,-77.36601769924164
2154,2016-09-18,harvest,Lettuce,Salanova,Premier Collection,2.2.5,20,0,,1,43.18839207683708,-77.36601769924164
2155,2016-09-18,harvest,Squash,Winter Squash,Spaghetti Squash,1.2,0,408,,134,43.18839207683708,-77.36601769924164
2156,2016-09-18,harvest,Squash,Winter Squash,Royal Ace,1.2,0,101,,223,43.18839207683708,-77.36601769924164
2157,2016-09-18,harvest,Squash,Winter Squash,Butterfly,1.2,0,66,,222,43.18839207683708,-77.36601769924164
2159,2016-09-19,harvest,Potatoes,Red Potatoes,Chieftan,1.3,0,46.5,,217,43.18839207683708,-77.36601769924164
2160,2016-09-19,harvest,Potatoes,Red Potatoes,Norlands,1.3,0,28.6,,36,43.18839207683708,-77.36601769924164
2163,2016-09-19,harvest,Squash,Winter Squash,Royal Ace,1.2,0,403,,223,43.18839207683708,-77.36601769924164
2164,2016-09-20,harvest,Pumpkins,Pumpkins,OSC 8878,5.1,21,294,,166,43.18839207683708,-77.36601769924164
2165,2016-09-20,harvest,Pumpkins,Pumpkins,OSC 8880,5.1,21,286,,165,43.18839207683708,-77.36601769924164
2166,2016-09-20,harvest,Squash,Specialty Squash,Serpent of Sicily,5.1,85,299.49,,238,43.18839207683708,-77.36601769924164
2167,2016-09-21,harvest,Squash,Summer Squash,Multipik,1.2,0,12,,49,43.18839207683708,-77.36601769924164
2168,2016-09-21,harvest,Squash,Zucchini,Payload,1.2,0,36,,234,43.18839207683708,-77.36601769924164
2169,2016-09-22,harvest,Squash,Winter Squash,Butterfly,1.2,0,121,,222,43.18839207683708,-77.36601769924164
2170,2016-09-22,harvest,Leeks,Leeks,Lexton,2.2,9,14,,31,43.18839207683708,-77.36601769924164
2171,2016-09-22,harvest,Potatoes,Fingerling Potatoes,French Fingerling,1.3,0,50,,236,43.18839207683708,-77.36601769924164
2172,2016-09-22,harvest,Potatoes,Yellow Potatoes,Nicola,1.3,0,38,,218,43.18839207683708,-77.36601769924164
2173,2016-09-22,harvest,Potatoes,Red Potatoes,Chieftan,1.3,0,38,,217,43.18839207683708,-77.36601769924164
2174,2016-09-22,harvest,Potatoes,Red Potatoes,Norlands,1.3,0,40,,36,43.18839207683708,-77.36601769924164
2175,2016-09-22,harvest,Onions,Yellow Onions,Cortland,2.4,0,76,,33,43.18839207683708,-77.36601769924164
2176,2016-09-23,harvest,Lettuce,Salanova,Premier Collection,2.2,30,0,,1,43.18839207683708,-77.36601769924164
2177,2016-09-23,harvest,Lettuce,Red Leaf,New Red Fire,2.2,12,0,,76,43.18839207683708,-77.36601769924164
2178,2016-09-23,harvest,Lettuce,Green Leaf,Starfighter,2.2,12,0,,227,43.18839207683708,-77.36601769924164
2179,2016-09-23,harvest,Squash,Winter Squash,Butterfly,1.2,0,196,,222,43.18839207683708,-77.36601769924164
2180,2016-09-23,harvest,Squash,Winter Squash,Bush Delicata,5.1,0,37,,237,43.18839207683708,-77.36601769924164
2181,2016-09-23,harvest,Squash,Zucchini,Payload,1.2,0,20,,234,43.18839207683708,-77.36601769924164
2182,2016-09-23,harvest,Squash,Summer Squash,Multipik,1.2,0,7,,49,43.18839207683708,-77.36601769924164
2183,2016-09-23,harvest,Onions,Yellow Onions,Cortland,2.4,0,40,,33,43.18839207683708,-77.36601769924164
2184,2016-09-25,harvest,Lettuce,Bibb,Adriana,2.2,16,0,,228,43.18839207683708,-77.36601769924164
2185,2016-09-25,harvest,Lettuce,Green Leaf,Starfighter,2.2,24,0,,227,43.18839207683708,-77.36601769924164
2186,2016-09-25,harvest,Pumpkins,Pumpkins,OSC 8878,5.1,20,230,,166,43.18839207683708,-77.36601769924164
2187,2016-09-25,harvest,Pumpkins,Pumpkins,OSC 8880,5.1,34,385,,165,43.18839207683708,-77.36601769924164
2188,2016-09-27,harvest,Potatoes,White Potatoes,Kennebec,5.1,0,32.86,,37,43.18839207683708,-77.36601769924164
2191,2016-09-27,harvest,Pumpkins,Pumpkins,OSC 8878,5.1,16,115,,166,43.18839207683708,-77.36601769924164
2189,2016-09-28,harvest,Potatoes,Yellow Potatoes,Nicola,1.3,0,268,,218,43.18839207683708,-77.36601769924164
2190,2016-09-28,harvest,Potatoes,Red Potatoes,Chieftan,1.3,0,121,,217,43.18839207683708,-77.36601769924164
2192,2016-09-28,harvest,Burdock,Cardoons,Porto Spineless,2.2,10,20,,170,43.18839207683708,-77.36601769924164
2193,2016-09-28,harvest,Pumpkins,Pumpkins,OSC 8878,5.1,13,166.83,,166,43.18839207683708,-77.36601769924164
2194,2016-09-28,harvest,Pumpkins,Pumpkins,OSC 8880,5.1,35,450.05,,165,43.18839207683708,-77.36601769924164
2195,2016-09-29,harvest,Onions,Yellow Onions,Cortland,2.4,0,72,,33,43.18839207683708,-77.36601769924164
2196,2016-09-29,harvest,Kale,Green Kale,Vates,2.1,5,10,,21,43.18839207683708,-77.36601769924164
2197,2016-09-29,harvest,Squash,Zucchini,Payload,1.2,0,12,,234,43.18839207683708,-77.36601769924164
2198,2016-09-29,harvest,Leeks,Leeks,Lexton,2.2,10,20,,31,43.18839207683708,-77.36601769924164
2199,2016-10-03,harvest,Squash,Winter Squash,Spaghetti Squash,1.2,0,87,,134,43.18839207683708,-77.36601769924164
2200,2016-10-03,harvest,Squash,Zucchini,Payload,1.2,0,23,,234,43.18839207683708,-77.36601769924164
2201,2016-10-03,harvest,Broccoli,Broccoli,Green Magic,5.1,24,18,,18,43.18839207683708,-77.36601769924164
2202,2016-10-03,harvest,Pumpkins,Pumpkins,OSC 8878,5.1,8,80,,166,43.18839207683708,-77.36601769924164
2203,2016-10-03,harvest,Pumpkins,Pumpkins,OSC 8880,5.1,11,160,,165,43.18839207683708,-77.36601769924164
2204,2016-10-05,harvest,Broccoli,Broccoli,Green Magic,5.1,32,24,,18,43.18839207683708,-77.36601769924164
2205,2016-10-06,harvest,Pumpkins,Pumpkins,OSC 8880,5.1,14,176,,165,43.18839207683708,-77.36601769924164
2206,2016-10-06,harvest,Cabbage,Green Cabbage,Farao,5.1,10,42,,128,43.18839207683708,-77.36601769924164
2207,2016-10-06,harvest,Onions,Yellow Onions,Cortland,2.4,0,105,,33,43.18839207683708,-77.36601769924164
2208,2016-10-06,harvest,Burdock,Cardoons,Porto Spineless,2.2,5,10,,170,43.18839207683708,-77.36601769924164
2209,2016-10-06,harvest,Potatoes,Sweet Potatoes,Covington,1.4,0,25,,219,43.18839207683708,-77.36601769924164
2210,2016-10-07,harvest,Onions,Yellow Onions,Cortland,2.4,0,199,Harvested about 3 weeks prior,33,43.18839207683708,-77.36601769924164
2211,2016-10-07,harvest,Potatoes,Sweet Potatoes,Covington,1.3,0,204.57,Dug about 100',219,43.18839207683708,-77.36601769924164
2212,2016-10-07,harvest,Squash,Specialty Squash,Serpent of Sicily,5.1,38,197,,238,43.18839207683708,-77.36601769924164
2213,2016-10-07,shrink,Potatoes,Sweet Potatoes,Covington,1.3,0,38,,219,43.18839207683708,-77.36601769924164
2214,2016-10-07,harvest,Cabbage,Green Cabbage,Farao,5.1,22,88,,128,43.18839207683708,-77.36601769924164
2215,2016-10-07,harvest,Broccoli,Broccoli,Green Magic,5.1,72,50,,18,43.18839207683708,-77.36601769924164
2216,2016-10-07,harvest,Burdock,Cardoons,Porto Spineless,2.2,10,50,,170,43.18839207683708,-77.36601769924164
2217,2016-10-07,harvest,Pumpkins,Pumpkins,OSC 8878,5.1,11,178,,166,43.18839207683708,-77.36601769924164
2218,2016-10-07,harvest,Pumpkins,Pumpkins,OSC 8880,5.1,32,495.5,,165,43.18839207683708,-77.36601769924164
2222,2016-10-08,harvest,Broccoli,Broccoli,Green Magic,5.1,107,81,,18,43.18839207683708,-77.36601769924164
2220,2016-10-11,harvest,Broccoli,Broccoli,Green Magic,5.1,16,10,,18,43.18839207683708,-77.36601769924164
2225,2016-10-11,harvest,Potatoes,Sweet Potatoes,Covington,1.3,0,450,Bout 60% loss due to wire worm. ,219,43.18839207683708,-77.36601769924164
2219,2016-10-12,harvest,Cabbage,Green Cabbage,Farao,5.1,13,55,,128,43.18839207683708,-77.36601769924164
2221,2016-10-12,harvest,Burdock,Cardoons,Porto Spineless,2.2,8,36,,170,43.18839207683708,-77.36601769924164
2223,2016-10-12,harvest,Pumpkins,Pumpkins,OSC 8878,5.1,20,266.06,,166,43.18839207683708,-77.36601769924164
2224,2016-10-12,harvest,Pumpkins,Pumpkins,OSC 8880,5.1,17,207.24,,165,43.18839207683708,-77.36601769924164
2226,2016-10-14,harvest,Broccoli,Broccoli,Green Magic,5.1,61,43,,18,43.18839207683708,-77.36601769924164
2227,2016-10-14,harvest,Cabbage,Green Cabbage,Farao,5.1,30,117,,128,43.18839207683708,-77.36601769924164
2228,2016-10-14,harvest,Burdock,Cardoons,Porto Spineless,2.2,7,28,,170,43.18839207683708,-77.36601769924164
2229,2016-10-14,harvest,Pumpkins,Pumpkins,OSC 8880,5.1,13,179,,165,43.18839207683708,-77.36601769924164
2230,2016-10-20,harvest,Broccoli,Broccoli,Green Magic,5.1,0,19.08,,18,43.18839207683708,-77.36601769924164
2231,2016-10-22,harvest,Romanesco,Romanesco,Veronica,5.1,1,2,,107,43.18839207683708,-77.36601769924164
2232,2016-10-22,harvest,Pumpkins,Pumpkins,OSC 8880,5.1,15,195,,165,43.18839207683708,-77.36601769924164
2233,2016-10-22,harvest,Pumpkins,Pumpkins,OSC 8878,5.1,19,165,,166,43.18839207683708,-77.36601769924164
2234,2016-10-22,shrink,Broccoli,Broccoli,Green Magic,5.1,0,45,,18,43.18839207683708,-77.36601769924164
2235,2017-03-27,sow,Broccoli,Broccoli,Lieutenant,1,6336,0,Seed emergence on 3/30,242,43.18839207683708,-77.36601769924164
2236,2017-04-02,sow,Broccoli,Broccoli,Lieutenant,2,6336,0,,242,43.18839207683708,-77.36601769924164
2237,2017-04-09,sow,Broccoli,Broccoli,Lieutenant,3,6336,0,,242,43.18839207683708,-77.36601769924164
2238,2017-04-17,sow,Broccoli,Broccoli,Lieutenant,4,6336,0,,242,43.18839207683708,-77.36601769924164
2239,2017-04-26,sow,Broccoli,Broccoli,Lieutenant,5,2592,0,,242,43.18839207683708,-77.36601769924164
2240,2017-04-26,plant,Broccoli,Broccoli,Lieutenant,5.1,650,0,Partial planting,242,43.18839207683708,-77.36601769924164
2241,2017-04-27,plant,Broccoli,Broccoli,Lieutenant,5.1,2000,0,Partial Planting,242,43.18839207683708,-77.36601769924164
2242,2017-04-28,plant,Broccoli,Broccoli,Lieutenant,5.1,2800,0,,242,43.18839207683708,-77.36601769924164
2243,2017-04-30,sow,Broccoli,Broccoli,Lieutenant,5,1944,0,,242,43.18839207683708,-77.36601769924164
2244,2017-05-08,sow,Broccoli,Broccoli,Burney,7,6400,0,128 cells,245,43.18839207683708,-77.36601769924164
2245,2017-05-09,shrink,Broccoli,Broccoli,Lieutenant,2,6336,0,,242,43.18839207683708,-77.36601769924164
2246,2017-05-12,plant,Broccoli,Broccoli,Lieutenant,5.3,1100,0,,242,43.18839207683708,-77.36601769924164
2247,2017-05-13,plant,Broccoli,Broccoli,Lieutenant,5.3,1500,0,,242,43.18839207683708,-77.36601769924164
2248,2017-05-14,shrink,Broccoli,Broccoli,Lieutenant,3,3312,0,Plants got too large due to not being able to transplant,242,43.18839207683708,-77.36601769924164
2249,2017-05-15,sow,Broccoli,Broccoli,Burney,8,6400,0,,245,43.18839207683708,-77.36601769924164
2250,2017-05-19,plant,Broccoli,Broccoli,Burney,5.3,3200,0,,245,43.18839207683708,-77.36601769924164
2254,2017-05-19,plant,Broccoli,Broccoli,Lieutenant,5.4,3200,0,,242,43.18839207683708,-77.36601769924164
2251,2017-05-20,plant,Broccoli,Broccoli,Burney,5.3,2300,0,,245,43.18839207683708,-77.36601769924164
2255,2017-05-20,plant,Broccoli,Broccoli,Lieutenant,5.4,2300,0,,242,43.18839207683708,-77.36601769924164
2252,2017-05-22,sow,Broccoli,Broccoli,Burney,9,2304,0,,245,43.18839207683708,-77.36601769924164
2253,2017-05-23,sow,Broccoli,Broccoli,Burney,9,4032,0,,245,43.18839207683708,-77.36601769924164
2256,2017-05-27,plant,Broccoli,Broccoli,Lieutenant,5.5,2200,0,,242,43.18839207683708,-77.36601769924164
2257,2017-05-27,plant,Broccoli,Broccoli,Lieutenant,5.4,2200,0,,242,43.18839207683708,-77.36601769924164
2258,2017-05-31,sow,Broccoli,Broccoli,Burney,10,6400,0,,245,43.18839207683708,-77.36601769924164
2259,2017-06-01,plant,Broccoli,Broccoli,Lieutenant,5.6,1800,0,,242,43.18839207683708,-77.36601769924164
2260,2017-06-05,sow,Broccoli,Broccoli,Burney,11,6336,0,,245,43.18839207683708,-77.36601769924164
2261,2017-06-09,plant,Broccoli,Broccoli,Burney,5.7,4900,0,,245,43.18839207683708,-77.36601769924164
2262,2017-06-13,sow,Broccoli,Broccoli,Burney,12,6336,0,Peter is mint,245,43.18839207683708,-77.36601769924164
2264,2017-06-13,sow,Broccoli,Broccoli,Burney,12,6408,0,,245,43.18839207683708,-77.36601769924164
2263,2017-06-17,plant,Broccoli,Broccoli,Burney,5.7,5040,0,,245,43.18839207683708,-77.36601769924164
2265,2017-06-19,sow,Broccoli,Broccoli,Burney,13,6048,0,,245,43.18839207683708,-77.36601769924164
2269,2017-06-21,shrink,Broccoli,Broccoli,Burney,5.8,6036,0,Too big,245,43.18839207683708,-77.36601769924164
2266,2017-06-27,sow,Broccoli,Broccoli,BC1691,14,6400,0,,243,43.18839207683708,-77.36601769924164
2267,2017-06-28,plant,Broccoli,Broccoli,Burney,5.9,3500,0,,245,43.18839207683708,-77.36601769924164
2268,2017-06-28,shrink,Broccoli,Broccoli,Burney,5.9,2900,0,"Twisty, brittle",245,43.18839207683708,-77.36601769924164
2270,2017-07-05,plant,Broccoli,Broccoli,Burney,5.9,1300,0,,245,43.18839207683708,-77.36601769924164
2271,2017-07-06,sow,Broccoli,Broccoli,BC1691,15,6400,0,,243,43.18839207683708,-77.36601769924164
2272,2017-07-11,harvest,Broccoli,Broccoli,Lieutenant,5.4,392,0,392 heads,242,43.18839207683708,-77.36601769924164
2273,2017-07-11,sow,Broccoli,Broccoli,BC1691,16,6400,0,,243,43.18839207683708,-77.36601769924164
2274,2017-07-13,harvest,Broccoli,Broccoli,Lieutenant,5.4,60,0,,242,43.18839207683708,-77.36601769924164
2277,2017-07-16,plant,Broccoli,Broccoli,Burney,5.12,2000,0,,245,43.18839207683708,-77.36601769924164
2275,2017-07-19,sow,Broccoli,Broccoli,BC1691,17,5120,0,,243,43.18839207683708,-77.36601769924164
2276,2017-07-19,sow,Broccoli,Broccoli,BC1764,17,1280,0,,244,43.18839207683708,-77.36601769924164
2278,2017-07-26,plant,Broccoli,Broccoli,BC1691,5.14,2800,0,,243,43.18839207683708,-77.36601769924164
2279,2017-07-27,sow,Broccoli,Broccoli,BC1691,18,3072,0,,243,43.18839207683708,-77.36601769924164
2280,2017-07-28,sow,Broccoli,Broccoli,BC1691,18,3328,0,,243,43.18839207683708,-77.36601769924164
2281,2017-07-28,plant,Broccoli,Broccoli,BC1691,5.14,800,0,,243,43.18839207683708,-77.36601769924164
2282,2017-07-28,plant,Broccoli,Broccoli,BC1691,5.14,2800,0,To wet to make beds,243,43.18839207683708,-77.36601769924164
2283,2017-08-04,plant,Broccoli,Broccoli,BC1691,5.15,5200,0,,243,43.18839207683708,-77.36601769924164
2286,2017-08-10,harvest,Broccoli,Broccoli,Burney,5.7,250,0,,245,43.18839207683708,-77.36601769924164
2285,2017-08-11,plant,Broccoli,Broccoli,BC1691,5.16,5200,0,,243,43.18839207683708,-77.36601769924164
2287,2017-08-11,harvest,Broccoli,Broccoli,Burney,5.7,300,0,,245,43.18839207683708,-77.36601769924164
2284,2017-08-12,shrink,Broccoli,Broccoli,BC1691,5.15,3200,0,,243,43.18839207683708,-77.36601769924164
2298,2017-08-12,harvest,Broccoli,Broccoli,Burney,5.7,440,0,,245,43.18839207683708,-77.36601769924164
2288,2017-08-17,plant,Broccoli,Broccoli,BC1764,5.17,600,0,,244,43.18839207683708,-77.36601769924164
2289,2017-08-17,plant,Broccoli,Broccoli,BC1691,5.17,3600,0,,243,43.18839207683708,-77.36601769924164
2290,2017-08-30,plant,Broccoli,Broccoli,BC1691,5.18,3400,0,,243,43.18839207683708,-77.36601769924164
2293,2017-09-05,shrink,Broccoli,Broccoli,BC1691,5.18,3400,0,Woodchuck ate majority in 2 days,243,43.18839207683708,-77.36601769924164
2291,2017-09-15,harvest,Broccoli,Broccoli,Burney,5.12,350,0,,245,43.18839207683708,-77.36601769924164
2292,2017-09-18,harvest,Broccoli,Broccoli,Burney,5.12,140,0,,245,43.18839207683708,-77.36601769924164
2294,2017-09-23,harvest,Broccoli,Broccoli,BC1691,5.14,190,0,,243,43.18839207683708,-77.36601769924164
2295,2017-09-26,harvest,Broccoli,Broccoli,BC1691,5.14,210,0,,243,43.18839207683708,-77.36601769924164
2296,2017-09-26,harvest,Broccoli,Broccoli,BC1691,5.14,210,0,,243,43.18839207683708,-77.36601769924164
2297,2017-10-05,harvest,Broccoli,Broccoli,BC1691,5.15,125,0,,243,43.18839207683708,-77.36601769924164
2299,2017-10-06,harvest,Broccoli,Broccoli,BC1691,5.15,75,0,,243,43.18839207683708,-77.36601769924164
2300,2018-03-30,sow,Cauliflower,Cauliflower,Mardi,1,1008,0,,252,43.18839207683708,-77.36601769924164
2301,2018-03-30,sow,Cabbage,Green Cabbage,Farao,1,2304,0,,128,43.18839207683708,-77.36601769924164
2302,2018-03-30,sow,Broccoli,Broccoli,Eastern Crown,1,1792,0,,251,43.18839207683708,-77.36601769924164
2303,2018-04-09,sow,Cabbage,Green Cabbage,Farao,2,2304,0,,128,43.18839207683708,-77.36601769924164
2304,2018-04-15,sow,Broccoli,Broccoli,Eastern Crown,2,1792,0,,251,43.18839207683708,-77.36601769924164
2305,2018-04-15,sow,Cauliflower,Cauliflower,Benissa,1,216,0,,253,43.18839207683708,-77.36601769924164
2306,2018-04-15,sow,Cauliflower,Cauliflower,Mardi,2,1008,0,,252,43.18839207683708,-77.36601769924164
2307,2018-04-15,sow,Broccoli,Broccoli,Avenger,2,16,0,,249,43.18839207683708,-77.36601769924164
2308,2018-04-15,sow,Broccoli,Broccoli,Luna,2,128,0,,254,43.18839207683708,-77.36601769924164
2309,2018-04-15,sow,Broccoli,Broccoli,BC1691,2,12,0,,243,43.18839207683708,-77.36601769924164
2310,2018-04-15,sow,Broccoli,Broccoli,BC1764,2,12,0,,244,43.18839207683708,-77.36601769924164
2311,2018-04-15,sow,Broccoli,Broccoli,Belstar,2,16,0,,16,43.18839207683708,-77.36601769924164
2312,2018-04-15,sow,Broccoli,Broccoli,Burney,2,12,0,,245,43.18839207683708,-77.36601769924164
2313,2018-04-15,sow,Broccoli,Broccoli,Emerald Crown,2,16,0,,246,43.18839207683708,-77.36601769924164
2314,2018-04-15,sow,Broccoli,Broccoli,Green Magic,2,12,0,,18,43.18839207683708,-77.36601769924164
2315,2018-04-15,sow,Broccoli,Broccoli,Gypsey,2,16,0,,250,43.18839207683708,-77.36601769924164
2316,2018-04-15,sow,Broccoli,Broccoli,Lieutenant,2,16,0,,242,43.18839207683708,-77.36601769924164
2317,2018-04-29,sow,Broccoli,Broccoli,Eastern Crown,3,1792,0,,251,43.18839207683708,-77.36601769924164
2318,2018-05-06,plant,Broccoli,Broccoli,Eastern Crown,5.1,1600,0,Plants looked good. Kvita fertilizer,251,43.18839207683708,-77.36601769924164
2319,2018-05-06,plant,Cabbage,Green Cabbage,Farao,5.1,2000,0,Plants were stocky. Kvita fertilizer,128,43.18839207683708,-77.36601769924164
2320,2018-05-11,plant,Cabbage,Green Cabbage,Farao,5.2,2200,0,,128,43.18839207683708,-77.36601769924164
2321,2018-05-11,plant,Cauliflower,Cauliflower,Mardi,5.1,125,0,Just planted a few,252,43.18839207683708,-77.36601769924164
2322,2018-05-15,sow,Cauliflower,Cauliflower,Benissa,3,896,0,,253,43.18839207683708,-77.36601769924164
2323,2018-05-15,sow,Squash,Winter,Honey nut,1,720,0,1440 seeds 2 per cell,268,43.18839207683708,-77.36601769924164
2324,2018-05-16,sow,Pumpkin,Pumpkin,Eureka,1,504,0,1008 seeds. 2 per cell,266,43.18839207683708,-77.36601769924164
2325,2018-05-16,sow,Pumpkin,Pumpkin,Superior,1,792,0,1584 seeds. 2 per cell,265,43.18839207683708,-77.36601769924164
2326,2018-05-19,plant,Cauliflower,Cauliflower,Mardi,5.1,700,0,,252,43.18839207683708,-77.36601769924164
2327,2018-05-19,plant,Broccoli,Broccoli,Luna,5.2,120,0,,254,43.18839207683708,-77.36601769924164
2328,2018-05-19,plant,Broccoli,Broccoli,Eastern Crown,5.2,1600,0,,251,43.18839207683708,-77.36601769924164
2329,2018-05-19,plant,Broccoli,Broccoli,Avenger,5.2,12,0,,249,43.18839207683708,-77.36601769924164
2330,2018-05-19,plant,Broccoli,Broccoli,BC1691,5.2,12,0,,243,43.18839207683708,-77.36601769924164
2331,2018-05-19,plant,Broccoli,Broccoli,BC1764,5.2,12,0,,244,43.18839207683708,-77.36601769924164
2332,2018-05-19,plant,Broccoli,Broccoli,Belstar,5.2,12,0,,16,43.18839207683708,-77.36601769924164
2333,2018-05-19,plant,Broccoli,Broccoli,Burney,5.2,12,0,,245,43.18839207683708,-77.36601769924164
2334,2018-05-19,plant,Broccoli,Broccoli,Emerald Crown,5.2,12,0,,246,43.18839207683708,-77.36601769924164
2335,2018-05-19,plant,Broccoli,Broccoli,Green Magic,5.2,12,0,,18,43.18839207683708,-77.36601769924164
2336,2018-05-19,plant,Broccoli,Broccoli,Gypsey,5.2,12,0,,250,43.18839207683708,-77.36601769924164
2337,2018-05-19,plant,Broccoli,Broccoli,Lieutenant,5.2,12,0,,242,43.18839207683708,-77.36601769924164
2338,2018-05-20,sow,Cucumbers,Slicer Cuke,Corinto,1,12,0,2 seeds per hill,208,43.18839207683708,-77.36601769924164
2339,2018-05-20,sow,Cucumbers,Slicer Cuke,Marketmore 76,1,24,0,2 seeds per cellrn,209,43.18839207683708,-77.36601769924164
2340,2018-05-20,sow,Squash,Summer Squash,Multipik,1,30,0,2 seeds per cellrn,49,43.18839207683708,-77.36601769924164
2341,2018-05-20,sow,Squash,Zucchini,Payload,1,30,0,2 seeds per cell,234,43.18839207683708,-77.36601769924164
2342,2018-05-24,plant,Cauliflower,Cauliflower,Mardi,5.2,650,0,,252,43.18839207683708,-77.36601769924164
2343,2018-05-30,plant,Broccoli,Broccoli,Eastern Crown,5.3,1200,0,35 on plastic,251,43.18839207683708,-77.36601769924164
2344,2018-06-03,sow,Squash,Winter,Honey boat,1,1440,0,2 per cell. 10 trays,267,43.18839207683708,-77.36601769924164
2345,2018-06-03,sow,Pumpkin,Pumpkin,Superior,2,420,0,2 per cell. 3 trays,265,43.18839207683708,-77.36601769924164
2350,2018-06-05,sow,Squash,Winter,Honey boat,5.1,1440,0,2 seeds per cell so 720 cells,267,43.18839207683708,-77.36601769924164
2346,2018-06-06,plant,Pumpkin,Pumpkin,Eureka,5.1,120,0,,266,43.18839207683708,-77.36601769924164
2347,2018-06-07,plant,Pumpkin,Pumpkin,Eureka,5.1,225,0,,266,43.18839207683708,-77.36601769924164
2348,2018-06-09,plant,Pumpkin,Pumpkin,Superior,5.1,150,0,,265,43.18839207683708,-77.36601769924164
2349,2018-06-10,plant,Squash,Winter,Honey boat,5.1,500,0,2 seeds per cell,267,43.18839207683708,-77.36601769924164
2352,2018-06-20,plant,Cauliflower,Cauliflower,Benissa,5.3,800,0,,253,43.18839207683708,-77.36601769924164
2351,2018-06-21,plant,Pumpkin,Pumpkin,Superior,5.2,180,0,180 cells 2 seeds per cell,265,43.18839207683708,-77.36601769924164
2353,2018-06-28,plant,Squash,Winter,Honey boat,5.1,250,0,,267,43.18839207683708,-77.36601769924164
2354,2018-07-04,sow,Broccoli,Broccoli,Green Magic,4,2688,0,,18,43.18839207683708,-77.36601769924164
2355,2018-07-17,sow,Broccoli,Broccoli,Green Magic,5,3584,0,,18,43.18839207683708,-77.36601769924164
2356,2018-07-17,sow,Cabbage,Green Cabbage,Farao,3,768,0,,128,43.18839207683708,-77.36601769924164
2357,2018-07-20,shrink,Broccoli,Broccoli,Eastern Crown,5.1,1600,0,"total loss - not enough rain, inconsistent temps, weed pressure",251,43.18839207683708,-77.36601769924164
2358,2018-07-20,shrink,Broccoli,Broccoli,Eastern Crown,5.2,1600,0,"total loss - not enough rain, inconsistent temps, weed pressure",251,43.18839207683708,-77.36601769924164
2359,2018-07-25,harvest,Cabbage,Green Cabbage,Farao,5.1,1,565,,128,43.18839207683708,-77.36601769924164
2360,2018-07-26,harvest,Cabbage,Green Cabbage,Farao,5.1,1,458,,128,43.18839207683708,-77.36601769924164
2363,2018-07-31,harvest,Cabbage,Green Cabbage,Farao,5.1,1,180,,128,43.18839207683708,-77.36601769924164
2361,2018-08-02,sow,Broccoli,Broccoli,Green Magic,6,3072,0,,18,43.18839207683708,-77.36601769924164
2362,2018-08-02,sow,Cabbage,Green Cabbage,Farao,4,768,0,,128,43.18839207683708,-77.36601769924164
2364,2018-08-02,sow,Romanesco,Romanesco,Veronica,1,128,0,,107,43.18839207683708,-77.36601769924164
2365,2018-08-05,plant,Broccoli,Broccoli,Green Magic,5.4,1850,0,,18,43.18839207683708,-77.36601769924164
2366,2018-08-21,plant,Broccoli,Broccoli,Green Magic,5.5,504,0,Row covered,18,43.18839207683708,-77.36601769924164
2367,2018-08-26,plant,Broccoli,Broccoli,Green Magic,5.5,1000,0,,18,43.18839207683708,-77.36601769924164
2368,2018-08-31,plant,Cabbage,Green Cabbage,Farao,5.3,250,0,250 adona cauliflower planted too,128,43.18839207683708,-77.36601769924164
2369,2018-09-08,plant,Broccoli,Broccoli,Green Magic,5.6,625,0,,18,43.18839207683708,-77.36601769924164
2370,2018-09-09,plant,Broccoli,Broccoli,Green Magic,5.6,625,0,,18,43.18839207683708,-77.36601769924164
2371,2018-09-09,plant,Cabbage,Green Cabbage,Farao,5.4,388,0,,128,43.18839207683708,-77.36601769924164
2373,2018-09-14,harvest,Squash,Winter,Honey boat,5.2,420,420,,267,43.18839207683708,-77.36601769924164
2374,2018-09-22,harvest,Squash,Winter,Honey nut,5.1,700,700,,268,43.18839207683708,-77.36601769924164
2372,2018-10-01,harvest,Pumpkin,Pumpkin,Superior,5.2,200,0,,265,43.18839207683708,-77.36601769924164
2375,2019-04-01,sow,Cabbage,Green Cabbage,Capture,GH1,1280,0,,269,43.18839207683708,-77.36601769924164
2376,2019-04-01,sow,Cabbage,Green Cabbage,Caraflex,GH1,896,0,,270,43.18839207683708,-77.36601769924164
2377,2019-04-01,sow,Cabbage,Green Cabbage,Farao,GH1,1280,0,,128,43.18839207683708,-77.36601769924164
2378,2019-04-01,sow,Cabbage,Red Cabbage,Integro,GH1,2560,0,,203,43.18839207683708,-77.36601769924164
2379,2019-04-07,sow,Eggplant,Purple Eggplant,Nadia,GH1,24,0,,210,43.18839207683708,-77.36601769924164
2380,2019-04-07,sow,Peppers, Bell Peppers,Ninja,GH1,24,0,,272,43.18839207683708,-77.36601769924164
2381,2019-04-07,sow,Tomatoes,Slicer Tomatoes,Sunbrite,GH1,24,0,,167,43.18839207683708,-77.36601769924164
2382,2019-04-07,sow,Peppers,Hot Peppers,Jalafuego,GH1,24,0,,45,43.18839207683708,-77.36601769924164
2383,2019-04-07,sow,Tomatoes,Cherry Tomatoes,Cherry Bomb,GH1,16,0,,225,43.18839207683708,-77.36601769924164
2384,2019-04-07,sow,Peppers,Hot Peppers,Red Flame,GH1,24,0,,271,43.18839207683708,-77.36601769924164
2385,2019-04-07,sow,Tomatoes,Specialty Tomatoes,Pink Bumblebee,GH1,24,0,,226,43.18839207683708,-77.36601769924164
2386,2019-04-07,sow,Tomatoes,Slicer Tomatoes,Mountain Fresh Plus,GH1,24,0,,142,43.18839207683708,-77.36601769924164
2387,2019-04-15,sow,Broccoli,Broccoli,Covina,GH1,896,0,,274,43.18839207683708,-77.36601769924164
2388,2019-04-15,sow,Broccoli,Broccoli,Green Magic,GH1,896,0,,18,43.18839207683708,-77.36601769924164
2389,2019-04-15,sow,Cabbage,Red Cabbage,Integro,GH1,2048,0,,203,43.18839207683708,-77.36601769924164
2390,2019-05-06,plant,Cabbage,Red Cabbage,Integro,5.3,2238,0,,203,43.18839207683708,-77.36601769924164
2391,2019-05-07,plant,Cabbage,Green Cabbage,Capture,5.3,1119,0,,269,43.18839207683708,-77.36601769924164
2392,2019-05-07,plant,Cabbage,Green Cabbage,Farao,5.3,373,0,,128,43.18839207683708,-77.36601769924164
2393,2019-05-08,plant,Cabbage,Green Cabbage,Farao,5.3,746,0,,128,43.18839207683708,-77.36601769924164
2394,2019-05-08,plant,Cabbage,Green Cabbage,Caraflex,5.3,746,0,,270,43.18839207683708,-77.36601769924164
2396,2019-05-18,plant,Cabbage,Red Cabbage,Integro,5.3.2,1119,0,,203,43.18839207683708,-77.36601769924164
2397,2019-05-18,plant,Broccoli,Broccoli,Covina,5.3.1,746,0,,274,43.18839207683708,-77.36601769924164
2398,2019-05-18,plant,Broccoli,Broccoli,Green Magic,5.3.1,746,0,,18,43.18839207683708,-77.36601769924164
2395,2019-05-19,plant,Cabbage,Red Cabbage,Integro,5.3.2,684,0,,203,43.18839207683708,-77.36601769924164
2399,2019-06-01,sow,Pumpkin,Pumpkin,Eureka,5.1,1250,0,,266,43.18839207683708,-77.36601769924164
2400,2019-06-01,sow,Pumpkin,Pumpkin,Superior,5.1,1250,0,,265,43.18839207683708,-77.36601769924164
2401,2019-06-01,sow,Squash,Winter,Honey nut,5.2,1250,0,,268,43.18839207683708,-77.36601769924164
2402,2019-06-01,plant,Pumpkin,Pumpkin,Superior,5.1,1500,0,,265,43.18839207683708,-77.36601769924164
2405,2019-06-04,sow,Pumpkin,Pumpkin,Eureka,g1,456,0,2 in a cell so 228 cells,266,43.18839207683708,-77.36601769924164
2407,2019-06-04,sow,Pumpkin,Pumpkin,Superior,g1,552,0,276 cells 2 seeds per cell,265,43.18839207683708,-77.36601769924164
2404,2019-06-07,sow,Squash,Winter,Honey nut,G1,1008,0,2 seeds per cell 504 cells,268,43.18839207683708,-77.36601769924164
2403,2019-06-11,sow,Squash,Winter,Honey boat,G1,1296,0,2 seeds per cell 648 cells,267,43.18839207683708,-77.36601769924164
2406,2019-06-18,plant,Pumpkin,Pumpkin,Eureka,5.1,168,0,transplant empty holes and single plants,266,43.18839207683708,-77.36601769924164
2408,2019-06-18,plant,Pumpkin,Pumpkin,Superior,5.1,264,0,transplanted 2 plants in empty holes fill in single plants,265,43.18839207683708,-77.36601769924164
2409,2019-06-19,plant,Pumpkin,Pumpkin,Eureka,5.1,142,0,,266,43.18839207683708,-77.36601769924164
2410,2019-06-19,plant,Pumpkin,Pumpkin,Superior,5.1,144,0,,265,43.18839207683708,-77.36601769924164
2411,2019-06-19,plant,Pumpkin,Pumpkin,Eureka,5.1,144,0,,266,43.18839207683708,-77.36601769924164
2412,2019-06-23,plant,Squash,Winter,Honey nut,5.2,400,0,800 plants 2 per cell,268,43.18839207683708,-77.36601769924164
2413,2019-06-30,plant,Squash,Winter,Honey boat,5.2,600,0,1200 seeds two plants per hill,267,43.18839207683708,-77.36601769924164
2414,2019-08-02,harvest,Cabbage,Green Cabbage,Caraflex,5.3,380,456,,270,43.18839207683708,-77.36601769924164
2415,2019-08-02,harvest,Cabbage,Green Cabbage,Farao,5.3,180,270,,128,43.18839207683708,-77.36601769924164
2416,2019-09-10,harvest,Pumpkin,Pumpkin,Superior,5.1,320,6400,8 bins of 40,265,43.18839207683708,-77.36601769924164
2417,2019-09-14,harvest,Pumpkin,Pumpkin,Eureka,5.1,310,6200,,266,43.18839207683708,-77.36601769924164
2418,2019-09-16,harvest,Pumpkin,Pumpkin,Superior,5.1,100,2000,,265,43.18839207683708,-77.36601769924164
2419,2019-09-18,harvest,Pumpkin,Pumpkin,Superior,5.1,190,3800,,265,43.18839207683708,-77.36601769924164
2425,2019-09-20,harvest,Pumpkin,Pumpkin,Superior,5.1,200,4000,,265,43.18839207683708,-77.36601769924164
2420,2019-09-28,harvest,Squash,Winter,Honey boat,5.2,2800,2880,,267,43.18839207683708,-77.36601769924164
2421,2019-10-03,harvest,Squash,Winter,Honey boat,5.2,14,700,14 cases,267,43.18839207683708,-77.36601769924164
2422,2019-10-07,harvest,Squash,Winter,Honey nut,5.2,18,900,18 cases at 50 lbs per case,268,43.18839207683708,-77.36601769924164
2423,2019-10-08,harvest,Squash,Winter,Honey nut,5.2,28,1400,28 cases at 50 lbs per case,268,43.18839207683708,-77.36601769924164
2424,2019-10-13,harvest,Squash,Winter,Honey nut,5.2,27,1350,27 cases at 50 lbs per case,268,43.18839207683708,-77.36601769924164
2426,2020-03-29,sow,Beets,Red Beets,Merlin,GH1,128,0,,169,43.18839207683708,-77.36601769924164
2427,2020-03-29,sow,Beets,Golden Beets,Touchstone,GH1,128,0,,26,43.18839207683708,-77.36601769924164
2428,2020-03-29,sow,Broccoli,Broccoli,Avenger,GH1,16,0,,249,43.18839207683708,-77.36601769924164
2429,2020-03-29,sow,Broccoli,Broccoli,Burney,GH1,16,0,,245,43.18839207683708,-77.36601769924164
2430,2020-03-29,sow,Broccoli,Broccoli,Covina,GH1,16,0,,274,43.18839207683708,-77.36601769924164
2431,2020-03-29,sow,Broccoli,Broccoli,Eastern Crown,GH1,16,0,,251,43.18839207683708,-77.36601769924164
2432,2020-03-29,sow,Broccoli,Broccoli,Emerald Crown,GH1,16,0,,246,43.18839207683708,-77.36601769924164
2433,2020-03-29,sow,Broccoli,Broccoli,Green Magic,GH1,16,0,,18,43.18839207683708,-77.36601769924164
2434,2020-03-29,sow,Broccoli,Broccoli,Lieutenant,GH1,16,0,,242,43.18839207683708,-77.36601769924164
2435,2020-03-29,sow,Broccoli,Broccoli,Luna,GH1,16,0,,254,43.18839207683708,-77.36601769924164
2437,2020-03-29,sow,Cabbage,Green Cabbage,Farao,GH1,64,0,,128,43.18839207683708,-77.36601769924164
2438,2020-03-29,sow,Cabbage,Green Cabbage,Capture,GH1,64,0,,269,43.18839207683708,-77.36601769924164
2439,2020-03-29,sow,Cauliflower,Cauliflower,Benissa,GH1,64,0,,253,43.18839207683708,-77.36601769924164
2440,2020-03-29,sow,Cauliflower,Cauliflower,Adona,GH1,64,0,,276,43.18839207683708,-77.36601769924164
2441,2020-03-29,sow,Tomatoes,Cherry Tomatoes,Cherry Bomb,GH1,16,0,,225,43.18839207683708,-77.36601769924164
2442,2020-03-29,sow,Tomatoes,Specialty Tomatoes,Pink Bumblebee,GH1,16,0,,226,43.18839207683708,-77.36601769924164
2443,2020-03-29,sow,Tomatoes,Slicer Tomatoes,Mountain Fresh Plus,GH1,40,0,,142,43.18839207683708,-77.36601769924164
2444,2020-03-29,sow,Peppers,Hot Peppers,Jalafuego,GH1,25,0,,45,43.18839207683708,-77.36601769924164
2445,2020-03-29,sow,Peppers,Mini Peppers,Lunchbox,GH1,25,0,,136,43.18839207683708,-77.36601769924164
2446,2020-03-29,sow,Peppers,Hot Peppers,Arapaho,GH1,25,0,,277,43.18839207683708,-77.36601769924164
2447,2020-03-29,sow,Eggplant,Purple Eggplant,Nadia,GH1,25,0,,210,43.18839207683708,-77.36601769924164
2448,2020-03-29,sow,Onions,Red Onions,Red Carpet,GH1,128,0,,279,43.18839207683708,-77.36601769924164
2449,2020-03-29,sow,Onions,Yellow Onions,Talon,GH1,128,0,,278,43.18839207683708,-77.36601769924164
2450,2020-03-29,sow,Greens,Swiss Chard,Bright Lights,GH1,128,0,,60,43.18839207683708,-77.36601769924164
2451,2020-03-29,sow,Kale,Green Kale,Vates,GH1,64,0,,21,43.18839207683708,-77.36601769924164
2452,2020-03-29,sow,Kale,Toscano Kale,Toscano,GH1,64,0,,23,43.18839207683708,-77.36601769924164
2436,2020-03-30,sow,Burdock,Artichoke,Tavor,GH1,20,0,,275,43.18839207683708,-77.36601769924164
2457,2020-04-19,sow,Lettuce,Mini Romaine,Breen,GH-Lettuce,24,0,,9,43.18839207683708,-77.36601769924164
2458,2020-04-19,sow,Lettuce,Mini Romaine,Dragoon,GH-Lettuce,24,0,,8,43.18839207683708,-77.36601769924164
2459,2020-04-19,sow,Lettuce,Salanova,Premier Collection,GH-Lettuce,80,0,,1,43.18839207683708,-77.36601769924164
2453,2020-04-20,sow,Onions,Red Onions,Red Carpet,1,1,0,,279,43.18839207683708,-77.36601769924164
2454,2020-04-25,plant,Greens,Spinach,Renegade,5.1,1000,0,sowed 1 row in field,211,43.18839207683708,-77.36601769924164
2455,2020-04-25,plant,Peas,Sugar Snap,Sugar Sprint,5.1,1000,0,Planted 2 rows half a pound,281,43.18839207683708,-77.36601769924164
2456,2020-04-25,plant,Radishes,Radishes,Celesta,5.1,250,0,,35,43.18839207683708,-77.36601769924164
2460,2020-04-25,plant,Potatoes,Red Potatoes,Chieftan,5.1,20,0,,217,43.18839207683708,-77.36601769924164
2461,2020-04-25,plant,Potatoes,Russet Potatoes,Caribou Russet ,5.1,20,0,,282,43.18839207683708,-77.36601769924164
2462,2020-04-25,plant,Potatoes,Yellow Potatoes,Lehigh,5.1,20,0,,283,43.18839207683708,-77.36601769924164
2463,2020-05-15,sow,Cucumbers,Slicer Cuke,Marketmore 76,Greenhouse,30,0,2 per cell ,209,43.18839207683708,-77.36601769924164
2464,2020-05-15,sow,Melons,Cantaloupe,Athena,Greenhouse,17,0,2 seeds per cell,124,43.18839207683708,-77.36601769924164
2465,2020-05-15,sow,Melons,Watermelons,Crimson Sweet,Greenhouse,24,0,2 seeds per cell,284,43.18839207683708,-77.36601769924164
2466,2020-05-15,sow,Pumpkins,Pumpkins,OSC 8880,Greenhouse,4,0,2 seeds per cell,165,43.18839207683708,-77.36601769924164
2467,2020-05-15,sow,Pumpkins,Pumpkins,OSC 8878,Greenhouse,2,0,2 seeds per cell,166,43.18839207683708,-77.36601769924164
2468,2020-05-15,sow,Pumpkin,Pumpkin,Superior,Greenhouse,18,0,2 seeds per cell,265,43.18839207683708,-77.36601769924164
2469,2020-05-15,sow,Squash,Zucchini,Payload,Greenhouse,48,0,2 seeds per cell,234,43.18839207683708,-77.36601769924164
2470,2020-05-15,sow,Squash,Summer Squash,Multipik,Greenhouse,24,0,2 seeds per cell,49,43.18839207683708,-77.36601769924164
2471,2020-05-15,sow,Squash,Winter,Honey boat,Greenhouse,24,0,2 seeds per cell,267,43.18839207683708,-77.36601769924164
2472,2020-05-15,sow,Squash,Winter,Honey nut,Greenhouse,24,0,2 seeds per cell,268,43.18839207683708,-77.36601769924164
2473,2020-05-16,plant,Broccoli,Broccoli,Avenger,5.1,14,0,,249,43.18839207683708,-77.36601769924164
2474,2020-05-16,plant,Broccoli,Broccoli,Burney,5.1,14,0,,245,43.18839207683708,-77.36601769924164
2475,2020-05-16,plant,Broccoli,Broccoli,Covina,5.1,14,0,,274,43.18839207683708,-77.36601769924164
2476,2020-05-16,plant,Broccoli,Broccoli,Eastern Crown,5.1,16,0,,251,43.18839207683708,-77.36601769924164
2477,2020-05-16,plant,Broccoli,Broccoli,Emerald Crown,5.1,14,0,,246,43.18839207683708,-77.36601769924164
2478,2020-05-16,plant,Broccoli,Broccoli,Green Magic,5.1,14,0,,18,43.18839207683708,-77.36601769924164
2479,2020-05-16,plant,Broccoli,Broccoli,Lieutenant,5.1,14,0,,242,43.18839207683708,-77.36601769924164
2480,2020-05-16,plant,Broccoli,Broccoli,Luna,5.1,16,0,,254,43.18839207683708,-77.36601769924164
2481,2020-05-16,plant,Kale,Green Kale,Vates,5.1,24,0,,21,43.18839207683708,-77.36601769924164
2482,2020-05-16,plant,Kale,Toscano Kale,Toscano,5.1,24,0,,23,43.18839207683708,-77.36601769924164
2483,2020-05-16,plant,Greens,Asian Greens,Win Win,5.1,39,0,,63,43.18839207683708,-77.36601769924164
2484,2020-05-16,plant,Cauliflower,Cauliflower,Adona,5.1,25,0,,276,43.18839207683708,-77.36601769924164
2485,2020-05-16,plant,Cauliflower,Cauliflower,Benissa,5.1,25,0,,253,43.18839207683708,-77.36601769924164
2486,2020-05-16,plant,Cabbage,Green Cabbage,Farao,5.1,30,0,,128,43.18839207683708,-77.36601769924164
2487,2020-05-16,plant,Cabbage,Green Cabbage,Capture,5.1,30,0,,269,43.18839207683708,-77.36601769924164
2520,2020-05-16,plant,Onions,Red Onions,Red Carpet,5.1,100,0,,279,43.18839207683708,-77.36601769924164
2521,2020-05-16,plant,Onions,Yellow Onions,Talon,5.1,100,0,,278,43.18839207683708,-77.36601769924164
2498,2020-05-23,plant,Lettuce,Salanova,Premier Collection,5.1,80,0,,1,43.18839207683708,-77.36601769924164
2499,2020-05-23,plant,Lettuce,Mini Romaine,Breen,5.1,24,0,,9,43.18839207683708,-77.36601769924164
2500,2020-05-23,plant,Lettuce,Mini Romaine,Dragoon,5.1,24,0,,8,43.18839207683708,-77.36601769924164
2502,2020-05-23,plant,Beets,Golden Beets,Touchstone,5.1,30,0,,26,43.18839207683708,-77.36601769924164
2503,2020-05-23,plant,Beets,Red Beets,Boro,5.1,30,0,,25,43.18839207683708,-77.36601769924164
2504,2020-05-23,plant,Tomatoes,Cherry Tomatoes,Cherry Bomb,5.1,3,0,,225,43.18839207683708,-77.36601769924164
2505,2020-05-23,plant,Tomatoes,Specialty Tomatoes,Pink Bumblebee,5.1,3,0,,226,43.18839207683708,-77.36601769924164
2506,2020-05-23,plant,Tomatoes,Slicer Tomatoes,Mountain Fresh Plus,5.1,16,0,,142,43.18839207683708,-77.36601769924164
2511,2020-05-23,plant,Beets,Red Beets,Merlin,5.1,30,0,,169,43.18839207683708,-77.36601769924164
2501,2020-05-30,plant,Greens,Swiss Chard,Bright Lights,5.1,30,0,,60,43.18839207683708,-77.36601769924164
2507,2020-05-30,plant,Peppers,Hot Peppers,Jalafuego,5.1,18,0,,45,43.18839207683708,-77.36601769924164
2508,2020-05-30,plant,Peppers,Hot Peppers,Arapaho,5.1,18,0,,277,43.18839207683708,-77.36601769924164
2509,2020-05-30,plant,Peppers,Mini Peppers,Lunchbox,5.1,18,0,,136,43.18839207683708,-77.36601769924164
2510,2020-05-30,plant,Eggplant,Purple Eggplant,Nadia,5.1,15,0,,210,43.18839207683708,-77.36601769924164
2488,2020-06-03,plant,Melons,Cantaloupe,Athena,5.1,5,0,,124,43.18839207683708,-77.36601769924164
2489,2020-06-03,plant,Melons,Watermelons,Crimson Sweet,5.1,5,0,,284,43.18839207683708,-77.36601769924164
2490,2020-06-03,plant,Cucumbers,Slicer Cuke,Marketmore 76,5.1,7,0,,209,43.18839207683708,-77.36601769924164
2491,2020-06-03,plant,Squash,Zucchini,Payload,5.1,12,0,,234,43.18839207683708,-77.36601769924164
2492,2020-06-03,plant,Squash,Summer Squash,Multipik,5.1,4,0,,49,43.18839207683708,-77.36601769924164
2493,2020-06-03,plant,Squash,Winter,Honey boat,5.1,10,0,,267,43.18839207683708,-77.36601769924164
2494,2020-06-03,plant,Squash,Winter,Honey nut,5.1,7,0,,268,43.18839207683708,-77.36601769924164
2495,2020-06-03,plant,Pumpkin,Pumpkin,Superior,5.1,16,0,,265,43.18839207683708,-77.36601769924164
2496,2020-06-03,plant,Pumpkins,Pumpkins,OSC 8878,5.1,2,0,,166,43.18839207683708,-77.36601769924164
2497,2020-06-03,plant,Pumpkins,Pumpkins,OSC 8880,5.1,3,0,,165,43.18839207683708,-77.36601769924164
2517,2020-06-07,sow,Carrots,Orange Carrots,Sugarsnax 54,5.1,30,0,,204,43.18839207683708,-77.36601769924164
2518,2020-06-07,sow,Carrots,Orange Carrots,Nectar,5.1,30,0,,28,43.18839207683708,-77.36601769924164
2519,2020-06-07,sow,Carrots,Purple Carrots,Purple Haze,5.1,30,0,,131,43.18839207683708,-77.36601769924164
2512,2020-06-10,sow,Lettuce,Salanova,Premier Collection,GH-Lettuce,120,0,,1,43.18839207683708,-77.36601769924164
2513,2020-06-10,sow,Lettuce,Mini Romaine,Breen,GH-Lettuce,20,0,,9,43.18839207683708,-77.36601769924164
2514,2020-06-10,sow,Lettuce,Mini Romaine,Dragoon,GH-Lettuce,20,0,,8,43.18839207683708,-77.36601769924164
2515,2020-06-10,sow,Lettuce,Romaine,Coastal Star,GH-Lettuce,20,0,,11,43.18839207683708,-77.36601769924164
2516,2020-06-10,sow,Lettuce,Romaine,Jericho,GH-Lettuce,20,0,,229,43.18839207683708,-77.36601769924164
2522,2020-07-15,sow,Broccoli,Broccoli,Avenger,Greenhouse,72,0,,249,43.18839207683708,-77.36601769924164
2523,2020-07-15,sow,Broccoli,Broccoli,Burney,Greenhouse,72,0,,245,43.18839207683708,-77.36601769924164
2524,2020-07-15,sow,Broccoli,Broccoli,Covina,Greenhouse,72,0,,274,43.18839207683708,-77.36601769924164
2525,2020-07-15,sow,Cabbage,Green Cabbage,Farao,Greenhouse,72,0,,128,43.18839207683708,-77.36601769924164
2526,2020-07-15,sow,Broccoli,Broccoli,BC1691,Greenhouse,128,0,,243,43.18839207683708,-77.36601769924164
2527,2020-07-15,sow,Broccoli,Broccoli,Eastern Crown,Greenhouse,128,0,,251,43.18839207683708,-77.36601769924164
2528,2020-07-15,sow,Broccoli,Broccoli,Green Magic,Greenhouse,128,0,,18,43.18839207683708,-77.36601769924164
2529,2021-03-25,sow,Onions,Red Onions,Red Wing,Greenhouse,200,0,,138,43.18839207683708,-77.36601769924164
2530,2021-03-25,sow,Onions,Yellow Onions,Cortland,Greenhouse,200,0,,33,43.18839207683708,-77.36601769924164
2531,2021-03-25,sow,Onions,Sweet Onions,Walla Walla,Greenhouse,200,0,,32,43.18839207683708,-77.36601769924164
2532,2021-03-25,sow,Beets,Red Beets,Boro,Greenhouse,200,0,,25,43.18839207683708,-77.36601769924164
2533,2021-03-25,sow,Greens,Swiss Chard,Improved Rainbow,Greenhouse,175,0,,289,43.18839207683708,-77.36601769924164
2534,2021-03-27,sow,Kale,Green Kale,Westlandse Winter,Greenhouse,128,0,,293,43.18839207683708,-77.36601769924164
2535,2021-03-27,sow,Kale,Red Kale,Red Bor,Greenhouse,128,0,,294,43.18839207683708,-77.36601769924164
2536,2021-03-27,sow,Cauliflower,Cauliflower,Benissa,Greenhouse,40,0,,253,43.18839207683708,-77.36601769924164
2537,2021-03-27,sow,Cauliflower,Cauliflower,Adona,Greenhouse,40,0,,276,43.18839207683708,-77.36601769924164
2538,2021-03-27,sow,Cabbage,Green Cabbage,Capture,Greenhouse,64,0,,269,43.18839207683708,-77.36601769924164
2539,2021-03-27,sow,Cabbage,Green Cabbage,Farao,Greenhouse,64,0,,128,43.18839207683708,-77.36601769924164
2540,2021-03-27,sow,Broccoli,Broccoli,Covina,Greenhouse,88,0,,274,43.18839207683708,-77.36601769924164
2541,2021-03-27,sow,Greens,Asian Greens,Win Win,Greenhouse,40,0,,63,43.18839207683708,-77.36601769924164
2542,2021-03-27,sow,Peppers,Bell Peppers,Jupiter,Greenhouse,72,0,,296,43.18839207683708,-77.36601769924164
2543,2021-03-27,sow,Eggplant,Purple Eggplant,Traviata,Greenhouse,50,0,,292,43.18839207683708,-77.36601769924164
2544,2021-03-27,sow,Peppers,Bell Peppers,Revolution,Greenhouse,72,0,,216,43.18839207683708,-77.36601769924164
2545,2021-03-27,sow,Peppers,Hot Peppers,Red Ember,Greenhouse,48,0,,298,43.18839207683708,-77.36601769924164
2546,2021-03-27,sow,Peppers,Hot Peppers,Jalafuego,Greenhouse,44,0,,45,43.18839207683708,-77.36601769924164
2547,2021-03-27,sow,Broccoli,Broccoli,Eastern Crown,Greenhouse,64,0,,251,43.18839207683708,-77.36601769924164
2548,2021-03-27,sow,Broccoli,Broccoli,Monty,Greenhouse,64,0,,297,43.18839207683708,-77.36601769924164
2549,2021-03-27,sow,Cauliflower,Cauliflower,Synergy,Greenhouse,48,0,,307,43.18839207683708,-77.36601769924164
2550,2021-04-05,sow,Tomatoes,Cherry Tomatoes,Cherry Bomb,Greenhouse,24,0,,225,43.18839207683708,-77.36601769924164
2551,2021-04-05,sow,Tomatoes,Slicer Tomatoes,Defiant,Greenhouse,72,0,,64,43.18839207683708,-77.36601769924164
2552,2021-04-05,sow,Tomatoes,Slicer Tomatoes,Mountain Fresh Plus,Greenhouse,72,0,,142,43.18839207683708,-77.36601769924164
2553,2021-04-05,sow,Tomatoes,Slicer Tomatoes,Skyway,Greenhouse,48,0,,299,43.18839207683708,-77.36601769924164
2554,2021-04-12,sow,Lettuce,Mini Romaine,Breen,Greenhouse,128,0,,9,43.18839207683708,-77.36601769924164
2555,2021-04-12,sow,Lettuce,Mini Romaine,Dragoon,Greenhouse,128,0,,8,43.18839207683708,-77.36601769924164
2556,2021-04-12,sow,Lettuce,Salanova,Premier Collection,Greenhouse,200,0,50 of each type,1,43.18839207683708,-77.36601769924164
2557,2021-04-24,plant,Potatoes,Red Potatoes,Chieftan,5.1,25,0,25 pounds planted by hand,217,43.18839207683708,-77.36601769924164
2558,2021-05-04,plant,Broccoli,Broccoli,Covina,5.1,76,0,,274,43.18839207683708,-77.36601769924164
2559,2021-05-04,plant,Broccoli,Broccoli,Eastern Crown,5.1,60,0,,251,43.18839207683708,-77.36601769924164
2560,2021-05-04,plant,Broccoli,Broccoli,Monty,5.1,60,0,,297,43.18839207683708,-77.36601769924164
2561,2021-05-04,plant,Cauliflower,Cauliflower,Benissa,5.1,28,0,,253,43.18839207683708,-77.36601769924164
2562,2021-05-04,plant,Cauliflower,Cauliflower,Synergy,5.1,34,0,,307,43.18839207683708,-77.36601769924164
2563,2021-05-04,plant,Cauliflower,Cauliflower,Adona,5.1,30,0,,276,43.18839207683708,-77.36601769924164
2564,2021-05-04,plant,Greens,Asian Greens,Win Win,5.1,38,0,,63,43.18839207683708,-77.36601769924164
2565,2021-05-08,sow,Corn,Sweet Corn,Allure,Greenhouse,2000,0,,290,43.18839207683708,-77.36601769924164
2566,2021-05-08,sow,Cucumbers,Slicer Cuke,Marketmore 76,Greenhouse,54,0,,209,43.18839207683708,-77.36601769924164
2567,2021-05-08,sow,Melons,Cantaloupe,Athena,Greenhouse,48,0,,124,43.18839207683708,-77.36601769924164
2568,2021-05-08,sow,Melons,Watermelons,Crimson Sweet,Greenhouse,24,0,,284,43.18839207683708,-77.36601769924164
2569,2021-05-08,sow,Squash,Zucchini,Spineless Perfection,Greenhouse,72,0,"54 doubles, 18 singles",48,43.18839207683708,-77.36601769924164
2570,2021-05-08,sow,Squash,Zucchini,Goldmine,Greenhouse,72,0,"54 doubles, 18 singles",301,43.18839207683708,-77.36601769924164
2571,2021-05-10,plant,Lettuce,Salanova,Premier Collection,5.1,164,0,,1,43.18839207683708,-77.36601769924164
2572,2021-05-11,plant,Lettuce,Mini Romaine,Dragoon,5.1,102,0,,8,43.18839207683708,-77.36601769924164
2573,2021-05-11,plant,Lettuce,Mini Romaine,Breen,5.1,75,0,,9,43.18839207683708,-77.36601769924164
2574,2021-05-17,plant,Cabbage,Green Cabbage,Capture,5.1,60,0,,269,43.18839207683708,-77.36601769924164
2575,2021-05-17,plant,Cabbage,Green Cabbage,Farao,5.1,60,0,,128,43.18839207683708,-77.36601769924164
2576,2021-05-17,plant,Kale,Red Kale,Red Bor,5.1,40,0,Multiple in holes,294,43.18839207683708,-77.36601769924164
2577,2021-05-17,plant,Kale,Green Kale,Westlandse Winter,5.1,40,0,Multiple plants in holes,293,43.18839207683708,-77.36601769924164
2580,2021-05-21,plant,Potatoes,Yellow Potatoes,Lehigh,5.1,20,0,20 pounds,283,43.18839207683708,-77.36601769924164
2581,2021-05-21,plant,Potatoes,Russet Potatoes,Goldrush,5.1,20,0,20 pounds,305,43.18839207683708,-77.36601769924164
2582,2021-05-21,plant,Potatoes,White Potatoes,Superior,5.1,20,0,20 poundsrn,304,43.18839207683708,-77.36601769924164
2578,2021-05-23,plant,Peppers,Bell Peppers,Jupiter,5.5,33,0,,296,43.18839207683708,-77.36601769924164
2579,2021-05-23,plant,Peppers,Bell Peppers,Revolution,5.5,48,0,,216,43.18839207683708,-77.36601769924164
2583,2021-05-24,plant,Eggplant,Purple Eggplant,Traviata,5.5,42,0,,292,43.18839207683708,-77.36601769924164
2584,2021-05-24,plant,Peppers,Hot Peppers,Red Ember,5.5,17,0,,298,43.18839207683708,-77.36601769924164
2585,2021-05-24,plant,Peppers,Hot Peppers,Jalafuego,5.5,15,0,,45,43.18839207683708,-77.36601769924164
2587,2021-05-25,plant,Tomatoes,Slicer Tomatoes,Defiant,5.5,24,0,,64,43.18839207683708,-77.36601769924164
2588,2021-05-25,plant,Tomatoes,Slicer Tomatoes,Mountain Fresh Plus,5.5,30,0,,142,43.18839207683708,-77.36601769924164
2589,2021-05-25,plant,Tomatoes,Slicer Tomatoes,Skyway,5.5,31,0,,299,43.18839207683708,-77.36601769924164
2590,2021-05-25,plant,Tomatoes,Cherry Tomatoes,Cherry Bomb,5.5,15,0,,225,43.18839207683708,-77.36601769924164
2586,2021-05-26,plant,Cucumbers,Slicer Cuke,Marketmore 76,5.5,25,0,"25 hills, 3 plants per hill",209,43.18839207683708,-77.36601769924164
2591,2021-05-26,plant,Squash,Zucchini,Goldmine,5.5,20,0,,301,43.18839207683708,-77.36601769924164
2592,2021-05-26,plant,Squash,Zucchini,Spineless Perfection,5.5,25,0,"25 hills, 3 plants per hill",48,43.18839207683708,-77.36601769924164
2593,2021-05-27,plant,Onions,Sweet Onions,Walla Walla,5.1,200,0,,32,43.18839207683708,-77.36601769924164
2594,2021-05-27,plant,Onions,Yellow Onions,Cortland,5.1,130,0,,33,43.18839207683708,-77.36601769924164
2597,2021-05-30,plant,Corn,Sweet Corn,Allure,5.1,1800,0,,290,43.18839207683708,-77.36601769924164
2595,2021-05-31,plant,Melons,Cantaloupe,Athena,5.1,20,0,20 hills,124,43.18839207683708,-77.36601769924164
2596,2021-05-31,plant,Melons,Watermelons,Crimson Sweet,5.1,9,0,9 hills,284,43.18839207683708,-77.36601769924164
2598,2021-05-31,plant,Onions,Red Onions,Red Carpet,5.1,100,0,,279,43.18839207683708,-77.36601769924164
2599,2021-06-05,sow,Kale,Green Kale,Westlandse Winter,Greenhouse,60,0,,293,43.18839207683708,-77.36601769924164
2600,2021-06-05,sow,Kale,Red Kale,Red Bor,Greenhouse,60,0,,294,43.18839207683708,-77.36601769924164
2601,2021-06-05,sow,Greens,Swiss Chard,Improved Rainbow,Greenhouse,80,0,,289,43.18839207683708,-77.36601769924164
2602,2021-06-05,sow,Lettuce,Salanova,Premier Collection,Greenhouse,200,0,,1,43.18839207683708,-77.36601769924164
2603,2021-06-05,sow,Lettuce,Mini Romaine,Breen,Greenhouse,80,0,,9,43.18839207683708,-77.36601769924164
2604,2021-06-05,sow,Lettuce,Mini Romaine,Dragoon,Greenhouse,94,0,,8,43.18839207683708,-77.36601769924164
2605,2021-06-05,sow,Pumpkins,Pumpkins,OSC 8878,Greenhouse,100,0,,166,43.18839207683708,-77.36601769924164
2606,2021-06-05,sow,Pumpkins,Pumpkins,Orion,Greenhouse,100,0,,303,43.18839207683708,-77.36601769924164
2607,2021-06-05,sow,Squash,Winter Squash,Spaghetti Squash,Greenhouse,36,0,,134,43.18839207683708,-77.36601769924164
2608,2021-06-05,sow,Squash,Winter,Honey boat,Greenhouse,36,0,,267,43.18839207683708,-77.36601769924164
2609,2021-06-05,sow,Squash,Winter,Honey nut,Greenhouse,36,0,,268,43.18839207683708,-77.36601769924164
2610,2021-06-05,sow,Squash,Winter,Tip Top,Greenhouse,36,0,,302,43.18839207683708,-77.36601769924164
2611,2021-06-05,sow,Squash,Winter,Tip Top,Greenhouse,36,0,,302,43.18839207683708,-77.36601769924164
2612,2021-06-05,sow,Squash,Winter,Tip Top,Greenhouse,36,0,,302,43.18839207683708,-77.36601769924164
2613,2021-06-08,sow,Corn,Sweet Corn,Natural Sweet,5.1,1000,0,,291,43.18839207683708,-77.36601769924164
2614,2021-06-08,sow,Corn,Sweet Corn,SS2742,5.1,400,0,,207,43.18839207683708,-77.36601769924164
2615,2021-06-08,sow,Beans,Green Beans,Jade Green,5.1,900,0,,285,43.18839207683708,-77.36601769924164
2616,2021-06-08,sow,Beans,Yellow Beans,Goldrush,5.1,1000,0,,287,43.18839207683708,-77.36601769924164
2617,2021-06-10,sow,Cucumbers,Slicer Cuke,Marketmore 76,Greenhouse,18,0,,209,43.18839207683708,-77.36601769924164
2618,2021-06-10,sow,Pumpkin,Pumpkin,Dynasty,Greenhouse,200,0,,309,43.18839207683708,-77.36601769924164
2619,2021-06-19,plant,Pumpkins,Pumpkins,OSC 8878,5.5,45,0,Hills. 2 per hillrn,166,43.18839207683708,-77.36601769924164
2620,2021-06-19,plant,Pumpkins,Pumpkins,Orion,5.5,45,0,Hills.2 plants per hillrn,303,43.18839207683708,-77.36601769924164
2621,2021-06-19,plant,Squash,Winter,Honey nut,5.5,30,0,Hills. 2 or 3 per hill,268,43.18839207683708,-77.36601769924164
2622,2021-06-19,plant,Squash,Winter,Tip Top,5.5,36,0,"Hills, 2 or 3 per hill",302,43.18839207683708,-77.36601769924164
2623,2021-06-19,plant,Squash,Winter Squash,Spaghetti Squash,5.5,36,0,Hills. 2 or 3 per hill,134,43.18839207683708,-77.36601769924164
2624,2021-06-28,sow,Lettuce,Salanova,Premier Collection,Greenhouse,200,0,,1,43.18839207683708,-77.36601769924164
2625,2021-06-28,sow,Squash,Zucchini,Spineless Perfection,Greenhouse,30,0,2 seeds per plug,48,43.18839207683708,-77.36601769924164
2626,2021-06-28,sow,Squash,Zucchini,Goldmine,Greenhouse,24,0,2 seeds per plug,301,43.18839207683708,-77.36601769924164
2627,2021-07-01,plant,Pumpkins,Pumpkins,Orion,5.5,90,0,,303,43.18839207683708,-77.36601769924164
2628,2021-07-01,plant,Pumpkin,Pumpkin,Dynasty,5.5,90,0,,309,43.18839207683708,-77.36601769924164
2640,2021-07-11,harvest,Squash,Zucchini,Spineless Perfection,5.5,12,0,,48,43.18839207683708,-77.36601769924164
2629,2021-07-12,sow,Broccoli,Broccoli,Eastern Crown,Greenhouse,72,0,,251,43.18839207683708,-77.36601769924164
2630,2021-07-12,sow,Broccoli,Broccoli,Marathon,Greenhouse,72,0,,300,43.18839207683708,-77.36601769924164
2631,2021-07-12,sow,Cauliflower,Cauliflower,Skywalker,Greenhouse,72,0,,114,43.18839207683708,-77.36601769924164
2632,2021-07-12,sow,Cauliflower,Cauliflower,Synergy,Greenhouse,72,0,,307,43.18839207683708,-77.36601769924164
2633,2021-07-12,sow,Cabbage,Green Cabbage,Capture,Greenhouse,72,0,,269,43.18839207683708,-77.36601769924164
2634,2021-07-12,sow,Romanesco,Romanesco,Veronica,Greenhouse,72,0,,107,43.18839207683708,-77.36601769924164
2635,2021-07-12,sow,Kale,Green Kale,Westlandse Winter,Greenhouse,36,0,,293,43.18839207683708,-77.36601769924164
2636,2021-07-12,sow,Kale,Red Kale,Red Bor,Greenhouse,36,0,,294,43.18839207683708,-77.36601769924164
2637,2021-07-12,sow,Lettuce,Salanova,Premier Collection,Greenhouse,160,0,,1,43.18839207683708,-77.36601769924164
2638,2021-07-12,sow,Lettuce,Mini Romaine,Breen,Greenhouse,48,0,,9,43.18839207683708,-77.36601769924164
2639,2021-07-12,sow,Lettuce,Mini Romaine,Dragoon,Greenhouse,48,0,,8,43.18839207683708,-77.36601769924164
2641,2021-07-13,harvest,Squash,Zucchini,Spineless Perfection,5.5,27,25,,48,43.18839207683708,-77.36601769924164
2642,2021-07-13,plant,Squash,Zucchini,Spineless Perfection,5.5,25,0,2 per hill,48,43.18839207683708,-77.36601769924164
2643,2021-07-13,plant,Squash,Zucchini,Goldmine,5.5,12,0,2 per hill,301,43.18839207683708,-77.36601769924164
2644,2021-07-16,harvest,Squash,Zucchini,Goldmine,5.5,30,25,,301,43.18839207683708,-77.36601769924164
2645,2021-07-16,harvest,Squash,Zucchini,Spineless Perfection,5.5,45,45,,48,43.18839207683708,-77.36601769924164
2646,2021-07-18,harvest,Squash,Zucchini,Goldmine,5.5,14,15,,301,43.18839207683708,-77.36601769924164
2647,2021-07-18,harvest,Squash,Zucchini,Spineless Perfection,5.5,10,10,,48,43.18839207683708,-77.36601769924164
2648,2021-07-18,harvest,Peppers,Bell Peppers,Revolution,5.5,24,15,,216,43.18839207683708,-77.36601769924164
2649,2021-07-18,harvest,Eggplant,Purple Eggplant,Traviata,5.5,10,12,,292,43.18839207683708,-77.36601769924164
2650,2021-07-20,harvest,Squash,Zucchini,Goldmine,5.5,12,12,,301,43.18839207683708,-77.36601769924164
2651,2021-07-20,harvest,Squash,Zucchini,Spineless Perfection,5.5,20,20,,48,43.18839207683708,-77.36601769924164
2652,2021-07-22,harvest,Squash,Zucchini,Goldmine,5.5,8,8,,301,43.18839207683708,-77.36601769924164
2655,2021-07-22,harvest,Squash,Zucchini,Spineless Perfection,5.5,20,20,,48,43.18839207683708,-77.36601769924164
2653,2021-07-25,harvest,Squash,Zucchini,Goldmine,5.5,15,15,,301,43.18839207683708,-77.36601769924164
2656,2021-07-25,harvest,Squash,Zucchini,Spineless Perfection,5.5,25,25,,48,43.18839207683708,-77.36601769924164
2654,2021-07-26,harvest,Squash,Zucchini,Goldmine,5.5,20,20,,301,43.18839207683708,-77.36601769924164
2657,2021-07-26,harvest,Squash,Zucchini,Spineless Perfection,5.5,25,25,,48,43.18839207683708,-77.36601769924164
2664,2021-07-27,harvest,Squash,Zucchini,Spineless Perfection,,20,20,,48,43.18839207683708,-77.36601769924164
2661,2021-07-28,harvest,Squash,Zucchini,Goldmine,5.5,30,30,,301,43.18839207683708,-77.36601769924164
2658,2021-07-29,harvest,Cucumbers,Slicer Cuke,Marketmore 76,5.5,22,14,,209,43.18839207683708,-77.36601769924164
2665,2021-07-29,harvest,Squash,Zucchini,Spineless Perfection,5.5,16,16,,48,43.18839207683708,-77.36601769924164
2659,2021-07-30,harvest,Cucumbers,Slicer Cuke,Marketmore 76,5.5,12,8,,209,43.18839207683708,-77.36601769924164
2662,2021-07-30,harvest,Squash,Zucchini,Goldmine,5.5,8,8,,301,43.18839207683708,-77.36601769924164
2667,2021-07-30,harvest,Eggplant,Purple Eggplant,Traviata,5.5,13,16,,292,43.18839207683708,-77.36601769924164
2668,2021-07-30,harvest,Peppers,Bell Peppers,Revolution,5.5,30,20,,216,43.18839207683708,-77.36601769924164
2669,2021-07-30,harvest,Peppers,Hot Peppers,Jalafuego,5.5,40,5,,45,43.18839207683708,-77.36601769924164
2670,2021-07-30,harvest,Peppers,Hot Peppers,Red Ember,5.5,40,5,,298,43.18839207683708,-77.36601769924164
2660,2021-08-01,harvest,Cucumbers,Slicer Cuke,Marketmore 76,5.5,13,8,,209,43.18839207683708,-77.36601769924164
2663,2021-08-01,harvest,Squash,Zucchini,Goldmine,5.5,20,20,,301,43.18839207683708,-77.36601769924164
2666,2021-08-01,harvest,Squash,Zucchini,Spineless Perfection,5.5,18,18,,48,43.18839207683708,-77.36601769924164
2671,2021-08-03,harvest,Squash,Zucchini,Goldmine,5.5,17,17,,301,43.18839207683708,-77.36601769924164
2672,2021-08-03,harvest,Squash,Zucchini,Spineless Perfection,5.5,40,40,,48,43.18839207683708,-77.36601769924164
2673,2021-08-03,harvest,Cucumbers,Slicer Cuke,Marketmore 76,5.5,16,12,,209,43.18839207683708,-77.36601769924164
2674,2021-08-05,harvest,Cucumbers,Slicer Cuke,Marketmore 76,5.5,13,10,,209,43.18839207683708,-77.36601769924164
2675,2021-08-05,harvest,Squash,Zucchini,Goldmine,5.5,23,15,,301,43.18839207683708,-77.36601769924164
2676,2021-08-05,harvest,Squash,Zucchini,Spineless Perfection,5.5,31,31,,48,43.18839207683708,-77.36601769924164
2677,2021-08-05,plant,Lettuce,Salanova,Premier Collection,5.1,69,0,,1,43.18839207683708,-77.36601769924164
2678,2021-08-05,plant,Greens,Swiss Chard,Improved Rainbow,5.1,60,0,,289,43.18839207683708,-77.36601769924164
2679,2021-08-08,harvest,Cucumbers,Slicer Cuke,Marketmore 76,5.5,15,12,,209,43.18839207683708,-77.36601769924164
2681,2021-08-08,harvest,Squash,Zucchini,Goldmine,5.5,25,25,,301,43.18839207683708,-77.36601769924164
2684,2021-08-08,harvest,Squash,Zucchini,Spineless Perfection,5.5,35,35,,48,43.18839207683708,-77.36601769924164
2680,2021-08-09,harvest,Cucumbers,Slicer Cuke,Marketmore 76,5.5,20,15,,209,43.18839207683708,-77.36601769924164
2682,2021-08-09,harvest,Squash,Zucchini,Goldmine,5.5,15,12,,301,43.18839207683708,-77.36601769924164
2683,2021-08-09,harvest,Squash,Zucchini,Goldmine,5.5,15,12,,301,43.18839207683708,-77.36601769924164
2685,2021-08-09,harvest,Squash,Zucchini,Spineless Perfection,5.5,20,20,,48,43.18839207683708,-77.36601769924164
2686,2021-08-11,harvest,Cucumbers,Slicer Cuke,Marketmore 76,5.5,45,25,,209,43.18839207683708,-77.36601769924164
2687,2021-08-11,harvest,Squash,Zucchini,Goldmine,5.5,15,10,,301,43.18839207683708,-77.36601769924164
2688,2021-08-11,harvest,Squash,Zucchini,Spineless Perfection,5.5,30,25,,48,43.18839207683708,-77.36601769924164
2689,2021-08-11,harvest,Tomatoes,Slicer Tomatoes,Defiant,5.5,8,8,,64,43.18839207683708,-77.36601769924164
2690,2021-08-12,harvest,Cucumbers,Slicer Cuke,Marketmore 76,5.5,15,10,,209,43.18839207683708,-77.36601769924164
2696,2021-08-12,harvest,Squash,Zucchini,Spineless Perfection,5.5,15,15,,48,43.18839207683708,-77.36601769924164
2691,2021-08-13,harvest,Cucumbers,Slicer Cuke,Marketmore 76,5.5,15,10,,209,43.18839207683708,-77.36601769924164
2693,2021-08-13,harvest,Corn,Sweet Corn,Allure,5.1,25,100,25 dozen,290,43.18839207683708,-77.36601769924164
2694,2021-08-13,harvest,Squash,Zucchini,Goldmine,5.5,15,12,,301,43.18839207683708,-77.36601769924164
2697,2021-08-13,harvest,Squash,Zucchini,Spineless Perfection,5.5,15,15,,48,43.18839207683708,-77.36601769924164
2699,2021-08-13,harvest,Peppers,Bell Peppers,Jupiter,5.5,18,13,,296,43.18839207683708,-77.36601769924164
2700,2021-08-13,harvest,Tomatoes,Slicer Tomatoes,Defiant,5.5,24,24,,64,43.18839207683708,-77.36601769924164
2701,2021-08-13,harvest,Tomatoes,Cherry Tomatoes,Cherry Bomb,5.5,12,12,Pounds,225,43.18839207683708,-77.36601769924164
2692,2021-08-15,harvest,Cucumbers,Slicer Cuke,Marketmore 76,5.5,10,8,,209,43.18839207683708,-77.36601769924164
2695,2021-08-15,harvest,Squash,Zucchini,Goldmine,5.5,8,6,,301,43.18839207683708,-77.36601769924164
2698,2021-08-15,harvest,Squash,Zucchini,Spineless Perfection,5.5,38,32,,48,43.18839207683708,-77.36601769924164
2702,2021-08-15,harvest,Potatoes,Red Potatoes,Chieftan,5.1,150,150,,217,43.18839207683708,-77.36601769924164
2703,2021-08-15,harvest,Potatoes,Russet Potatoes,Goldrush,5.1,50,50,,305,43.18839207683708,-77.36601769924164
2704,2021-08-15,harvest,Potatoes,Yellow Potatoes,Lehigh,5.1,50,50,,283,43.18839207683708,-77.36601769924164
2705,2021-08-15,harvest,Potatoes,White Potatoes,Superior,5.1,25,25,,304,43.18839207683708,-77.36601769924164
2762,2021-08-15,harvest,Eggplant,Purple Eggplant,Traviata,5.5,20,20,,292,43.18839207683708,-77.36601769924164
2706,2021-08-16,harvest,Squash,Zucchini,Spineless Perfection,5.5,12,10,,48,43.18839207683708,-77.36601769924164
2710,2021-08-17,harvest,Tomatoes,Cherry Tomatoes,Cherry Bomb,5.5,25,25,,225,43.18839207683708,-77.36601769924164
2711,2021-08-17,harvest,Tomatoes,Slicer Tomatoes,Mountain Fresh Plus,5.5,15,15,,142,43.18839207683708,-77.36601769924164
2712,2021-08-17,harvest,Tomatoes,Slicer Tomatoes,Defiant,5.5,12,12,,64,43.18839207683708,-77.36601769924164
2707,2021-08-18,harvest,Cucumbers,Slicer Cuke,Marketmore 76,5.5,14,8,,209,43.18839207683708,-77.36601769924164
2708,2021-08-18,harvest,Squash,Zucchini,Goldmine,5.5,8,6,,301,43.18839207683708,-77.36601769924164
2709,2021-08-18,harvest,Squash,Zucchini,Spineless Perfection,5.5,35,30,,48,43.18839207683708,-77.36601769924164
2713,2021-08-20,harvest,Cucumbers,Slicer Cuke,Marketmore 76,5.5,12,12,,209,43.18839207683708,-77.36601769924164
2714,2021-08-20,harvest,Squash,Zucchini,Goldmine,5.5,25,25,,301,43.18839207683708,-77.36601769924164
2715,2021-08-20,harvest,Squash,Zucchini,Spineless Perfection,5.5,35,35,,48,43.18839207683708,-77.36601769924164
2716,2021-08-22,harvest,Cucumbers,Slicer Cuke,Marketmore 76,5.5,15,10,,209,43.18839207683708,-77.36601769924164
2717,2021-08-22,harvest,Squash,Zucchini,Goldmine,5.5,15,10,,301,43.18839207683708,-77.36601769924164
2718,2021-08-22,harvest,Squash,Zucchini,Spineless Perfection,5.5,40,32,,48,43.18839207683708,-77.36601769924164
2719,2021-08-22,harvest,Tomatoes,Slicer Tomatoes,Mountain Fresh Plus,5.5,30,30,,142,43.18839207683708,-77.36601769924164
2720,2021-08-22,harvest,Tomatoes,Slicer Tomatoes,Defiant,5.5,15,15,,64,43.18839207683708,-77.36601769924164
2721,2021-08-22,harvest,Tomatoes,Cherry Tomatoes,Cherry Bomb,5.5,12,12,,225,43.18839207683708,-77.36601769924164
2722,2021-08-25,harvest,Tomatoes,Cherry Tomatoes,Cherry Bomb,5.5,24,24,,225,43.18839207683708,-77.36601769924164
2723,2021-08-26,harvest,Cucumbers,Slicer Cuke,Marketmore 76,5.5,8,8,,209,43.18839207683708,-77.36601769924164
2724,2021-08-26,harvest,Squash,Zucchini,Spineless Perfection,5.5,10,10,,48,43.18839207683708,-77.36601769924164
2725,2021-08-26,harvest,Tomatoes,Slicer Tomatoes,Defiant,5.5,16,16,,64,43.18839207683708,-77.36601769924164
2726,2021-08-26,harvest,Tomatoes,Slicer Tomatoes,Mountain Fresh Plus,5.5,20,20,,142,43.18839207683708,-77.36601769924164
2727,2021-08-29,harvest,Tomatoes,Cherry Tomatoes,Cherry Bomb,5.5,20,20,,225,43.18839207683708,-77.36601769924164
2728,2021-08-29,harvest,Squash,Zucchini,Spineless Perfection,5.5,25,25,,48,43.18839207683708,-77.36601769924164
2729,2021-08-31,harvest,Squash,Zucchini,Goldmine,5.5,10,8,,301,43.18839207683708,-77.36601769924164
2730,2021-08-31,harvest,Squash,Zucchini,Spineless Perfection,5.5,15,12,,48,43.18839207683708,-77.36601769924164
2731,2021-08-31,harvest,Tomatoes,Slicer Tomatoes,Defiant,5.5,36,36,,64,43.18839207683708,-77.36601769924164
2732,2021-08-31,harvest,Tomatoes,Slicer Tomatoes,Mountain Fresh Plus,5.5,36,36,,142,43.18839207683708,-77.36601769924164
2733,2021-09-02,harvest,Squash,Zucchini,Goldmine,5.5,12,12,,301,43.18839207683708,-77.36601769924164
2736,2021-09-02,harvest,Squash,Zucchini,Spineless Perfection,5.5,15,15,,48,43.18839207683708,-77.36601769924164
2739,2021-09-02,harvest,Tomatoes,Cherry Tomatoes,Cherry Bomb,5.5,25,25,,225,43.18839207683708,-77.36601769924164
2734,2021-09-04,harvest,Squash,Zucchini,Goldmine,5.5,5,5,,301,43.18839207683708,-77.36601769924164
2737,2021-09-04,harvest,Squash,Zucchini,Spineless Perfection,5.5,35,35,,48,43.18839207683708,-77.36601769924164
2735,2021-09-06,harvest,Squash,Zucchini,Goldmine,5.5,6,6,,301,43.18839207683708,-77.36601769924164
2738,2021-09-06,harvest,Squash,Zucchini,Spineless Perfection,5.5,10,10,,48,43.18839207683708,-77.36601769924164
2741,2021-09-06,harvest,Tomatoes,Slicer Tomatoes,Defiant,5.5,60,60,,64,43.18839207683708,-77.36601769924164
2742,2021-09-06,harvest,Tomatoes,Slicer Tomatoes,Mountain Fresh Plus,5.5,100,100,,142,43.18839207683708,-77.36601769924164
2740,2021-09-07,harvest,Tomatoes,Cherry Tomatoes,Cherry Bomb,5.5,25,25,,225,43.18839207683708,-77.36601769924164
2743,2021-09-09,harvest,Pumpkins,Pumpkins,OSC 8878,5.5,17,250,,166,43.18839207683708,-77.36601769924164
2744,2021-09-09,harvest,Squash,Winter Squash,Spaghetti Squash,5.5,13,50,,134,43.18839207683708,-77.36601769924164
2745,2021-09-09,harvest,Squash,Winter,Tip Top,5.5,20,50,,302,43.18839207683708,-77.36601769924164
2746,2021-09-09,harvest,Squash,Winter,Honey boat,5.5,18,15,,267,43.18839207683708,-77.36601769924164
2760,2021-09-10,harvest,Peppers,Bell Peppers,Jupiter,5.5,35,35,,296,43.18839207683708,-77.36601769924164
2763,2021-09-10,harvest,Eggplant,Purple Eggplant,Traviata,5.5,29,29,,292,43.18839207683708,-77.36601769924164
2747,2021-09-11,harvest,Squash,Zucchini,Goldmine,5.5,6,6,,301,43.18839207683708,-77.36601769924164
2748,2021-09-11,harvest,Squash,Zucchini,Spineless Perfection,5.5,14,14,,48,43.18839207683708,-77.36601769924164
2749,2021-09-11,harvest,Tomatoes,Slicer Tomatoes,Defiant,5.5,24,24,,64,43.18839207683708,-77.36601769924164
2750,2021-09-11,harvest,Tomatoes,Slicer Tomatoes,Mountain Fresh Plus,5.5,100,100,,142,43.18839207683708,-77.36601769924164
2751,2021-09-14,harvest,Pumpkin,Pumpkin,Dynasty,5.5,15,275,,309,43.18839207683708,-77.36601769924164
2752,2021-09-14,harvest,Tomatoes,Cherry Tomatoes,Cherry Bomb,5.5,15,15,,225,43.18839207683708,-77.36601769924164
2753,2021-09-15,harvest,Onions,Yellow Onions,Cortland,5.1,30,30,,33,43.18839207683708,-77.36601769924164
2754,2021-09-15,harvest,Onions,Red Onions,Red Wing,5.1,15,15,,138,43.18839207683708,-77.36601769924164
2755,2021-09-15,harvest,Squash,Winter,Tip Top,5.5,20,40,,302,43.18839207683708,-77.36601769924164
2758,2021-09-16,harvest,Pumpkins,Pumpkins,Orion,5.5,17,300,,303,43.18839207683708,-77.36601769924164
2756,2021-09-18,harvest,Tomatoes,Slicer Tomatoes,Mountain Fresh Plus,5.5,85,85,,142,43.18839207683708,-77.36601769924164
2757,2021-09-18,harvest,Pumpkins,Pumpkins,OSC 8878,5.5,32,500,,166,43.18839207683708,-77.36601769924164
2761,2021-09-23,harvest,Peppers,Bell Peppers,Revolution,5.5,25,25,,216,43.18839207683708,-77.36601769924164
2768,2021-09-25,harvest,Pumpkins,Pumpkins,OSC 8878,5.5,25,500,,166,43.18839207683708,-77.36601769924164
2769,2021-09-29,harvest,Pumpkins,Pumpkins,Orion,5.5,20,400,,303,43.18839207683708,-77.36601769924164
2771,2021-10-03,harvest,Pumpkins,Pumpkins,OSC 8878,5.5,20,450,,166,43.18839207683708,-77.36601769924164
2759,2021-10-08,harvest,Peppers,Bell Peppers,Revolution,5.5,100,100,,216,43.18839207683708,-77.36601769924164
2764,2021-10-09,harvest,Eggplant,Purple Eggplant,Traviata,5.5,40,20,,292,43.18839207683708,-77.36601769924164
2765,2021-10-09,harvest,Squash,Winter Squash,Spaghetti Squash,5.5,175,600,,134,43.18839207683708,-77.36601769924164
2766,2021-10-09,harvest,Squash,Winter,Tip Top,5.5,120,165,,302,43.18839207683708,-77.36601769924164
2770,2021-10-09,harvest,Pumpkin,Pumpkin,Dynasty,5.5,65,900,,309,43.18839207683708,-77.36601769924164
2767,2021-10-10,harvest,Squash,Winter,Honey boat,5.5,75,85,,267,43.18839207683708,-77.36601769924164
2772,2022-03-14,sow,Onions,Yellow Onions,Cortland,GH 2,400,0,,33,43.18839207683708,-77.36601769924164
2773,2022-03-19,sow,Onions,Red Onions,Cabernet,GH 2,400,0,Green Tree Soil,310,43.18839207683708,-77.36601769924164
2774,2022-03-19,sow,Tomatoes,Slicer Tomatoes,Skyway,TM1,50,0,,299,43.18839207683708,-77.36601769924164
2775,2022-03-19,sow,Tomatoes,Slicer Tomatoes,Sunny Boy,TM1,25,0,,311,43.18839207683708,-77.36601769924164
2776,2022-03-19,sow,Tomatoes,Slicer Tomatoes,Roadster,TM1,50,0,New promix,312,43.18839207683708,-77.36601769924164
2777,2022-03-19,sow,Tomatoes,Cherry Tomatoes,Cherry Bomb,TM1,25,0,,225,43.18839207683708,-77.36601769924164
2778,2022-03-24,sow,Tomatoes,Specialty Tomatoes,Sunrise Bumblebee,TM1,10,0,Promix,314,43.18839207683708,-77.36601769924164
2779,2022-03-24,sow,Tomatoes,Cherry Tomatoes,Esterina,TM1,50,0,Promix,68,43.18839207683708,-77.36601769924164
2780,2022-03-24,sow,Peppers,Hot Peppers,Red Ember,GH 2,25,0,Promix,298,43.18839207683708,-77.36601769924164
2781,2022-03-24,sow,Peppers,Hot Peppers,Jalafuego,GH 2,25,0,,45,43.18839207683708,-77.36601769924164
2782,2022-03-24,sow,Peppers,Hot Peppers,Helios,GH 2,25,0,,313,43.18839207683708,-77.36601769924164
2783,2022-03-27,sow,Cabbage,Green Cabbage,Farao,CB1,128,0,,128,43.18839207683708,-77.36601769924164
2784,2022-03-27,sow,Peppers,Bell Peppers,Jupiter,GH 2,50,0,,296,43.18839207683708,-77.36601769924164
2785,2022-03-27,sow,Peppers,Bell Peppers,Revolution,GH 2,50,0,,216,43.18839207683708,-77.36601769924164
2786,2022-03-27,sow,Beets,Golden Beet,Boldor,BT1,256,0,2 or 3 seeds per cell,315,43.18839207683708,-77.36601769924164
2884,2022-03-27,sow,Beets,Red Beets,Boro,BT1,256,0,,25,43.18839207683708,-77.36601769924164
2787,2022-03-31,sow,Cabbage,Green Cabbage,Caraflex,CB1,128,0,,270,43.18839207683708,-77.36601769924164
2788,2022-03-31,sow,Cauliflower,Cauliflower,Twister,GH 2,256,0,,319,43.18839207683708,-77.36601769924164
2789,2022-03-31,sow,Eggplant,Purple Eggplant,A-1014,GH 2,64,0,,317,43.18839207683708,-77.36601769924164
2790,2022-03-31,sow,Onions,Yellow Onions,Cortland,GH 2,400,0,,33,43.18839207683708,-77.36601769924164
2791,2022-03-31,sow,Peppers,Specialty Peppers,Shishito,GH 2,15,0,,318,43.18839207683708,-77.36601769924164
2792,2022-03-31,sow,Tomatoes,Cherry Tomatoes,Toronjina,TM1,50,0,,316,43.18839207683708,-77.36601769924164
2793,2022-04-16,sow,Lettuce,Romaine,DOV,LT1,200,0,,320,43.18839207683708,-77.36601769924164
2797,2022-04-23,plant,Apples,Early Season,Ginger Gold,,6,0,,322,43.18839207683708,-77.36601769924164
2798,2022-04-23,plant,Apples,Late Season,Liberty,,5,0,,323,43.18839207683708,-77.36601769924164
2799,2022-04-23,plant,Apples,Late Season,Royal Empire,,6,0,,324,43.18839207683708,-77.36601769924164
2800,2022-04-23,plant,Apples,Late Season,Winecrisp,,3,0,,326,43.18839207683708,-77.36601769924164
2801,2022-04-23,plant,Apples,Mid Season,Honeycrisp,,8,0,,325,43.18839207683708,-77.36601769924164
2802,2022-04-23,plant,Apples,Mid Season,Pixie Crunch,,6,0,,327,43.18839207683708,-77.36601769924164
2803,2022-04-24,plant,Pears,Asian,Hosui,,1,0,,333,43.18839207683708,-77.36601769924164
2804,2022-04-24,plant,Pears,Early Season,Bartlett,,3,0,,329,43.18839207683708,-77.36601769924164
2805,2022-04-24,plant,Pears,Mid Season,Flemish Beauty,,3,0,,328,43.18839207683708,-77.36601769924164
2806,2022-04-24,plant,Peach,Early Season,Desiree,,1,0,,332,43.18839207683708,-77.36601769924164
2807,2022-04-24,plant,Peach,Late Season,Contender,,2,0,,330,43.18839207683708,-77.36601769924164
2808,2022-04-24,plant,Peach,Mid Season,Red Haven,,2,0,,331,43.18839207683708,-77.36601769924164
2794,2022-04-25,sow,Lettuce,Mini Romaine,Xalbadora,LT1,200,0,,321,43.18839207683708,-77.36601769924164
2795,2022-04-25,sow,Lettuce,Mini Romaine,Breen,LT1,200,0,,9,43.18839207683708,-77.36601769924164
2796,2022-04-25,sow,Lettuce,Salanova,Premier Collection,LT1,200,0,,1,43.18839207683708,-77.36601769924164
2809,2022-04-26,plant,Tomatoes,Cherry Tomatoes,Cherry Bomb,TM1,18,0,"3"" pots",225,43.18839207683708,-77.36601769924164
2891,2022-04-30,plant,Potatoes,Red Potatoes,Chieftan,PT1,30,0,,217,43.18839207683708,-77.36601769924164
2892,2022-04-30,plant,Potatoes,White Potatoes,Kennebec,PT1,20,0,,37,43.18839207683708,-77.36601769924164
2810,2022-05-04,sow,Corn,Sweet Corn,Solstice,CN1,1280,0,,334,43.18839207683708,-77.36601769924164
2812,2022-05-06,sow,Squash,Zucchini,Spineless Perfection,SQ1,15,0,,48,43.18839207683708,-77.36601769924164
2813,2022-05-06,sow,Squash,Zucchini,Desert,SQ1,57,0,,335,43.18839207683708,-77.36601769924164
2815,2022-05-06,sow,Cucumbers,Slicer Cuke,Marketmore 76,CU1,72,0,,209,43.18839207683708,-77.36601769924164
2816,2022-05-06,sow,Squash,Zucchini,Golden Glory,SQ1,57,0,,337,43.18839207683708,-77.36601769924164
2811,2022-05-07,plant,Potatoes,Russet Potatoes,Goldrush,PT1,20,0,,305,43.18839207683708,-77.36601769924164
2814,2022-05-07,plant,Potatoes,Yellow Potatoes,Yukon Gem,PT1,20,0,,336,43.18839207683708,-77.36601769924164
2817,2022-05-09,plant,Cabbage,Green Cabbage,Caraflex,CB1,120,0,,270,43.18839207683708,-77.36601769924164
2818,2022-05-09,plant,Cabbage,Green Cabbage,Farao,CB1,110,0,,128,43.18839207683708,-77.36601769924164
2819,2022-05-09,plant,Broccoli,Broccoli,Monty,BR1,120,0,,297,43.18839207683708,-77.36601769924164
2820,2022-05-09,plant,Broccoli,Broccoli,Eastern Crown,BR1,100,0,,251,43.18839207683708,-77.36601769924164
2821,2022-05-09,plant,Cauliflower,Cauliflower,Twister,CF1,190,0,,319,43.18839207683708,-77.36601769924164
2822,2022-05-10,sow,Beets,Golden Beet,Boldor,Lentine,1,0,,315,43.18839207683708,-77.36601769924164
2823,2022-05-10,sow,Beets,Golden Beet,Boldor,Lentine,12,0,,315,43.18839207683708,-77.36601769924164
2825,2022-05-14,plant,Tomatoes,Cherry Tomatoes,Cherry Bomb,5.5,10,0,,225,43.18839207683708,-77.36601769924164
2826,2022-05-14,plant,Tomatoes,Cherry Tomatoes,Esterina,5.5,11,0,,68,43.18839207683708,-77.36601769924164
2827,2022-05-14,plant,Tomatoes,Cherry Tomatoes,Toronjina,5.5,8,0,,316,43.18839207683708,-77.36601769924164
2828,2022-05-14,plant,Tomatoes,Specialty Tomatoes,Pink Bumblebee,5.5,6,0,,226,43.18839207683708,-77.36601769924164
2829,2022-05-14,plant,Tomatoes,Slicer Tomatoes,Sunny Boy,5.5,12,0,,311,43.18839207683708,-77.36601769924164
2830,2022-05-14,plant,Tomatoes,Slicer Tomatoes,Skyway,5.5,25,0,,299,43.18839207683708,-77.36601769924164
2831,2022-05-14,plant,Tomatoes,Slicer Tomatoes,Roadster,TM1,25,0,,312,43.18839207683708,-77.36601769924164
2824,2022-05-15,plant,Lettuce,Romaine,DOV,LT1,189,0,,320,43.18839207683708,-77.36601769924164
2832,2022-05-16,sow,Lettuce,Romaine,DOV,LT2,200,0,,320,43.18839207683708,-77.36601769924164
2833,2022-05-16,sow,Lettuce,Salanova,Premier Collection,LT2,200,0,,1,43.18839207683708,-77.36601769924164
2834,2022-05-18,plant,Kale,Green Kale,Starbor,5.1,66,0,,214,43.18839207683708,-77.36601769924164
2835,2022-05-18,plant,Beets,Golden Beet,Boldor,BT1,252,0,,315,43.18839207683708,-77.36601769924164
2836,2022-05-18,plant,Beets,Red Beets,Boro,BT1,236,0,,25,43.18839207683708,-77.36601769924164
2837,2022-05-18,plant,Beets,Red Beets,Boro,5.1,236,0,,25,43.18839207683708,-77.36601769924164
2838,2022-05-19,plant,Onions,Red Onions,Cabernet,5.1,183,0,,310,43.18839207683708,-77.36601769924164
2839,2022-05-19,plant,Onions,Yellow Onions,Cortland,5.1,450,0,,33,43.18839207683708,-77.36601769924164
2840,2022-05-19,sow,Lettuce,Mini Romaine,Breen,LT2,200,0,,9,43.18839207683708,-77.36601769924164
2841,2022-05-19,sow,Lettuce,Mini Romaine,Xalbadora,LT2,200,0,,321,43.18839207683708,-77.36601769924164
2842,2022-05-22,sow,Squash,Winter Squash,Butterscotch PMR,GH 2,72,0,,125,43.18839207683708,-77.36601769924164
2843,2022-05-22,sow,Squash,Winter,Honey boat,GH 2,72,0,,267,43.18839207683708,-77.36601769924164
2890,2022-05-22,sow,Corn,Sweet Corn,Solstice,CN2,1400,0,,334,43.18839207683708,-77.36601769924164
2844,2022-05-23,plant,Carrots,Orange Carrots,YaYa,CR1,1200,0,,288,43.18839207683708,-77.36601769924164
2845,2022-05-23,plant,Beans,Yellow Beans,Goldrush,BN1,1200,0,,287,43.18839207683708,-77.36601769924164
2846,2022-05-23,plant,Beans,Green Beans,Provider,BN1,1200,0,,70,43.18839207683708,-77.36601769924164
2847,2022-05-24,plant,Lettuce,Mini Romaine,Breen,LT1,194,0,,9,43.18839207683708,-77.36601769924164
2848,2022-05-24,plant,Lettuce,Mini Romaine,Xalbadora,LT1,193,0,,321,43.18839207683708,-77.36601769924164
2849,2022-05-24,plant,Lettuce,Salanova,Premier Collection,LT1,189,0,,1,43.18839207683708,-77.36601769924164
2850,2022-05-25,plant,Cucumbers,Slicer Cuke,Marketmore 76,5.5,27,0,,209,43.18839207683708,-77.36601769924164
2851,2022-05-25,plant,Squash,Zucchini,Golden Glory,5.5,27,0,,337,43.18839207683708,-77.36601769924164
2852,2022-05-25,plant,Squash,Zucchini,Spineless Perfection,SQ1,12,0,,48,43.18839207683708,-77.36601769924164
2853,2022-05-25,plant,Squash,Zucchini,Desert,SQ1,20,0,,335,43.18839207683708,-77.36601769924164
2854,2022-05-26,plant,Corn,Sweet Corn,Solstice,CN1,1000,0,,334,43.18839207683708,-77.36601769924164
2855,2022-05-27,sow,Pumpkins,Pumpkins,OSC 8878,GH 2,144,0,"benchmark, 2 per cell",166,43.18839207683708,-77.36601769924164
2856,2022-05-27,sow,Pumpkin,Pumpkin,Dynasty,GH 2,42,0,2 seeds per cell,309,43.18839207683708,-77.36601769924164
2857,2022-05-27,sow,Squash,Winter Squash,Spaghetti Squash,GH 2,72,0,,134,43.18839207683708,-77.36601769924164
2858,2022-05-27,sow,Squash,Winter Squash,Sugarbush,WSQ1,72,0,,132,43.18839207683708,-77.36601769924164
2859,2022-05-27,sow,Squash,Winter Squash,Butterfly,GH 2,24,0,Not butterfly. Havana,222,43.18839207683708,-77.36601769924164
2860,2022-05-29,plant,Peppers,Bell Peppers,Revolution,PP1,46,0,,216,43.18839207683708,-77.36601769924164
2861,2022-05-29,plant,Peppers,Bell Peppers,Jupiter,PP1,31,0,,296,43.18839207683708,-77.36601769924164
2862,2022-05-29,plant,Eggplant,Purple Eggplant,A-1014,EP1,59,0,,317,43.18839207683708,-77.36601769924164
2863,2022-05-29,plant,Tomatoes,Slicer Tomatoes,Mountain Fresh Plus,TM1,19,0,,142,43.18839207683708,-77.36601769924164
2864,2022-05-29,plant,Tomatoes,Plum Tomatoes,Plum Regal,TM1,24,0,,338,43.18839207683708,-77.36601769924164
2865,2022-05-29,plant,Peppers,Hot Peppers,Red Ember,PP1,12,0,,298,43.18839207683708,-77.36601769924164
2866,2022-05-29,plant,Peppers,Specialty Peppers,Shishito,PP1,14,0,,318,43.18839207683708,-77.36601769924164
2867,2022-05-29,plant,Peppers,Hot Peppers,Jalafuego,PP1,14,0,,45,43.18839207683708,-77.36601769924164
2868,2022-05-29,plant,Peppers,Hot Peppers,Helios,PP1,22,0,,313,43.18839207683708,-77.36601769924164
2869,2022-06-04,plant,Corn,Sweet Corn,Solstice,CN2,1200,0,,334,43.18839207683708,-77.36601769924164
2870,2022-06-06,sow,Beets,Golden Beet,Boldor,BT2,256,0,,315,43.18839207683708,-77.36601769924164
2871,2022-06-06,sow,Beets,Red Beets,Boro,BT2,256,0,,25,43.18839207683708,-77.36601769924164
2872,2022-06-06,sow,Corn,Sweet Corn,Allure,CN3,1920,0,,290,43.18839207683708,-77.36601769924164
2873,2022-06-07,sow,Radishes,Radishes,Sora,RA 1,1500,0,,286,43.18839207683708,-77.36601769924164
2874,2022-06-08,plant,Squash,Winter Squash,Butterfly,Wsq 1,42,0,,222,43.18839207683708,-77.36601769924164
2875,2022-06-08,plant,Squash,Winter Squash,Butterscotch PMR,WSQ 1,42,0,,125,43.18839207683708,-77.36601769924164
2876,2022-06-08,plant,Squash,Winter,Honey boat,WSQ 1,39,0,,267,43.18839207683708,-77.36601769924164
2877,2022-06-11,plant,Squash,Winter Squash,Spaghetti Squash,WSQ 1,40,0,,134,43.18839207683708,-77.36601769924164
2878,2022-06-11,plant,Squash,Winter Squash,Sugarbush,WSQ1,57,0,,132,43.18839207683708,-77.36601769924164
2879,2022-06-11,plant,Squash,Winter Squash,Butterfly,WSQ 1,25,0,Havana full size butternutrn,222,43.18839207683708,-77.36601769924164
2880,2022-06-11,plant,Pumpkins,Pumpkins,OSC 8878,WSQ 1,121,0,Benchmark,166,43.18839207683708,-77.36601769924164
2881,2022-06-11,plant,Pumpkin,Pumpkin,Dynasty,WSQ 1,42,0,,309,43.18839207683708,-77.36601769924164
2882,2022-06-20,plant,Beans,Green Beans,Provider,GB2,750,0,,70,43.18839207683708,-77.36601769924164
2883,2022-06-20,plant,Beans,Yellow Beans,Goldrush,YB2,750,0,,287,43.18839207683708,-77.36601769924164
2885,2022-06-20,sow,Cucumbers,Slicer Cuke,Marketmore 76,GH 2,60,0,2 seeds per cell,209,43.18839207683708,-77.36601769924164
2886,2022-06-20,sow,Cauliflower,Cauliflower,Skywalker,GH 2,128,0,,114,43.18839207683708,-77.36601769924164
2887,2022-06-22,plant,Lettuce,Salanova,Premier Collection,LT2,190,0,,1,43.18839207683708,-77.36601769924164
2888,2022-06-22,plant,Lettuce,Mini Romaine,Xalbadora,LT2,135,0,,321,43.18839207683708,-77.36601769924164
2889,2022-06-22,plant,Lettuce,Mini Romaine,Xalbadora,LT2,135,0,,321,43.18839207683708,-77.36601769924164
2893,2022-06-23,plant,Lettuce,Romaine,DOV,LT2,195,0,,320,43.18839207683708,-77.36601769924164
2894,2022-06-23,plant,Lettuce,Mini Romaine,Breen,LT2,142,0,,9,43.18839207683708,-77.36601769924164
2895,2022-06-26,plant,Carrots,Orange Carrots,YaYa,CAR 2,500,0,,288,43.18839207683708,-77.36601769924164
2896,2022-06-26,plant,Carrots,Orange Carrots,YaYa,CA 2,500,0,,288,43.18839207683708,-77.36601769924164
2897,2022-06-26,plant,Carrots,Orange Carrots,YaYa,CR 2,500,0,,288,43.18839207683708,-77.36601769924164
2898,2022-06-29,plant,Corn,Sweet Corn,Allure,CN3,1400,0,,290,43.18839207683708,-77.36601769924164
2899,2022-07-01,sow,Cabbage,Green Cabbage,Farao,CB2,128,0,,128,43.18839207683708,-77.36601769924164
2900,2022-07-01,sow,Cauliflower,Cauliflower,Skywalker,GH 2,80,0,,114,43.18839207683708,-77.36601769924164
2901,2022-07-01,sow,Kale,Green Kale,Westlandse Winter,GH 2,48,0,,293,43.18839207683708,-77.36601769924164
2902,2022-07-01,sow,Broccoli,Broccoli,Eastern Crown,BR2,128,0,,251,43.18839207683708,-77.36601769924164
2903,2022-07-01,sow,Broccoli,Broccoli,Marathon,BR2,128,0,,300,43.18839207683708,-77.36601769924164
2904,2022-07-01,sow,Romanesco,Romanesco,Veronica,GH 2,128,0,Pontevedre,107,43.18839207683708,-77.36601769924164
2905,2022-07-01,sow,Squash,Zucchini,Golden Glory,GH 2,36,0,2 per cell,337,43.18839207683708,-77.36601769924164
2906,2022-07-01,sow,Squash,Zucchini,Desert,GH 2,36,0,2 seeds per cell,335,43.18839207683708,-77.36601769924164
2907,2022-07-02,sow,Cabbage,Green Cabbage,Caraflex,CB2,110,0,,270,43.18839207683708,-77.36601769924164
2908,2022-07-03,harvest,Broccoli,Broccoli,Eastern Crown,BR 1,27,10,,251,43.18839207683708,-77.36601769924164
2909,2022-07-04,harvest,Broccoli,Broccoli,Eastern Crown,BR1,19,8,,251,43.18839207683708,-77.36601769924164
2910,2022-07-04,harvest,Squash,Zucchini,Spineless Perfection,SQ1,10,5,,48,43.18839207683708,-77.36601769924164
2911,2022-07-05,harvest,Broccoli,Broccoli,Eastern Crown,BR1,16,8,,251,43.18839207683708,-77.36601769924164
2912,2022-07-05,harvest,Lettuce,Mini Romaine,Breen,LT1,12,0,,9,43.18839207683708,-77.36601769924164
2913,2022-07-05,harvest,Lettuce,Mini Romaine,Xalbadora,LT1,12,0,,321,43.18839207683708,-77.36601769924164
2914,2022-07-05,harvest,Lettuce,Salanova,Premier Collection,LT1,31,0,,1,43.18839207683708,-77.36601769924164
2915,2022-07-05,harvest,Lettuce,Romaine,DOV,LT1,6,0,,320,43.18839207683708,-77.36601769924164
2916,2022-07-05,harvest,Squash,Zucchini,Spineless Perfection,SQ1,8,8,,48,43.18839207683708,-77.36601769924164
2917,2022-07-05,harvest,Squash,Zucchini,Desert,SQ1,9,9,,335,43.18839207683708,-77.36601769924164
2918,2022-07-06,harvest,Broccoli,Broccoli,Eastern Crown,BR1,10,5,,251,43.18839207683708,-77.36601769924164
2919,2022-07-06,harvest,Broccoli,Broccoli,Monty,BR1,2,2,,297,43.18839207683708,-77.36601769924164
2920,2022-07-06,harvest,Squash,Zucchini,Golden Glory,SQ1,9,5,,337,43.18839207683708,-77.36601769924164
2921,2022-07-06,harvest,Squash,Zucchini,Spineless Perfection,SQ1,4,4,,48,43.18839207683708,-77.36601769924164
2922,2022-07-06,harvest,Squash,Zucchini,Desert,SQ1,4,4,,335,43.18839207683708,-77.36601769924164
2923,2022-07-08,harvest,Broccoli,Broccoli,Monty,BR1,5,4,,297,43.18839207683708,-77.36601769924164
2924,2022-07-08,harvest,Squash,Zucchini,Golden Glory,SQ1,12,8,,337,43.18839207683708,-77.36601769924164
2925,2022-07-08,harvest,Squash,Zucchini,Desert,SQ1,7,5,,335,43.18839207683708,-77.36601769924164
2926,2022-07-08,harvest,Squash,Zucchini,Spineless Perfection,SQ1,7,7,,48,43.18839207683708,-77.36601769924164
2927,2022-07-08,plant,Cucumbers,Slicer Cuke,Marketmore 76,CU2,20,0,,209,43.18839207683708,-77.36601769924164
2928,2022-07-10,harvest,Squash,Zucchini,Golden Glory,SQ1,9,7,,337,43.18839207683708,-77.36601769924164
2929,2022-07-10,harvest,Squash,Zucchini,Desert,SQ1,4,4,,335,43.18839207683708,-77.36601769924164
2930,2022-07-10,harvest,Squash,Zucchini,Spineless Perfection,SQ1,4,4,,48,43.18839207683708,-77.36601769924164
2931,2022-07-11,harvest,Lettuce,Romaine,DOV,LT1,12,0,,320,43.18839207683708,-77.36601769924164
2932,2022-07-11,harvest,Lettuce,Salanova,Premier Collection,LT1,24,0,,1,43.18839207683708,-77.36601769924164
2933,2022-07-11,harvest,Lettuce,Mini Romaine,Breen,LT1,6,0,,9,43.18839207683708,-77.36601769924164
2934,2022-07-11,harvest,Lettuce,Mini Romaine,Xalbadora,LT1,6,0,,321,43.18839207683708,-77.36601769924164
2935,2022-07-11,harvest,Squash,Zucchini,Desert,SQ1,10,0,,335,43.18839207683708,-77.36601769924164
2936,2022-07-11,harvest,Squash,Zucchini,Golden Glory,SQ1,8,0,,337,43.18839207683708,-77.36601769924164
2937,2022-07-11,harvest,Cucumbers,Slicer Cuke,Marketmore 76,CU1,7,0,,209,43.18839207683708,-77.36601769924164
2938,2022-07-11,harvest,Beets,Red Beets,Boro,BT1,3,0,Bunches 4-6,25,43.18839207683708,-77.36601769924164
2939,2022-07-11,harvest,Beets,Golden Beet,Boldor,BT1,4,0,Bunches 4-6,315,43.18839207683708,-77.36601769924164
2940,2022-07-11,harvest,Kale,Green Kale,Starbor,5.1,5,0,Bunches ,214,43.18839207683708,-77.36601769924164
2941,2022-07-11,harvest,Broccoli,Broccoli,Monty,BR1,6,0,,297,43.18839207683708,-77.36601769924164
2942,2022-07-11,harvest,Cabbage,Green Cabbage,Farao,CB1,6,0,,128,43.18839207683708,-77.36601769924164
2943,2022-07-13,harvest,Cabbage,Green Cabbage,Farao,CB1,4,6,,128,43.18839207683708,-77.36601769924164
2944,2022-07-13,harvest,Cucumbers,Slicer Cuke,Marketmore 76,5.5,16,0,,209,43.18839207683708,-77.36601769924164
2945,2022-07-13,harvest,Lettuce,Salanova,Premier Collection,LT1,16,0,,1,43.18839207683708,-77.36601769924164
2946,2022-07-13,harvest,Lettuce,Mini Romaine,Breen,LT1,8,0,,9,43.18839207683708,-77.36601769924164
2947,2022-07-13,harvest,Lettuce,Mini Romaine,Xalbadora,LT1,4,0,,321,43.18839207683708,-77.36601769924164
2948,2022-07-13,harvest,Lettuce,Romaine,DOV,LT1,26,0,,320,43.18839207683708,-77.36601769924164
2949,2022-07-13,harvest,Eggplant,Purple Eggplant,A-1014,EP1,4,0,,317,43.18839207683708,-77.36601769924164
2950,2022-07-13,harvest,Squash,Zucchini,Golden Glory,SQ1,24,0,,337,43.18839207683708,-77.36601769924164
2951,2022-07-13,harvest,Squash,Zucchini,Spineless Perfection,SQ1,8,0,,48,43.18839207683708,-77.36601769924164
2952,2022-07-13,harvest,Squash,Zucchini,Desert,SQ1,6,0,,335,43.18839207683708,-77.36601769924164
2959,2022-07-16,harvest,Cucumbers,Slicer Cuke,Marketmore 76,CU1,12,0,,209,43.18839207683708,-77.36601769924164
2965,2022-07-16,harvest,Lettuce,Mini Romaine,Breen,LT1,2,0,,9,43.18839207683708,-77.36601769924164
2966,2022-07-16,harvest,Lettuce,Mini Romaine,Xalbadora,LT1,4,0,,321,43.18839207683708,-77.36601769924164
2960,2022-07-17,harvest,Eggplant,Purple Eggplant,A-1014,EP1,12,0,,317,43.18839207683708,-77.36601769924164
2953,2022-07-18,harvest,Beans,Yellow Beans,Goldrush,5.1,18,18,,287,43.18839207683708,-77.36601769924164
2954,2022-07-18,harvest,Beans,Green Beans,Provider,5.1,18,18,,70,43.18839207683708,-77.36601769924164
2955,2022-07-18,harvest,Lettuce,Romaine,DOV,LT1,12,16,,320,43.18839207683708,-77.36601769924164
2956,2022-07-18,harvest,Cabbage,Green Cabbage,Caraflex,CB1,6,0,,270,43.18839207683708,-77.36601769924164
2957,2022-07-18,harvest,Cabbage,Green Cabbage,Farao,CB1,6,0,,128,43.18839207683708,-77.36601769924164
2958,2022-07-18,harvest,Cucumbers,Slicer Cuke,Marketmore 76,CU1,20,0,,209,43.18839207683708,-77.36601769924164
2961,2022-07-18,harvest,Squash,Zucchini,Golden Glory,SQ1,24,0,,337,43.18839207683708,-77.36601769924164
2962,2022-07-18,harvest,Squash,Zucchini,Spineless Perfection,SQ1,10,0,,48,43.18839207683708,-77.36601769924164
2963,2022-07-18,harvest,Lettuce,Mini Romaine,Breen,LT1,16,0,,9,43.18839207683708,-77.36601769924164
2964,2022-07-18,harvest,Lettuce,Mini Romaine,Xalbadora,LT1,12,0,,321,43.18839207683708,-77.36601769924164
2967,2022-07-19,harvest,Beets,Golden Beet,Boldor,5.1,6,6,Bunches,315,43.18839207683708,-77.36601769924164
2968,2022-07-19,harvest,Beets,Red Beets,Boro,5.1,3,5,Bunches,25,43.18839207683708,-77.36601769924164
2969,2022-07-19,harvest,Lettuce,Romaine,DOV,LT1,10,12,,320,43.18839207683708,-77.36601769924164
2970,2022-07-19,harvest,Kale,Green Kale,Starbor,5.1,7,6,Bunches,214,43.18839207683708,-77.36601769924164
2975,2022-07-20,harvest,Cucumbers,Slicer Cuke,Marketmore 76,5.5,12,12,,209,43.18839207683708,-77.36601769924164
2976,2022-07-20,harvest,Eggplant,Purple Eggplant,A-1014,5.5,10,12,,317,43.18839207683708,-77.36601769924164
2977,2022-07-20,harvest,Lettuce,Romaine,DOV,LT1,20,25,,320,43.18839207683708,-77.36601769924164
2978,2022-07-20,harvest,Squash,Zucchini,Desert,SQ1,12,15,,335,43.18839207683708,-77.36601769924164
2979,2022-07-20,harvest,Squash,Zucchini,Golden Glory,SQ1,6,6,,337,43.18839207683708,-77.36601769924164
2971,2022-07-21,plant,Beets,Golden Beet,Boldor,BT2,150,0,,315,43.18839207683708,-77.36601769924164
2972,2022-07-21,plant,Beets,Red Beets,Boro,BT2,150,0,,25,43.18839207683708,-77.36601769924164
2973,2022-07-21,plant,Squash,Zucchini,Golden Glory,SQ2,18,0,3 or 4 in a hill,337,43.18839207683708,-77.36601769924164
2974,2022-07-21,sow,Squash,Zucchini,Desert,SQ2,18,0,3 or 4 in a hill,335,43.18839207683708,-77.36601769924164
2980,2022-07-23,harvest,Beans,Yellow Beans,Goldrush,BN1,15,15,,287,43.18839207683708,-77.36601769924164
2981,2022-07-23,harvest,Eggplant,Purple Eggplant,A-1014,EP1,6,0,,317,43.18839207683708,-77.36601769924164
2982,2022-07-23,harvest,Cucumbers,Slicer Cuke,Marketmore 76,CU1,12,0,,209,43.18839207683708,-77.36601769924164
2983,2022-07-23,harvest,Squash,Zucchini,Desert,SQ1,10,0,,335,43.18839207683708,-77.36601769924164
2984,2022-07-23,harvest,Squash,Zucchini,Golden Glory,SQ1,5,0,,337,43.18839207683708,-77.36601769924164
2985,2022-07-23,harvest,Cabbage,Green Cabbage,Farao,CB1,9,0,,128,43.18839207683708,-77.36601769924164
3008,2022-07-25,harvest,Beans,Yellow Beans,Goldrush,YB1,20,0,,287,43.18839207683708,-77.36601769924164
3010,2022-07-25,harvest,Beans,Green Beans,Provider,GB1,12,12,,70,43.18839207683708,-77.36601769924164
2986,2022-07-26,sow,Lettuce,Romaine,DOV,LT3,256,0,,320,43.18839207683708,-77.36601769924164
2987,2022-07-26,sow,Lettuce,Salanova,Premier Collection,LT3,200,0,,1,43.18839207683708,-77.36601769924164
2988,2022-07-26,sow,Lettuce,Mini Romaine,Breen,LT3,100,0,,9,43.18839207683708,-77.36601769924164
2989,2022-07-26,sow,Lettuce,Mini Romaine,Dragoon,LT3,100,0,,8,43.18839207683708,-77.36601769924164
3001,2022-07-26,harvest,Cabbage,Green Cabbage,Caraflex,CB1,6,0,,270,43.18839207683708,-77.36601769924164
2990,2022-07-27,harvest,Cabbage,Green Cabbage,Farao,CB1,14,25,,128,43.18839207683708,-77.36601769924164
3011,2022-07-30,harvest,Potatoes,Red Potatoes,Chieftan,PT1,50,50,,217,43.18839207683708,-77.36601769924164
3012,2022-07-30,harvest,Potatoes,Yellow Potatoes,Yukon Gem,PT1,15,15,,336,43.18839207683708,-77.36601769924164
2991,2022-07-31,plant,Broccoli,Broccoli,Marathon,BR2,60,0,,300,43.18839207683708,-77.36601769924164
2992,2022-07-31,plant,Broccoli,Broccoli,Eastern Crown,BR2,60,0,,251,43.18839207683708,-77.36601769924164
2993,2022-07-31,plant,Cauliflower,Cauliflower,Skywalker,CA2,45,0,,114,43.18839207683708,-77.36601769924164
2994,2022-07-31,plant,Cabbage,Green Cabbage,Farao,CB2,50,0,,128,43.18839207683708,-77.36601769924164
2995,2022-07-31,plant,Cabbage,Green Cabbage,Caraflex,CB2,50,0,,270,43.18839207683708,-77.36601769924164
2996,2022-07-31,plant,Kale,Green Kale,Westlandse Winter,KA2,20,0,,293,43.18839207683708,-77.36601769924164
2998,2022-07-31,harvest,Cauliflower,Cauliflower,Twister,CAU1,11,0,,319,43.18839207683708,-77.36601769924164
2997,2022-08-01,harvest,Corn,Sweet Corn,Solstice,Co 1,216,0,,334,43.18839207683708,-77.36601769924164
2999,2022-08-01,harvest,Eggplant,Purple Eggplant,A-1014,EP1,12,0,,317,43.18839207683708,-77.36601769924164
3000,2022-08-01,harvest,Cabbage,Green Cabbage,Farao,CB1,12,0,,128,43.18839207683708,-77.36601769924164
3002,2022-08-06,harvest,Corn,Sweet Corn,Solstice,Co 2,30,0,30 dozen,334,43.18839207683708,-77.36601769924164
3032,2022-08-08,harvest,Carrots,Orange Carrots,YaYa,CAR 1,8,8,Bunches,288,43.18839207683708,-77.36601769924164
3003,2022-08-11,sow,Lettuce,Romaine,DOV,LT4,256,0,,320,43.18839207683708,-77.36601769924164
3004,2022-08-11,sow,Lettuce,Salanova,Premier Collection,LT4,200,0,,1,43.18839207683708,-77.36601769924164
3005,2022-08-11,sow,Lettuce,Mini Romaine,Breen,LT4,100,0,,9,43.18839207683708,-77.36601769924164
3006,2022-08-11,sow,Lettuce,Mini Romaine,Dragoon,LT4,100,0,,8,43.18839207683708,-77.36601769924164
3013,2022-08-14,harvest,Potatoes,Yellow Potatoes,Yukon Gem,PT1,30,30,,336,43.18839207683708,-77.36601769924164
3014,2022-08-14,harvest,Potatoes,Red Potatoes,Chieftan,PT1,60,60,,217,43.18839207683708,-77.36601769924164
3031,2022-08-15,harvest,Carrots,Orange Carrots,YaYa,CAR 1,12,12,Bunches,288,43.18839207683708,-77.36601769924164
3007,2022-08-19,harvest,Beans,Yellow Beans,Goldrush,BE2,15,15,,287,43.18839207683708,-77.36601769924164
3009,2022-08-19,harvest,Beans,Green Beans,Provider,GB2,12,12,,70,43.18839207683708,-77.36601769924164
3017,2022-08-20,harvest,Squash,Zucchini,Spineless Perfection,SQ1,10,12,,48,43.18839207683708,-77.36601769924164
3015,2022-08-21,harvest,Cucumbers,Slicer Cuke,Marketmore 76,CU2,20,20,,209,43.18839207683708,-77.36601769924164
3016,2022-08-21,harvest,Squash,Zucchini,Desert,SQ2,10,10,,335,43.18839207683708,-77.36601769924164
3018,2022-08-21,plant,Lettuce,Salanova,Premier Collection,LT3,186,0,,1,43.18839207683708,-77.36601769924164
3019,2022-08-21,plant,Lettuce,Mini Romaine,Breen,LT3,68,0,,9,43.18839207683708,-77.36601769924164
3020,2022-08-21,plant,Lettuce,Mini Romaine,Dragoon,LT3,82,0,,8,43.18839207683708,-77.36601769924164
3021,2022-08-21,plant,Lettuce,Romaine,DOV,LT3,206,0,,320,43.18839207683708,-77.36601769924164
3030,2022-08-22,harvest,Carrots,Orange Carrots,YaYa,CAR 1,13,13,Bunches,288,43.18839207683708,-77.36601769924164
3022,2022-08-25,harvest,Potatoes,Red Potatoes,Chieftan,PT1,150,150,,217,43.18839207683708,-77.36601769924164
3023,2022-08-25,harvest,Potatoes,White Potatoes,Kennebec,PT1,147,147,,37,43.18839207683708,-77.36601769924164
3024,2022-08-25,harvest,Potatoes,Russet Potatoes,Goldrush,PT1,110,110,,305,43.18839207683708,-77.36601769924164
3025,2022-08-26,harvest,Potatoes,Yellow Potatoes,Yukon Gem,PT1,58,58,,336,43.18839207683708,-77.36601769924164
3026,2022-08-26,harvest,Beans,Yellow Beans,Goldrush,YB2,10,10,,287,43.18839207683708,-77.36601769924164
3027,2022-08-26,harvest,Beans,Green Beans,Provider,GB2,8,8,,70,43.18839207683708,-77.36601769924164
3028,2022-08-29,harvest,Corn,Sweet Corn,Allure,CO 3,84,0,,290,43.18839207683708,-77.36601769924164
3029,2022-08-29,harvest,Carrots,Orange Carrots,YaYa,CAR 1,6,6,Bunches,288,43.18839207683708,-77.36601769924164
3033,2022-08-29,harvest,Cucumbers,Slicer Cuke,Marketmore 76,CU2,25,25,,209,43.18839207683708,-77.36601769924164
3041,2022-09-02,harvest,Squash,Winter Squash,Spaghetti Squash,SQ1,150,150,,134,43.18839207683708,-77.36601769924164
3042,2022-09-02,harvest,Squash,Winter Squash,Sugarbush,SQ1,50,50,,132,43.18839207683708,-77.36601769924164
3043,2022-09-02,harvest,Squash,Winter,Honey boat,SQ1,50,50,,267,43.18839207683708,-77.36601769924164
3057,2022-09-03,harvest,Pumpkins,Pumpkins,Dynasty,WSQ1,20,0,,308,43.18839207683708,-77.36601769924164
3058,2022-09-07,harvest,Pumpkins,Pumpkins,OSC 8878,WSQ 1,50,0,,166,43.18839207683708,-77.36601769924164
3034,2022-09-08,plant,Lettuce,Romaine,DOV,LT4,120,0,,320,43.18839207683708,-77.36601769924164
3035,2022-09-08,plant,Lettuce,Mini Romaine,Dragoon,LT4,66,0,,8,43.18839207683708,-77.36601769924164
3036,2022-09-08,plant,Lettuce,Mini Romaine,Breen,LT4,45,0,,9,43.18839207683708,-77.36601769924164
3037,2022-09-08,plant,Lettuce,Salanova,Premier Collection,LT4,100,0,,1,43.18839207683708,-77.36601769924164
3038,2022-09-11,harvest,Cucumbers,Slicer Cuke,Marketmore 76,CU2,35,30,,209,43.18839207683708,-77.36601769924164
3039,2022-09-11,harvest,Squash,Zucchini,Desert,SQ2,25,25,,335,43.18839207683708,-77.36601769924164
3040,2022-09-11,harvest,Squash,Zucchini,Golden Glory,SQ2,15,15,,337,43.18839207683708,-77.36601769924164
3044,2022-09-11,harvest,Squash,Winter Squash,Butterscotch PMR,SQ1,50,50,,125,43.18839207683708,-77.36601769924164
3045,2022-09-11,harvest,Squash,Winter Squash,Butterfly,SQ1,150,150,Havana,222,43.18839207683708,-77.36601769924164
3059,2022-09-13,harvest,Pumpkins,Pumpkins,Dynasty,WSQ1,10,0,,308,43.18839207683708,-77.36601769924164
3046,2022-09-18,harvest,Cucumbers,Slicer Cuke,Marketmore 76,CU2,20,20,,209,43.18839207683708,-77.36601769924164
3047,2022-09-18,harvest,Squash,Zucchini,Desert,SQ2,18,18,,335,43.18839207683708,-77.36601769924164
3048,2022-09-18,harvest,Squash,Zucchini,Goldmine,SQ2,15,15,,301,43.18839207683708,-77.36601769924164
3049,2022-09-18,harvest,Squash,Winter Squash,Sugarbush,SQ1,15,22,,132,43.18839207683708,-77.36601769924164
3052,2022-09-18,harvest,Beans,Green Beans,Provider,BN2,22,22,,70,43.18839207683708,-77.36601769924164
3053,2022-09-18,harvest,Beans,Yellow Beans,Goldrush,YB2,12,12,,287,43.18839207683708,-77.36601769924164
3055,2022-09-21,harvest,Squash,Winter,Honey boat,SQ1,35,35,,267,43.18839207683708,-77.36601769924164
3054,2022-09-24,harvest,Squash,Winter Squash,Sugarbush,SQ1,35,35,,132,43.18839207683708,-77.36601769924164
3056,2022-09-24,harvest,Squash,Winter Squash,Spaghetti Squash,SQ1,20,20,,134,43.18839207683708,-77.36601769924164
3060,2022-09-24,harvest,Pumpkins,Pumpkins,Dynasty,WSQ1,42,0,,308,43.18839207683708,-77.36601769924164
3061,2022-09-24,harvest,Pumpkins,Pumpkins,OSC 8878,WSQ1,90,0,,166,43.18839207683708,-77.36601769924164
3050,2022-09-25,harvest,Beans,Yellow Beans,Goldrush,YB2,22,22,,287,43.18839207683708,-77.36601769924164
3051,2022-09-25,harvest,Beans,Green Beans,Provider,GB2,12,12,,70,43.18839207683708,-77.36601769924164
3062,2022-10-03,plant,Cover Crop,Triticale,Triticale,CC1,250,0,,342,43.18839207683708,-77.36601769924164
3063,2022-10-10,harvest,Broccoli,Broccoli,Eastern Crown,BR2,7,0,,251,43.18839207683708,-77.36601769924164
3064,2022-10-10,harvest,Squash,Zucchini,Desert,SQ2,5,0,,335,43.18839207683708,-77.36601769924164
3065,2022-10-10,harvest,Squash,Zucchini,Golden Glory,SQ2,12,0,,337,43.18839207683708,-77.36601769924164
3066,2022-10-10,harvest,Cabbage,Green Cabbage,Farao,CB2,5,0,,128,43.18839207683708,-77.36601769924164
3067,2022-11-07,harvest,Broccoli,Broccoli,Marathon,BR2,25,0,,300,43.18839207683708,-77.36601769924164
3068,2023-02-19,sow,Asparagus,Green Asparagus,Millenium,ASP1,216,0,Planted seeds,343,43.18839207683708,-77.36601769924164
3069,2023-03-05,sow,Onions,Red Onions,Red Wing,ONR1,1000,0,,138,43.18839207683708,-77.36601769924164
3070,2023-03-05,sow,Onions,Yellow Onions,Cortland,ONY1,1000,0,,33,43.18839207683708,-77.36601769924164
3071,2023-03-05,sow,Onions,Sweet Onions,Walla Walla,ONS1,1000,0,,32,43.18839207683708,-77.36601769924164
3072,2023-03-12,sow,Tomatoes,Slicer Tomatoes,Sunny Boy,TOS1,25,0,,311,43.18839207683708,-77.36601769924164
3073,2023-03-19,sow,Cabbage,Green Cabbage,Farao,CAB1,256,0,,128,43.18839207683708,-77.36601769924164
3074,2023-03-19,sow,Peppers,Hot Peppers,Helios,PEH1,24,0,,313,43.18839207683708,-77.36601769924164
3075,2023-03-19,sow,Peppers,Hot Peppers,Red Flame,PEH1,48,0,,271,43.18839207683708,-77.36601769924164
3076,2023-03-19,sow,Tomatoes,Cherry Tomatoes,Cherry Bomb,TOC1,25,0,,225,43.18839207683708,-77.36601769924164
3077,2023-03-19,sow,Tomatoes,Cherry Tomatoes,Esterina,TOC1,25,0,,68,43.18839207683708,-77.36601769924164
3078,2023-03-19,sow,Tomatoes,Cherry Tomatoes,Toronjina,TOC1,25,0,,316,43.18839207683708,-77.36601769924164
3079,2023-03-19,sow,Tomatoes,Slicer Tomatoes,Celebrity,TOS1,50,0,,66,43.18839207683708,-77.36601769924164
3080,2023-03-19,sow,Tomatoes,Slicer Tomatoes,Roadster,TOS1,50,0,,312,43.18839207683708,-77.36601769924164
3081,2023-03-26,sow,Broccoli,Broccoli,Monty,BRO1,256,0,,297,43.18839207683708,-77.36601769924164
3082,2023-03-26,sow,Peppers,Mini Peppers,Lunchbox,PEM1,50,0,,136,43.18839207683708,-77.36601769924164
3083,2023-03-26,sow,Eggplant,Purple Eggplant,Gaudi,EGG1,72,0,,345,43.18839207683708,-77.36601769924164
3084,2023-03-26,sow,Peppers,Bell Peppers,Sprinter,PES1,72,0,,344,43.18839207683708,-77.36601769924164
3085,2023-03-27,sow,Beets,Golden Beet,Boldor,BEG1,384,0,2 seeds per cell,315,43.18839207683708,-77.36601769924164
3086,2023-03-27,sow,Beets,Red Beets,Boro,BER1,384,0,2 seeds per cell,25,43.18839207683708,-77.36601769924164
3087,2023-04-02,sow,Cauliflower,Cauliflower,Early Snow,CAU1,256,0,,346,43.18839207683708,-77.36601769924164
3088,2023-04-02,sow,Peppers,Bell Peppers,Revolution,PES1,72,0,,216,43.18839207683708,-77.36601769924164
3089,2023-04-02,sow,Peppers,Hot Peppers,Jalafuego,PEH1,25,0,,45,43.18839207683708,-77.36601769924164
3090,2023-04-02,sow,Tomatoes,Plum Tomatoes,Plum Regal,TOP1,25,0,,338,43.18839207683708,-77.36601769924164
3091,2023-04-02,sow,Tomatoes,Slicer Tomatoes,Mountain Fresh Plus,TOS1,100,0,,142,43.18839207683708,-77.36601769924164
3092,2023-04-12,sow,Lettuce,Green Leaf,Tropicana,LTG1,3400,0,,3,43.18839207683708,-77.36601769924164
3093,2023-04-12,sow,Lettuce,Red Leaf,New Red Fire,LTRL1,200,0,,76,43.18839207683708,-77.36601769924164
3094,2023-04-12,sow,Lettuce,Romaine,DOV,LTR1,200,0,,320,43.18839207683708,-77.36601769924164
3095,2023-04-26,sow,Corn,Sweet Corn,Solstice,CRN1,2560,0,,334,43.18839207683708,-77.36601769924164
3096,2023-04-27,sow,Lettuce,Salanova,Premier Collection,LT1,200,0,,1,43.18839207683708,-77.36601769924164
3097,2023-04-28,plant,Potatoes,Red Potatoes,Norlands,POR1,35,0,,36,43.18839207683708,-77.36601769924164
3098,2023-04-28,plant,Potatoes,White Potatoes,Kennebec,POW1,35,0,,37,43.18839207683708,-77.36601769924164
3099,2023-05-07,sow,Potatoes,Yellow Potatoes,Lehigh,POY1,20,0,,283,43.18839207683708,-77.36601769924164
3100,2023-05-07,sow,Potatoes,Russet Potatoes,Caribou Russet ,PORU1,20,0,,282,43.18839207683708,-77.36601769924164
3101,2023-05-07,sow,Potatoes,Russet Potatoes,Goldrush,PORU1,10,0,,305,43.18839207683708,-77.36601769924164
3104,2023-05-07,plant,Potatoes,Red Potatoes,Red Maria,PO1,20,0,,349,43.18839207683708,-77.36601769924164
3102,2023-05-08,plant,Broccoli,Broccoli,Monty,BRO1,236,0,,297,43.18839207683708,-77.36601769924164
3103,2023-05-08,plant,Cabbage,Green Cabbage,Farao,CAB1,216,0,,128,43.18839207683708,-77.36601769924164
3105,2023-05-09,sow,Cucumbers,Slicer Cuke,Marketmore 76,CU1,50,0,3 seeds per cell,209,43.18839207683708,-77.36601769924164
3106,2023-05-13,plant,Eggplant,Purple Eggplant,Gaudi,EGG1,69,0,,345,43.18839207683708,-77.36601769924164
3107,2023-05-13,plant,Peppers,Hot Peppers,Red Flame,PEH1,12,0,,271,43.18839207683708,-77.36601769924164
3108,2023-05-13,plant,Peppers,Hot Peppers,Helios,PEH1,12,0,,313,43.18839207683708,-77.36601769924164
3109,2023-05-13,plant,Peppers,Bell Peppers,Sprinter,PES1,50,0,,344,43.18839207683708,-77.36601769924164
3110,2023-05-13,plant,Peppers,Mini Peppers,Lunchbox,PEM1,33,0,,136,43.18839207683708,-77.36601769924164
3111,2023-05-13,plant,Tomatoes,Slicer Tomatoes,Celebrity,TOS1,36,0,,66,43.18839207683708,-77.36601769924164
3112,2023-05-13,plant,Tomatoes,Slicer Tomatoes,Roadster,TOS1,44,0,,312,43.18839207683708,-77.36601769924164
3113,2023-05-13,plant,Tomatoes,Slicer Tomatoes,Sunny Boy,TOS1,16,0,,311,43.18839207683708,-77.36601769924164
3114,2023-05-13,plant,Tomatoes,Cherry Tomatoes,Cherry Bomb,TOC1,12,0,,225,43.18839207683708,-77.36601769924164
3115,2023-05-13,plant,Tomatoes,Cherry Tomatoes,Toronjina,TOC1,12,0,,316,43.18839207683708,-77.36601769924164
3116,2023-05-13,plant,Tomatoes,Cherry Tomatoes,Esterina,TOC1,12,0,,68,43.18839207683708,-77.36601769924164
3117,2023-05-14,sow,Cabbage,Green Cabbage,Capture,CA2,256,0,,269,43.18839207683708,-77.36601769924164
3118,2023-05-14,sow,Kale,Green Kale,Starbor,KA1,128,0,,214,43.18839207683708,-77.36601769924164
3119,2023-05-14,sow,Lettuce,Green Leaf,Tropicana,LT2,200,0,,3,43.18839207683708,-77.36601769924164
3120,2023-05-14,sow,Lettuce,Red Leaf,New Red Fire,LT2,200,0,,76,43.18839207683708,-77.36601769924164
3121,2023-05-14,sow,Lettuce,Romaine,Bluespark,LT2,200,0,,350,43.18839207683708,-77.36601769924164
3122,2023-05-14,sow,Lettuce,Salanova,Premier Collection,LT2,200,0,,1,43.18839207683708,-77.36601769924164
3123,2023-05-16,sow,Pumpkins,Pumpkins,OSC 8880,PU1,300,0,,165,43.18839207683708,-77.36601769924164
3124,2023-05-16,sow,Pumpkins,Pumpkins,OSC 8878,PU1,228,0,,166,43.18839207683708,-77.36601769924164
3125,2023-05-16,sow,Pumpkins,Ornamental,Ornamental,PU1,156,0,,341,43.18839207683708,-77.36601769924164
3126,2023-05-16,sow,Pumpkins,Gourds,Gourds,GO1,66,0,,340,43.18839207683708,-77.36601769924164
3139,2023-05-17,plant,Onions,Red Onions,Red Wing,ON1,250,0,,138,43.18839207683708,-77.36601769924164
3140,2023-05-17,plant,Onions,Sweet Onions,Walla Walla,ON1,250,0,,32,43.18839207683708,-77.36601769924164
3141,2023-05-17,plant,Onions,Yellow Onions,Cortland,ON1,250,0,,33,43.18839207683708,-77.36601769924164
3127,2023-05-18,sow,Melons,Cantaloupe,Athena,ME1,48,0,2 per cell,124,43.18839207683708,-77.36601769924164
3128,2023-05-18,sow,Squash,Zucchini,Golden Glory,ZU1,42,0,2 per cell,337,43.18839207683708,-77.36601769924164
3129,2023-05-18,sow,Squash,Zucchini,Spineless Perfection,ZU1,48,0,2 per cell,48,43.18839207683708,-77.36601769924164
3130,2023-05-22,plant,Corn,Sweet Corn,Solstice,CRN1,2200,0,,334,43.18839207683708,-77.36601769924164
3131,2023-05-23,plant,Lettuce,Green Leaf,Tropicana,LTG1,150,0,,3,43.18839207683708,-77.36601769924164
3132,2023-05-23,plant,Lettuce,Red Leaf,New Red Fire,LTRL1,180,0,,76,43.18839207683708,-77.36601769924164
3133,2023-05-23,plant,Lettuce,Romaine,DOV,LTR1,132,0,,320,43.18839207683708,-77.36601769924164
3134,2023-05-26,sow,Squash,Winter Squash,Spaghetti Squash,WSQ 1,72,0,2 seeds per cell,134,43.18839207683708,-77.36601769924164
3135,2023-05-26,sow,Squash,Winter Squash,Butterscotch PMR,WSQ 1,72,0,2 seeds per cell,125,43.18839207683708,-77.36601769924164
3136,2023-05-26,sow,Squash,Winter,Tip Top,WSQ 1,50,0,2 seeds per cell,302,43.18839207683708,-77.36601769924164
3137,2023-05-26,sow,Squash,Winter,Honey boat,WSQ 1,72,0,2 seeds per cell,267,43.18839207683708,-77.36601769924164
3138,2023-05-26,sow,Squash,Winter Squash ,Havana,WSQ 1,72,0,2 seeds per cell,351,43.18839207683708,-77.36601769924164
3142,2023-05-27,sow,Beans,Green Beans,Provider,BN1,750,0,,70,43.18839207683708,-77.36601769924164
3143,2023-05-27,sow,Beans,Yellow Beans,Goldrush,BN1,750,0,,287,43.18839207683708,-77.36601769924164
3144,2023-05-30,sow,Cauliflower,Cauliflower,Twister,CAU2,256,0,,319,43.18839207683708,-77.36601769924164
3145,2023-05-30,plant,Cucumbers,Slicer Cuke,Marketmore 76,CU1,35,0,"19 on plastic, 16 bare soil",209,43.18839207683708,-77.36601769924164
3146,2023-05-30,plant,Squash,Zucchini,Golden Glory,SQ1,19,0,,337,43.18839207683708,-77.36601769924164
3147,2023-05-30,plant,Squash,Zucchini,Spineless Perfection,SQ1,27,0,,48,43.18839207683708,-77.36601769924164
3148,2023-05-30,plant,Cauliflower,Cauliflower,Early Snow,CAU1,103,0,,346,43.18839207683708,-77.36601769924164
3149,2023-05-31,plant,Pumpkins,Pumpkins,OSC 8880,PU1,108,0,,165,43.18839207683708,-77.36601769924164
3150,2023-05-31,plant,Pumpkins,Pumpkins,OSC 8878,PU1,110,0,,166,43.18839207683708,-77.36601769924164
3151,2023-06-01,sow,Beets,Golden Beet,Boldor,BE2,1000,0,Field plant with Jang,315,43.18839207683708,-77.36601769924164
3152,2023-06-01,sow,Beets,Red Beets,Boro,BER2,1000,0,Field plant with yang,25,43.18839207683708,-77.36601769924164
3153,2023-06-01,sow,Carrots,Orange Carrots,Sugarsnax 54,CAR 1,2000,0,,204,43.18839207683708,-77.36601769924164
3154,2023-06-01,sow,Radishes,Radishes,Sora,RA 1,1000,0,,286,43.18839207683708,-77.36601769924164
3155,2023-06-03,sow,Corn,Sweet Corn,Solstice,CRN2,1800,0,Field planted,334,43.18839207683708,-77.36601769924164
3156,2023-06-11,sow,Corn,Sweet Corn,Natural Sweet,CRN3,1250,0,,291,43.18839207683708,-77.36601769924164
3174,2023-06-13,plant,Lettuce,Salanova,Premier Collection,LT1,165,0,,1,43.18839207683708,-77.36601769924164
3157,2023-06-14,sow,Cabbage,Green Cabbage,Capture,CA3,256,0,,269,43.18839207683708,-77.36601769924164
3158,2023-06-14,sow,Broccoli,Broccoli,Marathon,BR2,256,0,,300,43.18839207683708,-77.36601769924164
3159,2023-06-14,sow,Cauliflower,Cauliflower,Skywalker,CAU3,250,0,,114,43.18839207683708,-77.36601769924164
3160,2023-06-14,sow,Cauliflower,Cauliflower,Skywalker,CF3,250,0,,114,43.18839207683708,-77.36601769924164
3161,2023-06-15,plant,Squash,Winter Squash ,Havana,SQ1,47,0,,351,43.18839207683708,-77.36601769924164
3162,2023-06-15,plant,Squash,Winter Squash,Spaghetti Squash,SQ1,53,0,,134,43.18839207683708,-77.36601769924164
3163,2023-06-15,plant,Squash,Winter Squash,Butterfly,SQ1,42,0,,222,43.18839207683708,-77.36601769924164
3164,2023-06-15,plant,Squash,Winter,Honey boat,SQ1,47,0,,267,43.18839207683708,-77.36601769924164
3165,2023-06-15,plant,Squash,Winter,Tip Top,SQ1,35,0,,302,43.18839207683708,-77.36601769924164
3166,2023-06-15,plant,Melons,Cantaloupe,Athena,ME1,36,0,,124,43.18839207683708,-77.36601769924164
3167,2023-06-16,sow,Lettuce,Green Leaf,Tropicana,LT3,200,0,,3,43.18839207683708,-77.36601769924164
3168,2023-06-16,sow,Lettuce,Red Leaf,New Red Fire,LT3,200,0,,76,43.18839207683708,-77.36601769924164
3169,2023-06-16,sow,Lettuce,Romaine,DOV,LT3,200,0,,320,43.18839207683708,-77.36601769924164
3170,2023-06-16,sow,Lettuce,Salanova,Premier Collection,LT3,200,0,,1,43.18839207683708,-77.36601769924164
3171,2023-06-16,sow,Cucumbers,Slicer Cuke,Marketmore 76,CU2,50,0,,209,43.18839207683708,-77.36601769924164
3172,2023-06-16,sow,Squash,Zucchini,Golden Glory,SQ2,50,0,,337,43.18839207683708,-77.36601769924164
3173,2023-06-16,sow,Squash,Zucchini,Spineless Perfection,SQ2,40,0,,48,43.18839207683708,-77.36601769924164
3175,2023-06-17,plant,Lettuce,Salanova,Premier Collection,LT2,104,0,,1,43.18839207683708,-77.36601769924164
3176,2023-06-17,plant,Lettuce,Green Leaf,Tropicana,LT2,81,0,,3,43.18839207683708,-77.36601769924164
3177,2023-06-17,plant,Lettuce,Red Leaf,New Red Fire,LT2,75,0,,76,43.18839207683708,-77.36601769924164
3178,2023-06-19,plant,Cabbage,Green Cabbage,Capture,CA2,224,0,,269,43.18839207683708,-77.36601769924164
3179,2023-06-19,plant,Kale,Green Kale,Starbor,KA1,50,0,,214,43.18839207683708,-77.36601769924164
3180,2023-06-19,plant,Lettuce,Romaine,Bluespark,LT2,150,0,,350,43.18839207683708,-77.36601769924164
3181,2023-06-29,plant,Squash,Zucchini,Spineless Perfection,SQ2,25,0,,48,43.18839207683708,-77.36601769924164
3182,2023-06-29,plant,Cucumbers,Slicer Cuke,Marketmore 76,CU2,25,0,,209,43.18839207683708,-77.36601769924164
3183,2023-06-29,plant,Squash,Zucchini,Golden Glory,SQ2,15,0,,337,43.18839207683708,-77.36601769924164
3184,2023-06-30,harvest,Broccoli,Broccoli,Monty,BRO1,10,0,,297,43.18839207683708,-77.36601769924164
3185,2023-07-02,harvest,Broccoli,Broccoli,Monty,BRO1,30,0,,297,43.18839207683708,-77.36601769924164
3186,2023-07-02,harvest,Broccoli,Broccoli,Monty,BRO1,30,0,,297,43.18839207683708,-77.36601769924164
3187,2023-07-02,harvest,Broccoli,Broccoli,Monty,BRO1,30,0,,297,43.18839207683708,-77.36601769924164
3188,2023-07-02,harvest,Broccoli,Broccoli,Monty,BRO1,30,0,,297,43.18839207683708,-77.36601769924164
3189,2023-07-02,harvest,Broccoli,Broccoli,Monty,BRO1,30,0,,297,43.18839207683708,-77.36601769924164
3190,2023-07-02,harvest,Broccoli,Broccoli,Monty,BRO1,30,0,,297,43.18839207683708,-77.36601769924164
3191,2023-07-02,harvest,Broccoli,Broccoli,Monty,BRO1,30,0,,297,43.18839207683708,-77.36601769924164
3192,2023-07-03,harvest,Broccoli,Broccoli,Monty,BRO1,34,0,,297,43.18839207683708,-77.36601769924164
3193,2023-07-04,harvest,Broccoli,Broccoli,Monty,BRO1,28,0,,297,43.18839207683708,-77.36601769924164
3194,2023-07-06,harvest,Broccoli,Broccoli,Monty,BRO1,48,0,,297,43.18839207683708,-77.36601769924164
3195,2023-07-07,harvest,Broccoli,Broccoli,Monty,BRO1,23,0,,297,43.18839207683708,-77.36601769924164
3196,2023-07-09,harvest,Broccoli,Broccoli,Monty,BRO1,19,0,,297,43.18839207683708,-77.36601769924164
3197,2023-07-09,sow,Beans,Yellow Beans,Goldrush,BN2,750,0,,287,43.18839207683708,-77.36601769924164
3198,2023-07-09,sow,Beans,Green Beans,Provider,BN2,750,0,,70,43.18839207683708,-77.36601769924164
3199,2023-07-09,sow,Carrots,Orange Carrots,Sugarsnax 54,CAR2,750,0,,204,43.18839207683708,-77.36601769924164
3200,2023-07-10,harvest,Cabbage,Green Cabbage,Farao,CAB1,10,0,,128,43.18839207683708,-77.36601769924164
3201,2023-07-10,harvest,Lettuce,Red Leaf,New Red Fire,LTRL1,12,0,,76,43.18839207683708,-77.36601769924164
3202,2023-07-10,harvest,Lettuce,Green Leaf,Tropicana,LTG1,12,0,,3,43.18839207683708,-77.36601769924164
3203,2023-07-10,harvest,Radishes,Radishes,Sora,RA 1,100,0,10 bunches,286,43.18839207683708,-77.36601769924164
3204,2023-07-10,harvest,Squash,Zucchini,Golden Glory,SQ1,6,0,,337,43.18839207683708,-77.36601769924164
3205,2023-07-10,harvest,Squash,Zucchini,Spineless Perfection,SQ1,23,0,,48,43.18839207683708,-77.36601769924164
3206,2023-07-11,harvest,Squash,Zucchini,Spineless Perfection,SQ1,11,0,,48,43.18839207683708,-77.36601769924164
3207,2023-07-12,harvest,Squash,Zucchini,Golden Glory,SQ1,14,0,,337,43.18839207683708,-77.36601769924164
3209,2023-07-12,harvest,Squash,Zucchini,Spineless Perfection,SQ1,19,0,,48,43.18839207683708,-77.36601769924164
3211,2023-07-12,harvest,Peppers,Bell Peppers,Sprinter,PES1,5,0,,344,43.18839207683708,-77.36601769924164
3208,2023-07-13,harvest,Squash,Zucchini,Golden Glory,SQ1,12,0,,337,43.18839207683708,-77.36601769924164
3210,2023-07-13,harvest,Squash,Zucchini,Spineless Perfection,SQ1,13,0,,48,43.18839207683708,-77.36601769924164
3212,2023-07-14,harvest,Squash,Zucchini,Golden Glory,SQ1,6,0,,337,43.18839207683708,-77.36601769924164
3214,2023-07-14,harvest,Squash,Zucchini,Spineless Perfection,SQ1,7,0,,48,43.18839207683708,-77.36601769924164
3213,2023-07-15,harvest,Squash,Zucchini,Golden Glory,SQ1,12,0,,337,43.18839207683708,-77.36601769924164
3215,2023-07-15,harvest,Squash,Zucchini,Spineless Perfection,SQ1,19,0,,48,43.18839207683708,-77.36601769924164
3216,2023-07-15,harvest,Cabbage,Green Cabbage,Farao,CAB1,10,0,,128,43.18839207683708,-77.36601769924164
3217,2023-07-15,harvest,Lettuce,Romaine,DOV,LT1,15,0,,320,43.18839207683708,-77.36601769924164
3218,2023-07-15,harvest,Lettuce,Salanova,Premier Collection,LT1,16,0,,1,43.18839207683708,-77.36601769924164
3219,2023-07-16,harvest,Eggplant,Purple Eggplant,Gaudi,EGG1,7,0,,345,43.18839207683708,-77.36601769924164
3220,2023-07-16,harvest,Peppers,Bell Peppers,Sprinter,PES1,11,0,,344,43.18839207683708,-77.36601769924164
3221,2023-07-16,harvest,Squash,Zucchini,Spineless Perfection,SQ1,12,0,,48,43.18839207683708,-77.36601769924164
3222,2023-07-16,harvest,Squash,Zucchini,Golden Glory,SQ1,13,0,,337,43.18839207683708,-77.36601769924164
3223,2023-07-17,harvest,Cabbage,Green Cabbage,Farao,CAB1,4,0,,128,43.18839207683708,-77.36601769924164
3224,2023-07-17,harvest,Lettuce,Green Leaf,Tropicana,LT2,5,0,,3,43.18839207683708,-77.36601769924164
3225,2023-07-17,harvest,Lettuce,Romaine,DOV,LT1,5,0,,320,43.18839207683708,-77.36601769924164
3226,2023-07-17,harvest,Lettuce,Salanova,Premier Collection,LT1,18,0,,1,43.18839207683708,-77.36601769924164
3227,2023-07-17,harvest,Squash,Zucchini,Golden Glory,SQ1,10,0,,337,43.18839207683708,-77.36601769924164
3228,2023-07-17,harvest,Squash,Zucchini,Spineless Perfection,SQ1,8,0,,48,43.18839207683708,-77.36601769924164
3229,2023-07-18,harvest,Cauliflower,Cauliflower,Twister,CAU1,7,0,,319,43.18839207683708,-77.36601769924164
3230,2023-07-18,harvest,Cauliflower,Cauliflower,Early Snow,CAU1,7,0,,346,43.18839207683708,-77.36601769924164
3231,2023-07-18,harvest,Cucumbers,Slicer Cuke,Marketmore 76,CU1,16,0,,209,43.18839207683708,-77.36601769924164
3232,2023-07-18,harvest,Peppers,Bell Peppers,Sprinter,PES1,10,0,,344,43.18839207683708,-77.36601769924164
3233,2023-07-19,harvest,Cucumbers,Slicer Cuke,Marketmore 76,CU1,8,0,,209,43.18839207683708,-77.36601769924164
3234,2023-07-19,harvest,Squash,Zucchini,Golden Glory,SQ1,12,0,,337,43.18839207683708,-77.36601769924164
3235,2023-07-19,harvest,Squash,Zucchini,Spineless Perfection,SQ1,6,0,,48,43.18839207683708,-77.36601769924164
3236,2023-07-19,plant,Cabbage,Green Cabbage,Capture,CAB3,105,0,,269,43.18839207683708,-77.36601769924164
3237,2023-07-19,plant,Broccoli,Broccoli,Marathon,BR2,184,0,,300,43.18839207683708,-77.36601769924164
3238,2023-07-19,plant,Cauliflower,Cauliflower,Twister,CAU2,208,0,,319,43.18839207683708,-77.36601769924164
3239,2023-07-19,plant,Cauliflower,Cauliflower,Skywalker,CAU3,125,0,,114,43.18839207683708,-77.36601769924164
3240,2023-07-19,harvest,Lettuce,Salanova,Premier Collection,LT1,12,0,,1,43.18839207683708,-77.36601769924164
3241,2023-07-19,harvest,Cabbage,Green Cabbage,Farao,CAB1,5,0,,128,43.18839207683708,-77.36601769924164
3242,2023-07-19,harvest,Cauliflower,Cauliflower,Early Snow,CAU1,2,0,,346,43.18839207683708,-77.36601769924164
3243,2023-07-20,harvest,Beans,Green Beans,Provider,BN1,3,0,Quarts,70,43.18839207683708,-77.36601769924164
3244,2023-07-20,harvest,Cucumbers,Slicer Cuke,Marketmore 76,CU1,7,0,,209,43.18839207683708,-77.36601769924164
3245,2023-07-20,harvest,Squash,Zucchini,Golden Glory,SQ1,3,0,,337,43.18839207683708,-77.36601769924164
3246,2023-07-20,harvest,Squash,Zucchini,Spineless Perfection,SQ1,2,0,,48,43.18839207683708,-77.36601769924164
3247,2023-07-22,harvest,Cucumbers,Slicer Cuke,Marketmore 76,CU1,9,0,,209,43.18839207683708,-77.36601769924164
3248,2023-07-22,harvest,Squash,Zucchini,Golden Glory,SQ1,8,0,,337,43.18839207683708,-77.36601769924164
3249,2023-07-22,harvest,Squash,Zucchini,Spineless Perfection,SQ1,4,0,,48,43.18839207683708,-77.36601769924164
3250,2023-07-22,harvest,Peppers,Bell Peppers,Sprinter,PES1,18,0,,344,43.18839207683708,-77.36601769924164
3251,2023-07-22,harvest,Eggplant,Purple Eggplant,Gaudi,EGG1,11,0,,345,43.18839207683708,-77.36601769924164
3252,2023-07-22,harvest,Lettuce,Salanova,Premier Collection,LT1,12,0,,1,43.18839207683708,-77.36601769924164
3253,2023-07-22,harvest,Lettuce,Green Leaf,Tropicana,LT2,6,0,,3,43.18839207683708,-77.36601769924164
3254,2023-07-22,harvest,Cauliflower,Cauliflower,Early Snow,CAU1,7,0,,346,43.18839207683708,-77.36601769924164
3255,2023-07-22,harvest,Cabbage,Green Cabbage,Farao,CAB1,6,0,,128,43.18839207683708,-77.36601769924164
3256,2023-07-22,harvest,Lettuce,Red Leaf,New Red Fire,LT2,4,0,,76,43.18839207683708,-77.36601769924164
3261,2023-07-22,plant,Asparagus,Green Asparagus,Millenium,ASP1,180,0,,343,43.18839207683708,-77.36601769924164
3257,2023-07-23,harvest,Squash,Zucchini,Golden Glory,SQ1,5,0,,337,43.18839207683708,-77.36601769924164
3258,2023-07-23,harvest,Cucumbers,Slicer Cuke,Marketmore 76,CU1,10,0,,209,43.18839207683708,-77.36601769924164
3259,2023-07-23,harvest,Beans,Green Beans,Provider,BN1,12,0,,70,43.18839207683708,-77.36601769924164
3260,2023-07-23,harvest,Beans,Yellow Beans,Goldrush,BN1,4,0,,287,43.18839207683708,-77.36601769924164
3262,2023-07-24,harvest,Beans,Green Beans,Provider,BN1,3,0,,70,43.18839207683708,-77.36601769924164
3263,2023-07-24,harvest,Beans,Yellow Beans,Goldrush,BN1,8,0,,287,43.18839207683708,-77.36601769924164
3264,2023-07-24,harvest,Cabbage,Green Cabbage,Farao,CAB1,6,0,,128,43.18839207683708,-77.36601769924164
3265,2023-07-24,harvest,Cauliflower,Cauliflower,Early Snow,CAU1,13,0,,346,43.18839207683708,-77.36601769924164
3266,2023-07-24,harvest,Cucumbers,Slicer Cuke,Marketmore 76,CU1,12,0,,209,43.18839207683708,-77.36601769924164
3267,2023-07-24,harvest,Eggplant,Purple Eggplant,Gaudi,EGG1,7,0,,345,43.18839207683708,-77.36601769924164
3268,2023-07-24,harvest,Peppers,Bell Peppers,Sprinter,PES1,10,0,,344,43.18839207683708,-77.36601769924164
3269,2023-07-24,harvest,Potatoes,Red Potatoes,Norlands,POR1,30,30,,36,43.18839207683708,-77.36601769924164
3270,2023-07-24,harvest,Squash,Zucchini,Golden Glory,SQ1,10,0,,337,43.18839207683708,-77.36601769924164
3271,2023-07-24,harvest,Squash,Zucchini,Spineless Perfection,SQ1,21,0,,48,43.18839207683708,-77.36601769924164
3272,2023-07-25,plant,Lettuce,Green Leaf,Tropicana,LT3,116,0,,3,43.18839207683708,-77.36601769924164
3273,2023-07-25,plant,Lettuce,Red Leaf,New Red Fire,LT3,100,0,,76,43.18839207683708,-77.36601769924164
3274,2023-07-25,plant,Lettuce,Romaine,DOV,LT3,141,0,,320,43.18839207683708,-77.36601769924164
3275,2023-07-25,plant,Lettuce,Salanova,Premier Collection,LT3,105,0,,1,43.18839207683708,-77.36601769924164
3276,2023-07-25,harvest,Cucumbers,Slicer Cuke,Marketmore 76,CU1,11,0,,209,43.18839207683708,-77.36601769924164
3277,2023-07-25,harvest,Squash,Zucchini,Golden Glory,SQ1,5,0,,337,43.18839207683708,-77.36601769924164
3278,2023-07-25,harvest,Squash,Zucchini,Spineless Perfection,SQ1,6,0,,48,43.18839207683708,-77.36601769924164
3279,2023-07-26,harvest,Cucumbers,Slicer Cuke,Marketmore 76,CU1,9,0,,209,43.18839207683708,-77.36601769924164
3280,2023-07-26,harvest,Squash,Zucchini,Golden Glory,SQ1,4,0,,337,43.18839207683708,-77.36601769924164
3281,2023-07-26,harvest,Squash,Zucchini,Spineless Perfection,SQ1,6,0,,48,43.18839207683708,-77.36601769924164
3282,2023-07-26,harvest,Tomatoes,Slicer Tomatoes,Roadster,TOS1,8,8,,312,43.18839207683708,-77.36601769924164
3283,2023-07-27,harvest,Cucumbers,Slicer Cuke,Marketmore 76,CU1,13,0,,209,43.18839207683708,-77.36601769924164
3284,2023-07-27,harvest,Squash,Zucchini,Golden Glory,SQ1,4,0,,337,43.18839207683708,-77.36601769924164
3285,2023-07-27,harvest,Squash,Zucchini,Spineless Perfection,SQ1,16,0,,48,43.18839207683708,-77.36601769924164
3286,2023-07-29,harvest,Cauliflower,Cauliflower,Early Snow,CAU1,23,0,,346,43.18839207683708,-77.36601769924164
3287,2023-07-29,harvest,Cucumbers,Slicer Cuke,Marketmore 76,CU1,19,0,,209,43.18839207683708,-77.36601769924164
3288,2023-07-29,harvest,Tomatoes,Slicer Tomatoes,Mountain Fresh Plus,TOS1,8,8,,142,43.18839207683708,-77.36601769924164
3289,2023-07-29,harvest,Squash,Zucchini,Golden Glory,SQ1,12,0,,337,43.18839207683708,-77.36601769924164
3290,2023-07-29,harvest,Squash,Zucchini,Spineless Perfection,SQ1,26,0,,48,43.18839207683708,-77.36601769924164
3291,2023-07-29,harvest,Cabbage,Green Cabbage,Farao,CAB1,3,0,,128,43.18839207683708,-77.36601769924164
3292,2023-07-29,harvest,Cauliflower,Cauliflower,Early Snow,CAU1,3,0,,346,43.18839207683708,-77.36601769924164
3293,2023-07-29,harvest,Lettuce,Salanova,Premier Collection,LT1,5,0,,1,43.18839207683708,-77.36601769924164
3294,2023-07-29,harvest,Lettuce,Green Leaf,Tropicana,LT2,2,0,,3,43.18839207683708,-77.36601769924164
3295,2023-07-29,harvest,Lettuce,Red Leaf,New Red Fire,LT2,2,0,,76,43.18839207683708,-77.36601769924164
3296,2023-07-31,harvest,Cabbage,Green Cabbage,Farao,CAB1,9,0,,128,43.18839207683708,-77.36601769924164
3297,2023-07-31,harvest,Cucumbers,Slicer Cuke,Marketmore 76,CU1,31,0,,209,43.18839207683708,-77.36601769924164
3298,2023-07-31,harvest,Peppers,Bell Peppers,Revolution,PES1,16,0,,216,43.18839207683708,-77.36601769924164
3299,2023-07-31,harvest,Squash,Zucchini,Golden Glory,SQ1,8,0,,337,43.18839207683708,-77.36601769924164
3300,2023-07-31,harvest,Squash,Zucchini,Spineless Perfection,SQ1,12,0,,48,43.18839207683708,-77.36601769924164
3301,2023-07-31,harvest,Tomatoes,Slicer Tomatoes,Mountain Fresh Plus,TOS1,15,15,,142,43.18839207683708,-77.36601769924164
3302,2023-07-31,harvest,Tomatoes,Cherry Tomatoes,Esterina,TOC1,4,4,,68,43.18839207683708,-77.36601769924164
3303,2023-07-31,sow,Tomatoes,Cherry Tomatoes,Cherry Bomb,TOC1,4,0,,225,43.18839207683708,-77.36601769924164
3309,2023-08-01,sow,Lettuce,Green Leaf,Tropicana,LT4,100,0,,3,43.18839207683708,-77.36601769924164
3310,2023-08-01,sow,Lettuce,Red Leaf,New Red Fire,LT4,100,0,,76,43.18839207683708,-77.36601769924164
3312,2023-08-01,sow,Lettuce,Romaine,Bluespark,LT4,90,0,,350,43.18839207683708,-77.36601769924164
3313,2023-08-01,sow,Cucumbers,Slicer Cuke,Marketmore 76,CU3,10,0,,209,43.18839207683708,-77.36601769924164
3314,2023-08-01,sow,Squash,Zucchini,Golden Glory,SQ3,8,0,,337,43.18839207683708,-77.36601769924164
3315,2023-08-01,sow,Squash,Zucchini,Spineless Perfection,SQ3,12,0,,48,43.18839207683708,-77.36601769924164
3304,2023-08-02,harvest,Cauliflower,Cauliflower,Early Snow,CAU1,6,0,,346,43.18839207683708,-77.36601769924164
3305,2023-08-02,harvest,Cucumbers,Slicer Cuke,Marketmore 76,CU1,6,0,,209,43.18839207683708,-77.36601769924164
3306,2023-08-02,harvest,Eggplant,Purple Eggplant,Gaudi,EGG1,3,0,,345,43.18839207683708,-77.36601769924164
3307,2023-08-02,harvest,Squash,Zucchini,Golden Glory,SQ1,11,0,,337,43.18839207683708,-77.36601769924164
3308,2023-08-02,harvest,Squash,Zucchini,Spineless Perfection,SQ2,5,0,,48,43.18839207683708,-77.36601769924164
3311,2023-08-02,sow,Lettuce,Romaine,DOV,LT4,110,0,,320,43.18839207683708,-77.36601769924164
3316,2023-08-02,harvest,Peppers,Bell Peppers,Revolution,PES1,10,0,,216,43.18839207683708,-77.36601769924164
3421,2023-08-02,harvest,Potatoes,Red Potatoes,Red Maria,POR1,60,0,,349,43.18839207683708,-77.36601769924164
3317,2023-08-03,harvest,Cabbage,Green Cabbage,Farao,CAB1,3,0,,128,43.18839207683708,-77.36601769924164
3318,2023-08-03,harvest,Eggplant,Purple Eggplant,Gaudi,EGG1,3,0,,345,43.18839207683708,-77.36601769924164
3319,2023-08-03,harvest,Cucumbers,Slicer Cuke,Marketmore 76,CU1,22,0,,209,43.18839207683708,-77.36601769924164
3320,2023-08-03,harvest,Peppers,Bell Peppers,Revolution,PES1,4,0,,216,43.18839207683708,-77.36601769924164
3321,2023-08-03,harvest,Squash,Zucchini,Golden Glory,SQ1,6,0,,337,43.18839207683708,-77.36601769924164
3322,2023-08-03,harvest,Squash,Zucchini,Spineless Perfection,SQ1,4,0,,48,43.18839207683708,-77.36601769924164
3323,2023-08-03,harvest,Squash,Zucchini,Spineless Perfection,SQ2,4,0,,48,43.18839207683708,-77.36601769924164
3327,2023-08-04,harvest,Cucumbers,Slicer Cuke,Marketmore 76,CU1,7,0,,209,43.18839207683708,-77.36601769924164
3331,2023-08-04,harvest,Squash,Zucchini,Golden Glory,SQ1,8,0,,337,43.18839207683708,-77.36601769924164
3334,2023-08-04,harvest,Squash,Zucchini,Spineless Perfection,SQ1,8,0,,48,43.18839207683708,-77.36601769924164
3336,2023-08-04,harvest,Squash,Zucchini,Spineless Perfection,SQ2,4,0,,48,43.18839207683708,-77.36601769924164
3324,2023-08-05,sow,Beans,Green Beans,Provider,BN3,500,0,,70,43.18839207683708,-77.36601769924164
3325,2023-08-05,sow,Beans,Yellow Beans,Goldrush,BN3,500,0,,287,43.18839207683708,-77.36601769924164
3326,2023-08-05,harvest,Cabbage,Green Cabbage,Farao,CAB1,3,0,,128,43.18839207683708,-77.36601769924164
3328,2023-08-05,harvest,Cucumbers,Slicer Cuke,Marketmore 76,CU1,6,0,,209,43.18839207683708,-77.36601769924164
3329,2023-08-05,harvest,Eggplant,Purple Eggplant,Gaudi,EGG1,4,0,,345,43.18839207683708,-77.36601769924164
3330,2023-08-05,harvest,Peppers,Bell Peppers,Revolution,PES1,8,0,,216,43.18839207683708,-77.36601769924164
3332,2023-08-05,harvest,Squash,Zucchini,Golden Glory,SQ1,12,0,,337,43.18839207683708,-77.36601769924164
3333,2023-08-05,harvest,Squash,Zucchini,Spineless Perfection,SQ1,8,0,,48,43.18839207683708,-77.36601769924164
3335,2023-08-05,harvest,Squash,Zucchini,Spineless Perfection,SQ1,6,0,,48,43.18839207683708,-77.36601769924164
3337,2023-08-05,harvest,Squash,Zucchini,Spineless Perfection,SQ2,8,0,,48,43.18839207683708,-77.36601769924164
3338,2023-08-06,harvest,Cucumbers,Slicer Cuke,Marketmore 76,CU1,4,0,,209,43.18839207683708,-77.36601769924164
3339,2023-08-06,harvest,Squash,Zucchini,Golden Glory,SQ1,8,0,,337,43.18839207683708,-77.36601769924164
3340,2023-08-06,harvest,Squash,Zucchini,Spineless Perfection,SQ1,10,0,,48,43.18839207683708,-77.36601769924164
3341,2023-08-06,harvest,Squash,Zucchini,Spineless Perfection,SQ2,7,0,,48,43.18839207683708,-77.36601769924164
3342,2023-08-07,harvest,Cabbage,Green Cabbage,Farao,CAB1,10,0,,128,43.18839207683708,-77.36601769924164
3343,2023-08-07,harvest,Cauliflower,Cauliflower,Early Snow,CAU1,5,0,,346,43.18839207683708,-77.36601769924164
3344,2023-08-07,harvest,Cucumbers,Slicer Cuke,Marketmore 76,CU1,6,0,,209,43.18839207683708,-77.36601769924164
3345,2023-08-07,harvest,Eggplant,Purple Eggplant,Gaudi,EGG1,13,0,,345,43.18839207683708,-77.36601769924164
3346,2023-08-07,harvest,Peppers,Bell Peppers,Revolution,PES1,26,0,,216,43.18839207683708,-77.36601769924164
3347,2023-08-07,harvest,Squash,Zucchini,Golden Glory,SQ1,21,0,,337,43.18839207683708,-77.36601769924164
3348,2023-08-07,harvest,Squash,Zucchini,Spineless Perfection,SQ1,6,0,,48,43.18839207683708,-77.36601769924164
3349,2023-08-07,harvest,Squash,Zucchini,Spineless Perfection,SQ2,21,0,,48,43.18839207683708,-77.36601769924164
3350,2023-08-07,harvest,Peppers,Hot Peppers,Red Ember,PEH1,40,0,,298,43.18839207683708,-77.36601769924164
3351,2023-08-07,harvest,Peppers,Hot Peppers,Jalafuego,PEH1,40,0,,45,43.18839207683708,-77.36601769924164
3352,2023-08-07,harvest,Cabbage,Green Cabbage,Farao,CAB1,10,0,,128,43.18839207683708,-77.36601769924164
3354,2023-08-07,harvest,Cucumbers,Slicer Cuke,Marketmore 76,cU1,15,0,,209,43.18839207683708,-77.36601769924164
3355,2023-08-07,harvest,Eggplant,Purple Eggplant,Gaudi,EGG1,13,0,,345,43.18839207683708,-77.36601769924164
3356,2023-08-08,harvest,Squash,Zucchini,Spineless Perfection,SQ1,10,0,,48,43.18839207683708,-77.36601769924164
3357,2023-08-08,harvest,Squash,Zucchini,Golden Glory,SQ1,5,0,,337,43.18839207683708,-77.36601769924164
3358,2023-08-09,harvest,Cucumbers,Slicer Cuke,Marketmore 76,cU1,6,0,,209,43.18839207683708,-77.36601769924164
3359,2023-08-09,harvest,Cucumbers,Slicer Cuke,Marketmore 76,CU2,7,0,,209,43.18839207683708,-77.36601769924164
3360,2023-08-09,harvest,Squash,Zucchini,Spineless Perfection,SQ2,15,0,,48,43.18839207683708,-77.36601769924164
3361,2023-08-09,harvest,Squash,Zucchini,Golden Glory,SQ1,7,0,,337,43.18839207683708,-77.36601769924164
3422,2023-08-10,harvest,Potatoes,Russet Potatoes,Goldrush,PORU1,60,0,,305,43.18839207683708,-77.36601769924164
3362,2023-08-11,harvest,Cucumbers,Slicer Cuke,Marketmore 76,cU1,9,0,,209,43.18839207683708,-77.36601769924164
3363,2023-08-11,harvest,Cucumbers,Slicer Cuke,Marketmore 76,CU2,14,0,,209,43.18839207683708,-77.36601769924164
3364,2023-08-11,harvest,Squash,Zucchini,Golden Glory,SQ1,14,0,,337,43.18839207683708,-77.36601769924164
3365,2023-08-11,harvest,Squash,Zucchini,Spineless Perfection,SQ1,5,0,,48,43.18839207683708,-77.36601769924164
3366,2023-08-11,harvest,Squash,Zucchini,Spineless Perfection,SQ2,19,0,,48,43.18839207683708,-77.36601769924164
3353,2023-08-12,harvest,Cauliflower,Cauliflower,Early Snow,cau1,6,0,,346,43.18839207683708,-77.36601769924164
3367,2023-08-12,harvest,Cucumbers,Slicer Cuke,Marketmore 76,cU1,14,0,,209,43.18839207683708,-77.36601769924164
3368,2023-08-12,harvest,Cucumbers,Slicer Cuke,Marketmore 76,CU2,16,0,,209,43.18839207683708,-77.36601769924164
3369,2023-08-12,harvest,Eggplant,Purple Eggplant,Gaudi,EGG1,8,0,,345,43.18839207683708,-77.36601769924164
3370,2023-08-12,harvest,Peppers,Bell Peppers,Revolution,PES1,16,0,,216,43.18839207683708,-77.36601769924164
3371,2023-08-12,harvest,Squash,Zucchini,Spineless Perfection,SQ1,8,0,,48,43.18839207683708,-77.36601769924164
3372,2023-08-12,harvest,Squash,Zucchini,Spineless Perfection,SQ2,6,0,,48,43.18839207683708,-77.36601769924164
3373,2023-08-12,harvest,Squash,Zucchini,Golden Glory,SQ1,6,0,,337,43.18839207683708,-77.36601769924164
3374,2023-08-12,harvest,Squash,Zucchini,Golden Glory,SQ2,5,0,,337,43.18839207683708,-77.36601769924164
3375,2023-08-12,harvest,Kale,Green Kale,Westlandse Winter,KA1,4,0,,293,43.18839207683708,-77.36601769924164
3376,2023-08-13,harvest,Cucumbers,Slicer Cuke,Marketmore 76,CU1,6,0,,209,43.18839207683708,-77.36601769924164
3377,2023-08-13,harvest,Cucumbers,Slicer Cuke,Marketmore 76,CU2,26,0,,209,43.18839207683708,-77.36601769924164
3378,2023-08-13,harvest,Squash,Zucchini,Golden Glory,SQ1,12,0,,337,43.18839207683708,-77.36601769924164
3379,2023-08-13,harvest,Squash,Zucchini,Spineless Perfection,SQ1,10,0,,48,43.18839207683708,-77.36601769924164
3380,2023-08-13,harvest,Squash,Zucchini,Golden Glory,SQ2,8,0,,337,43.18839207683708,-77.36601769924164
3381,2023-08-13,harvest,Squash,Zucchini,Spineless Perfection,SQ2,6,0,,48,43.18839207683708,-77.36601769924164
3382,2023-08-14,harvest,Cucumbers,Slicer Cuke,Marketmore 76,CU2,26,0,,209,43.18839207683708,-77.36601769924164
3383,2023-08-14,harvest,Eggplant,Purple Eggplant,Gaudi,EGG1,8,0,,345,43.18839207683708,-77.36601769924164
3384,2023-08-14,harvest,Kale,Green Kale,Westlandse Winter,KA1,5,0,,293,43.18839207683708,-77.36601769924164
3385,2023-08-14,harvest,Peppers,Bell Peppers,Revolution,PES1,12,0,,216,43.18839207683708,-77.36601769924164
3386,2023-08-14,harvest,Squash,Zucchini,Spineless Perfection,SQ2,8,0,,48,43.18839207683708,-77.36601769924164
3387,2023-08-14,harvest,Squash,Zucchini,Golden Glory,SQ2,6,0,,337,43.18839207683708,-77.36601769924164
3388,2023-08-14,harvest,Squash,Zucchini,Golden Glory,SQ1,6,0,,337,43.18839207683708,-77.36601769924164
3389,2023-08-16,harvest,Cucumbers,Slicer Cuke,Marketmore 76,CU1,6,0,,209,43.18839207683708,-77.36601769924164
3390,2023-08-16,harvest,Cucumbers,Slicer Cuke,Marketmore 76,CU2,30,0,,209,43.18839207683708,-77.36601769924164
3391,2023-08-16,harvest,Squash,Zucchini,Golden Glory,SQ1,10,0,,337,43.18839207683708,-77.36601769924164
3392,2023-08-16,harvest,Squash,Zucchini,Golden Glory,SQ2,10,0,,337,43.18839207683708,-77.36601769924164
3393,2023-08-16,harvest,Squash,Zucchini,Spineless Perfection,SQ1,12,0,,48,43.18839207683708,-77.36601769924164
3394,2023-08-16,harvest,Squash,Zucchini,Spineless Perfection,SQ2,12,0,,48,43.18839207683708,-77.36601769924164
3395,2023-08-17,harvest,Cucumbers,Slicer Cuke,Marketmore 76,CU2,12,0,,209,43.18839207683708,-77.36601769924164
3396,2023-08-17,harvest,Squash,Zucchini,Golden Glory,SQ1,10,0,,337,43.18839207683708,-77.36601769924164
3397,2023-08-17,harvest,Squash,Zucchini,Golden Glory,SQ2,4,0,,337,43.18839207683708,-77.36601769924164
3398,2023-08-17,harvest,Squash,Zucchini,Spineless Perfection,SQ1,6,0,,48,43.18839207683708,-77.36601769924164
3399,2023-08-17,harvest,Squash,Zucchini,Spineless Perfection,SQ2,4,0,,48,43.18839207683708,-77.36601769924164
3400,2023-08-17,harvest,Peppers,Bell Peppers,Revolution,PES1,7,0,,216,43.18839207683708,-77.36601769924164
3401,2023-08-18,harvest,Peppers,Bell Peppers,Revolution,PES1,27,0,,216,43.18839207683708,-77.36601769924164
3402,2023-08-18,harvest,Eggplant,Purple Eggplant,Gaudi,EGG1,13,0,,345,43.18839207683708,-77.36601769924164
3403,2023-08-19,harvest,Cucumbers,Slicer Cuke,Marketmore 76,CU2,12,0,,209,43.18839207683708,-77.36601769924164
3404,2023-08-19,harvest,Squash,Zucchini,Golden Glory,SQ1,8,0,,337,43.18839207683708,-77.36601769924164
3405,2023-08-19,harvest,Squash,Zucchini,Spineless Perfection,SQ1,8,0,,48,43.18839207683708,-77.36601769924164
3406,2023-08-21,harvest,Cucumbers,Slicer Cuke,Marketmore 76,CU2,21,0,,209,43.18839207683708,-77.36601769924164
3407,2023-08-21,harvest,Eggplant,Purple Eggplant,Gaudi,EGG1,18,0,,345,43.18839207683708,-77.36601769924164
3408,2023-08-21,harvest,Corn,Sweet Corn,Solstice,CRN2,120,0,,334,43.18839207683708,-77.36601769924164
3409,2023-08-21,harvest,Peppers,Bell Peppers,Revolution,PES1,9,0,,216,43.18839207683708,-77.36601769924164
3410,2023-08-21,harvest,Squash,Zucchini,Golden Glory,SQ1,12,0,,337,43.18839207683708,-77.36601769924164
3411,2023-08-21,harvest,Squash,Zucchini,Spineless Perfection,SQ1,6,0,,48,43.18839207683708,-77.36601769924164
3412,2023-08-21,harvest,Squash,Zucchini,Spineless Perfection,SQ2,10,0,,48,43.18839207683708,-77.36601769924164
3413,2023-08-23,harvest,Cucumbers,Slicer Cuke,Marketmore 76,CU2,21,0,,209,43.18839207683708,-77.36601769924164
3414,2023-08-23,harvest,Squash,Zucchini,Spineless Perfection,SQ2,14,0,,48,43.18839207683708,-77.36601769924164
3415,2023-08-23,harvest,Squash,Zucchini,Golden Glory,SQ1,9,0,,337,43.18839207683708,-77.36601769924164
3416,2023-08-23,harvest,Squash,Zucchini,Golden Glory,SQ2,9,0,,337,43.18839207683708,-77.36601769924164
3417,2023-08-24,harvest,Cucumbers,Slicer Cuke,Marketmore 76,CU2,9,0,,209,43.18839207683708,-77.36601769924164
3418,2023-08-24,harvest,Squash,Zucchini,Golden Glory,SQ2,9,0,,337,43.18839207683708,-77.36601769924164
3419,2023-08-24,harvest,Squash,Zucchini,Spineless Perfection,SQ2,9,0,,48,43.18839207683708,-77.36601769924164
3420,2023-08-25,harvest,Cucumbers,Slicer Cuke,Marketmore 76,CU2,16,0,,209,43.18839207683708,-77.36601769924164
3425,2023-08-26,harvest,Corn,Sweet Corn,Solstice,CRN2,360,0,,334,43.18839207683708,-77.36601769924164
3426,2023-08-26,harvest,Eggplant,Purple Eggplant,Gaudi,EGG1,13,0,,345,43.18839207683708,-77.36601769924164
3427,2023-08-26,harvest,Peppers,Bell Peppers,Revolution,PES1,30,0,,216,43.18839207683708,-77.36601769924164
3423,2023-08-27,harvest,Peppers,Mini Peppers,Lunchbox,PEM1,1,3,,136,43.18839207683708,-77.36601769924164
3424,2023-08-27,harvest,Cucumbers,Slicer Cuke,Marketmore 76,CU2,26,0,,209,43.18839207683708,-77.36601769924164
3428,2023-08-27,harvest,Squash,Zucchini,Golden Glory,SQ1,12,0,,337,43.18839207683708,-77.36601769924164
3429,2023-08-27,harvest,Squash,Zucchini,Golden Glory,SQ2,8,0,,337,43.18839207683708,-77.36601769924164
3430,2023-08-27,harvest,Squash,Zucchini,Spineless Perfection,SQ2,13,0,,48,43.18839207683708,-77.36601769924164
3431,2023-08-28,harvest,Cucumbers,Slicer Cuke,Marketmore 76,CU2,6,0,,209,43.18839207683708,-77.36601769924164
3432,2023-08-28,harvest,Eggplant,Purple Eggplant,Gaudi,EGG1,13,0,,345,43.18839207683708,-77.36601769924164
3433,2023-08-28,harvest,Squash,Zucchini,Golden Glory,SQ1,6,0,,337,43.18839207683708,-77.36601769924164
3434,2023-08-28,harvest,Squash,Zucchini,Spineless Perfection,SQ2,9,0,,48,43.18839207683708,-77.36601769924164
3435,2023-08-30,harvest,Cucumbers,Slicer Cuke,Marketmore 76,CU2,8,0,,209,43.18839207683708,-77.36601769924164
3436,2023-08-30,harvest,Squash,Zucchini,Golden Glory,SQ1,10,0,,337,43.18839207683708,-77.36601769924164
3437,2023-08-30,harvest,Squash,Zucchini,Golden Glory,SQ1,10,0,,337,43.18839207683708,-77.36601769924164
3438,2023-08-30,harvest,Squash,Zucchini,Golden Glory,SQ2,4,0,,337,43.18839207683708,-77.36601769924164
3439,2023-08-30,harvest,Squash,Zucchini,Spineless Perfection,SQ1,6,0,,48,43.18839207683708,-77.36601769924164
3440,2023-08-30,harvest,Squash,Zucchini,Spineless Perfection,SQ2,11,0,,48,43.18839207683708,-77.36601769924164
3441,2023-08-31,harvest,Corn,Sweet Corn,Natural Sweet,CRN3,36,0,,291,43.18839207683708,-77.36601769924164
3442,2023-09-01,harvest,Corn,Sweet Corn,Natural Sweet,CRN3,180,0,,291,43.18839207683708,-77.36601769924164
3443,2023-09-01,harvest,Cucumbers,Slicer Cuke,Marketmore 76,CU2,22,0,,209,43.18839207683708,-77.36601769924164
3446,2023-09-01,harvest,Peppers,Bell Peppers,Revolution,PES1,10,0,,216,43.18839207683708,-77.36601769924164
3447,2023-09-01,harvest,Pumpkins,Pumpkins,OSC 8878,PU1,3,78,,166,43.18839207683708,-77.36601769924164
3444,2023-09-03,harvest,Squash,Zucchini,Golden Glory,SQ2,18,0,,337,43.18839207683708,-77.36601769924164
3445,2023-09-03,harvest,Squash,Zucchini,Spineless Perfection,SQ2,20,0,,48,43.18839207683708,-77.36601769924164
3448,2023-09-04,harvest,Corn,Sweet Corn,Natural Sweet,CRN3,144,0,,291,43.18839207683708,-77.36601769924164
3449,2023-09-04,harvest,Peppers,Bell Peppers,Revolution,PES1,30,0,,216,43.18839207683708,-77.36601769924164
3450,2023-09-04,harvest,Lettuce,Romaine,DOV,LT3,12,0,,320,43.18839207683708,-77.36601769924164
3451,2023-09-04,harvest,Lettuce,Salanova,Premier Collection,LT3,12,0,,1,43.18839207683708,-77.36601769924164
3452,2023-09-04,harvest,Squash,Zucchini,Spineless Perfection,SQ2,11,0,,48,43.18839207683708,-77.36601769924164
3453,2023-09-04,harvest,Squash,Zucchini,Golden Glory,SQ2,6,0,,337,43.18839207683708,-77.36601769924164
3454,2023-09-04,harvest,Lettuce,Romaine,DOV,LT3,13,0,,320,43.18839207683708,-77.36601769924164
3455,2023-09-07,harvest,Squash,Zucchini,Golden Glory,SQ2,10,0,,337,43.18839207683708,-77.36601769924164
3456,2023-09-07,harvest,Squash,Zucchini,Spineless Perfection,SQ2,14,0,,48,43.18839207683708,-77.36601769924164
3457,2023-09-09,harvest,Lettuce,Romaine,DOV,LT3,7,0,,320,43.18839207683708,-77.36601769924164
3458,2023-09-09,harvest,Carrots,Orange Carrots,Sugarsnax 54,CAR2,4,0,,204,43.18839207683708,-77.36601769924164
3459,2023-09-09,harvest,Peppers,Bell Peppers,Revolution,PES1,30,0,,216,43.18839207683708,-77.36601769924164
3460,2023-09-09,harvest,Squash,Zucchini,Golden Glory,SQ2,10,0,,337,43.18839207683708,-77.36601769924164
3461,2023-09-09,harvest,Pumpkins,Pumpkins,OSC 8878,PU1,26,0,,166,43.18839207683708,-77.36601769924164
3462,2023-09-09,harvest,Pumpkins,Ornamental,Ornamental,pu1,24,0,,341,43.18839207683708,-77.36601769924164
3463,2023-09-09,harvest,Pumpkins,Ornamental,Ornamental,PU1,29,0,stackers,341,43.18839207683708,-77.36601769924164
3464,2023-09-13,harvest,Pumpkins,Pumpkins,OSC 8878,PU1,150,0,,166,43.18839207683708,-77.36601769924164
3468,2023-09-15,harvest,Potatoes,White Potatoes,Kennebec,POW1,125,0,,37,43.18839207683708,-77.36601769924164
3465,2023-09-18,harvest,Peppers,Bell Peppers,Revolution,PES1,75,0,,216,43.18839207683708,-77.36601769924164
3466,2023-09-24,harvest,Broccoli,Broccoli,Marathon,BR2,28,0,,300,43.18839207683708,-77.36601769924164
3467,2023-09-25,harvest,Broccoli,Broccoli,Marathon,BR2,9,0,,300,43.18839207683708,-77.36601769924164
3469,2023-09-26,harvest,Broccoli,Broccoli,Marathon,BR2,19,0,,300,43.18839207683708,-77.36601769924164
3471,2023-09-27,harvest,Broccoli,Broccoli,Marathon,BR2,8,0,,300,43.18839207683708,-77.36601769924164
3470,2023-09-28,harvest,Broccoli,Broccoli,Marathon,BR2,12,0,,300,43.18839207683708,-77.36601769924164
3475,2023-09-29,harvest,Broccoli,Broccoli,Marathon,BR2,15,0,,300,43.18839207683708,-77.36601769924164
3473,2023-09-30,harvest,Broccoli,Broccoli,Marathon,BR2,22,0,,300,43.18839207683708,-77.36601769924164
3472,2023-10-01,harvest,Beans,Green Beans,Provider,BN3,24,24,,70,43.18839207683708,-77.36601769924164
3474,2023-10-01,harvest,Broccoli,Broccoli,Marathon,BR2,23,0,,300,43.18839207683708,-77.36601769924164
3477,2023-10-01,harvest,Broccoli,Broccoli,Marathon,BR2,10,0,,300,43.18839207683708,-77.36601769924164
3478,2023-10-01,harvest,Cauliflower,Cauliflower,Twister,cau3,24,0,,319,43.18839207683708,-77.36601769924164
3480,2023-10-01,harvest,Beans,Yellow Beans,Goldrush,BN3,6,6,,287,43.18839207683708,-77.36601769924164
3476,2023-10-04,harvest,Broccoli,Broccoli,Marathon,BR2,4,0,,300,43.18839207683708,-77.36601769924164
3479,2023-10-04,harvest,Cauliflower,Cauliflower,Twister,CAU3,14,0,,319,43.18839207683708,-77.36601769924164
